{"type":"FeatureCollection","name":"Western Australia","source":"geoBoundaries gbOpen AUS ADM1 simplified, 2021","sourceUrl":"https://www.geoboundaries.org/api/current/gbOpen/AUS/ADM1/","license":"CC BY 4.0","features":[{"type":"Feature","geometry":{"type":"MultiPolygon","coordinates":[[[[117.86953,-35.19108],[117.87219,-35.19159],[117.8698,-35.18879],[117.8702,-35.18544],[117.86707,-35.18429],[117.86918,-35.18616],[117.86778,-35.18855],[117.86953,-35.19108]]],[[[117.89394,-35.1853],[117.896,-35.1885],[117.89466,-35.18519],[117.89967,-35.18148],[117.89415,-35.17858],[117.88368,-35.17736],[117.87596,-35.17867],[117.87274,-35.18246],[117.87494,-35.18419],[117.88326,-35.18577],[117.89394,-35.1853]]],[[[113.10301,-25.17181],[113.10401,-25.17069],[113.10198,-25.15849],[113.10501,-25.14914],[113.11001,-25.14229],[113.11246,-25.12786],[113.11073,-25.12751],[113.11012,-25.12547],[113.11245,-25.10958],[113.11073,-25.10675],[113.11335,-25.10484],[113.11862,-25.09336],[113.12016,-25.08524],[113.11961,-25.07441],[113.1246,-25.06811],[113.12825,-25.06001],[113.12226,-25.04677],[113.11975,-25.0322],[113.11728,-25.03106],[113.12078,-25.02634],[113.12108,-25.01799],[113.12458,-25.01237],[113.12424,-25.00774],[113.12041,-25.0058],[113.11838,-24.99215],[113.11727,-24.99271],[113.1165,-25.01616],[113.11212,-25.02359],[113.11002,-25.02267],[113.10166,-25.03267],[113.10048,-25.04361],[113.09034,-25.05992],[113.09091,-25.06782],[113.08767,-25.06983],[113.0884,-25.07232],[113.08702,-25.07558],[113.09076,-25.08982],[113.09107,-25.10009],[113.09387,-25.10812],[113.09478,-25.1211],[113.09207,-25.137],[113.09243,-25.15833],[113.08738,-25.19204],[113.0801,-25.20566],[113.07755,-25.21603],[113.07255,-25.2222],[113.06931,-25.23141],[113.06897,-25.23776],[113.07336,-25.25019],[113.07606,-25.27323],[113.08156,-25.26784],[113.08281,-25.24742],[113.08883,-25.23753],[113.08812,-25.23188],[113.09055,-25.22072],[113.08774,-25.21326],[113.08963,-25.20909],[113.08865,-25.20593],[113.09141,-25.20188],[113.09113,-25.18789],[113.09601,-25.18126],[113.10284,-25.17825],[113.10423,-25.17476],[113.10301,-25.17181]]],[[[114.16957,-22.45507],[114.15068,-22.47962],[114.14701,-22.4875],[114.14761,-22.48943],[114.15188,-22.48255],[114.15895,-22.47592],[114.16162,-22.47615],[114.1666,-22.47379],[114.16906,-22.46195],[114.17089,-22.46094],[114.17235,-22.45666],[114.17127,-22.45248],[114.17287,-22.44718],[114.16875,-22.44548],[114.16957,-22.45507]]],[[[114.13596,-22.44877],[114.13669,-22.45035],[114.13864,-22.44822],[114.13792,-22.44528],[114.14011,-22.44416],[114.14183,-22.43717],[114.13805,-22.44032],[114.13596,-22.44877]]],[[[114.18495,-22.42498],[114.18884,-22.4224],[114.18692,-22.41382],[114.18159,-22.41064],[114.18061,-22.41346],[114.18327,-22.41663],[114.18191,-22.42373],[114.18495,-22.42498]]],[[[114.38693,-22.40222],[114.38718,-22.39952],[114.38427,-22.39883],[114.38233,-22.39533],[114.37723,-22.39905],[114.38693,-22.40222]]],[[[113.12614,-24.89273],[113.1306,-24.91654],[113.12405,-24.93889],[113.12541,-24.94069],[113.12356,-24.94554],[113.12431,-24.95446],[113.12134,-24.96032],[113.119,-24.98685],[113.12024,-24.98662],[113.12246,-24.97974],[113.12667,-24.9759],[113.12556,-24.97353],[113.12902,-24.97161],[113.12729,-24.96958],[113.12927,-24.96732],[113.12741,-24.96427],[113.13335,-24.95773],[113.13223,-24.95615],[113.13358,-24.9522],[113.14979,-24.93504],[113.15003,-24.92815],[113.14917,-24.92691],[113.14706,-24.92827],[113.14372,-24.92613],[113.141,-24.92116],[113.14285,-24.91676],[113.14099,-24.90311],[113.1426,-24.89792],[113.14222,-24.88764],[113.14049,-24.88652],[113.14136,-24.88189],[113.13863,-24.87794],[113.1395,-24.87456],[113.13777,-24.87106],[113.14184,-24.8635],[113.14617,-24.85921],[113.14889,-24.85142],[113.14679,-24.84939],[113.15902,-24.82761],[113.15877,-24.82411],[113.16136,-24.82106],[113.16074,-24.81564],[113.16284,-24.81248],[113.16235,-24.80876],[113.16507,-24.80447],[113.16506,-24.79657],[113.16321,-24.79533],[113.16394,-24.78506],[113.16641,-24.78178],[113.16444,-24.77942],[113.16555,-24.77445],[113.1601,-24.76587],[113.16047,-24.75515],[113.15825,-24.75425],[113.15713,-24.75459],[113.15763,-24.75685],[113.15417,-24.75742],[113.15096,-24.7713],[113.14441,-24.77965],[113.14022,-24.79127],[113.13997,-24.80888],[113.13726,-24.81678],[113.13775,-24.82174],[113.12799,-24.84409],[113.12552,-24.86],[113.12614,-24.8749],[113.12441,-24.88754],[113.12614,-24.89273]]],[[[113.64121,-24.8971],[113.63734,-24.89116],[113.63832,-24.89037],[113.64094,-24.89431],[113.64291,-24.89374],[113.64291,-24.89148],[113.64067,-24.88991],[113.63905,-24.88574],[113.64347,-24.8802],[113.64259,-24.87558],[113.6438,-24.87106],[113.6417,-24.86971],[113.62847,-24.87089],[113.62588,-24.87282],[113.62886,-24.87597],[113.62838,-24.87754],[113.61994,-24.87171],[113.62032,-24.87351],[113.63472,-24.88655],[113.63837,-24.90177],[113.63885,-24.8977],[113.64229,-24.89756],[113.64121,-24.8971]]],[[[113.64178,-24.88867],[113.64439,-24.89114],[113.64697,-24.88876],[113.64748,-24.89056],[113.6518,-24.88919],[113.65339,-24.88625],[113.64968,-24.88503],[113.64496,-24.88087],[113.64053,-24.88529],[113.64178,-24.88867]]],[[[113.62066,-24.86449],[113.61756,-24.86427],[113.61745,-24.86754],[113.6161,-24.86834],[113.62006,-24.869],[113.61918,-24.86664],[113.62265,-24.86764],[113.62869,-24.86434],[113.62535,-24.86255],[113.62066,-24.86449]]],[[[113.88465,-25.33383],[113.88391,-25.33068],[113.87994,-25.32876],[113.87683,-25.32357],[113.87919,-25.33146],[113.88465,-25.33383]]],[[[113.40821,-24.49047],[113.40944,-24.48799],[113.40772,-24.4889],[113.40821,-24.49047]]],[[[113.88689,-25.33496],[113.88838,-25.33451],[113.88577,-25.33192],[113.88689,-25.33496]]],[[[113.61991,-24.86302],[113.62052,-24.86212],[113.61804,-24.86089],[113.61991,-24.86302]]],[[[113.16035,-24.75087],[113.16072,-24.7485],[113.15948,-24.7494],[113.16035,-24.75087]]],[[[114.50356,-22.01588],[114.51408,-22.03529],[114.52897,-22.05268],[114.53127,-22.05945],[114.5337,-22.0616],[114.53684,-22.06148],[114.53842,-22.05844],[114.53708,-22.0537],[114.53878,-22.05065],[114.54495,-22.0467],[114.54556,-22.04444],[114.54229,-22.02841],[114.53708,-22.02153],[114.53515,-22.02108],[114.53232,-22.02285],[114.53454,-22.02029],[114.5395,-22.01814],[114.53866,-22.01092],[114.53381,-22.01329],[114.54083,-22.00742],[114.53636,-22.00448],[114.53321,-22.00008],[114.53067,-22.0002],[114.5278,-21.99781],[114.5187,-21.99779],[114.51036,-21.99375],[114.50613,-21.99703],[114.50332,-22.00493],[114.50065,-22.00809],[114.50077,-22.01238],[114.50356,-22.01588]]],[[[114.57073,-22.00098],[114.57569,-21.99974],[114.5825,-21.99292],[114.57922,-21.98389],[114.57014,-21.98311],[114.56615,-21.98672],[114.56882,-21.9909],[114.56939,-22.00008],[114.57073,-22.00098]]],[[[114.54072,-22.06013],[114.5481,-22.05923],[114.54556,-22.0485],[114.53975,-22.05268],[114.54072,-22.06013]]],[[[114.46083,-22.24633],[114.46374,-22.24497],[114.46144,-22.24238],[114.4519,-22.23779],[114.45331,-22.2453],[114.46083,-22.24633]]],[[[114.49142,-22.11858],[114.4886,-22.11896],[114.48464,-22.12727],[114.48427,-22.13528],[114.48682,-22.1337],[114.49021,-22.1354],[114.4873,-22.1275],[114.49142,-22.11858]]],[[[114.51529,-22.09365],[114.50838,-22.10155],[114.50669,-22.10606],[114.51153,-22.10719],[114.51262,-22.10606],[114.51165,-22.1029],[114.51383,-22.10143],[114.51529,-22.09365]]],[[[114.48911,-22.15312],[114.49024,-22.14583],[114.48596,-22.14578],[114.48269,-22.15029],[114.48911,-22.15312]]],[[[114.49752,-22.15179],[114.49626,-22.1494],[114.49432,-22.14951],[114.49383,-22.15323],[114.49686,-22.15876],[114.4988,-22.15865],[114.49953,-22.15651],[114.49752,-22.15179]]],[[[114.42286,-21.95166],[114.41753,-21.9503],[114.41778,-21.9555],[114.42093,-21.9564],[114.42491,-21.95143],[114.42286,-21.95166]]],[[[114.44624,-22.298],[114.45,-22.29688],[114.45029,-22.295],[114.44151,-22.2936],[114.44224,-22.29597],[114.44624,-22.298]]],[[[114.43181,-22.29382],[114.43363,-22.29325],[114.43242,-22.28874],[114.42951,-22.28716],[114.42781,-22.29031],[114.43181,-22.29382]]],[[[114.5645,-21.88942],[114.5645,-21.88739],[114.55808,-21.88277],[114.55736,-21.8848],[114.5645,-21.88942]]],[[[114.43224,-21.92463],[114.43454,-21.92192],[114.43285,-21.91989],[114.42934,-21.92147],[114.43224,-21.92463]]],[[[114.55148,-21.99986],[114.5533,-22.00132],[114.55415,-21.99869],[114.55297,-21.99568],[114.5497,-21.99791],[114.55148,-21.99986]]],[[[114.48953,-21.96226],[114.49243,-21.96125],[114.49268,-21.95944],[114.49062,-21.95899],[114.48893,-21.96068],[114.48953,-21.96226]]],[[[114.41785,-22.31536],[114.41579,-22.31175],[114.41396,-22.31513],[114.41785,-22.31536]]],[[[114.19885,-22.35404],[114.20274,-22.34942],[114.19763,-22.35325],[114.19885,-22.35404]]],[[[114.52111,-21.95774],[114.52329,-21.95627],[114.52111,-21.95582],[114.52111,-21.95774]]],[[[114.51613,-22.11893],[114.5148,-22.11566],[114.51432,-22.11712],[114.51613,-22.11893]]],[[[114.47129,-22.18324],[114.47238,-22.18257],[114.4708,-22.1811],[114.47007,-22.18268],[114.47129,-22.18324]]],[[[114.45388,-22.29417],[114.45473,-22.29271],[114.45279,-22.2935],[114.45388,-22.29417]]],[[[114.37864,-22.19518],[114.38062,-22.19477],[114.37878,-22.194],[114.37864,-22.19518]]],[[[114.52363,-21.92918],[114.52278,-21.92771],[114.52157,-21.92839],[114.52363,-21.92918]]],[[[115.42584,-21.52572],[115.43066,-21.52501],[115.43104,-21.52681],[115.43744,-21.52813],[115.44606,-21.51813],[115.44616,-21.51599],[115.44496,-21.516],[115.44123,-21.51839],[115.4459,-21.51362],[115.44947,-21.50637],[115.45995,-21.50381],[115.4653,-21.49339],[115.45193,-21.49596],[115.44749,-21.49938],[115.44097,-21.49976],[115.43714,-21.50385],[115.43509,-21.50318],[115.43008,-21.5118],[115.41999,-21.51841],[115.42012,-21.5201],[115.42584,-21.52572]]],[[[114.97541,-21.46173],[115.00991,-21.46353],[115.01679,-21.46519],[115.02377,-21.46088],[115.02497,-21.45827],[115.02315,-21.45625],[115.01191,-21.45234],[115.00431,-21.45079],[114.99032,-21.45095],[114.97622,-21.45473],[114.97154,-21.45937],[114.97215,-21.46107],[114.97541,-21.46173]]],[[[114.30602,-21.71163],[114.31822,-21.69945],[114.31919,-21.69629],[114.32281,-21.69392],[114.32607,-21.6867],[114.33429,-21.6779],[114.33453,-21.67519],[114.33658,-21.6735],[114.34516,-21.67181],[114.35156,-21.66662],[114.34963,-21.6638],[114.35023,-21.66018],[114.34914,-21.65951],[114.34335,-21.66188],[114.33248,-21.67384],[114.31762,-21.68557],[114.30977,-21.69854],[114.30457,-21.70384],[114.30396,-21.70757],[114.30602,-21.71163]]],[[[114.35904,-21.65093],[114.3611,-21.64958],[114.36979,-21.65184],[114.3757,-21.64473],[114.392,-21.63288],[114.39152,-21.62611],[114.38753,-21.62441],[114.38355,-21.62689],[114.37534,-21.62802],[114.36919,-21.63615],[114.36375,-21.64044],[114.35929,-21.64676],[114.35796,-21.65025],[114.35904,-21.65093]]],[[[115.47671,-21.51737],[115.47588,-21.51896],[115.48091,-21.53011],[115.49169,-21.53501],[115.49214,-21.5306],[115.48971,-21.52847],[115.49139,-21.52722],[115.49134,-21.52067],[115.49671,-21.51239],[115.49621,-21.51092],[115.48314,-21.50581],[115.4798,-21.51091],[115.47787,-21.51104],[115.47747,-21.50607],[115.47577,-21.50518],[115.47376,-21.51016],[115.47402,-21.51344],[115.47671,-21.51737]]],[[[115.21242,-21.59815],[115.21256,-21.60069],[115.22025,-21.59881],[115.23272,-21.58418],[115.23569,-21.57694],[115.24797,-21.57066],[115.24832,-21.56897],[115.24504,-21.56492],[115.2343,-21.56576],[115.23217,-21.56826],[115.22886,-21.56926],[115.22783,-21.5737],[115.22524,-21.57503],[115.22456,-21.57878],[115.2216,-21.58175],[115.22191,-21.58632],[115.21242,-21.59815]]],[[[114.68343,-21.63084],[114.68741,-21.63016],[114.6903,-21.62665],[114.69742,-21.62585],[114.69307,-21.62379],[114.68872,-21.61932],[114.68712,-21.60735],[114.68555,-21.60498],[114.66729,-21.59147],[114.665,-21.59124],[114.66391,-21.59283],[114.66645,-21.59519],[114.66961,-21.60298],[114.67638,-21.60805],[114.67965,-21.61278],[114.68545,-21.61627],[114.68775,-21.62022],[114.68813,-21.62598],[114.68222,-21.62983],[114.68343,-21.63084]]],[[[115.37603,-21.44526],[115.37627,-21.44413],[115.37458,-21.44414],[115.37041,-21.45218],[115.36548,-21.45358],[115.3619,-21.46048],[115.36265,-21.46341],[115.36615,-21.46429],[115.37323,-21.45906],[115.37751,-21.44898],[115.37603,-21.44526]]],[[[115.35557,-21.48706],[115.36147,-21.4851],[115.35584,-21.47328],[115.35605,-21.46831],[115.35152,-21.47624],[115.35107,-21.48234],[115.35279,-21.48617],[115.35557,-21.48706]]],[[[115.41273,-21.51518],[115.42331,-21.50981],[115.42774,-21.50526],[115.42833,-21.50277],[115.42446,-21.50291],[115.41738,-21.5077],[115.414,-21.50749],[115.41172,-21.5101],[115.41273,-21.51518]]],[[[114.75813,-21.52841],[114.76666,-21.53021],[114.76583,-21.52105],[114.7639,-21.5206],[114.75813,-21.52841]]],[[[115.54225,-21.38686],[115.54187,-21.39371],[115.54319,-21.394],[115.54368,-21.38982],[115.54707,-21.38713],[115.5451,-21.38094],[115.54209,-21.38191],[115.54225,-21.38686]]],[[[114.93553,-21.595],[114.93915,-21.59375],[114.93683,-21.58924],[114.93262,-21.59162],[114.93323,-21.59399],[114.93553,-21.595]]],[[[114.55036,-21.80904],[114.55554,-21.80723],[114.55084,-21.80373],[114.54818,-21.8052],[114.55036,-21.80904]]],[[[114.76662,-21.71931],[114.77024,-21.71558],[114.76889,-21.71276],[114.7654,-21.71401],[114.76516,-21.7183],[114.76662,-21.71931]]],[[[115.1639,-21.32475],[115.17197,-21.32449],[115.17015,-21.3219],[115.16557,-21.3209],[115.16316,-21.32238],[115.1639,-21.32475]]],[[[114.62181,-21.60632],[114.62531,-21.60395],[114.62023,-21.59966],[114.61891,-21.60091],[114.62181,-21.60632]]],[[[115.35201,-21.51294],[115.35776,-21.5067],[115.35641,-21.50399],[115.35102,-21.51001],[115.35201,-21.51294]]],[[[115.50382,-21.29785],[115.50599,-21.29695],[115.50438,-21.29282],[115.50197,-21.29239],[115.49993,-21.29482],[115.50382,-21.29785]]],[[[115.13192,-21.53617],[115.13361,-21.5347],[115.13251,-21.53199],[115.12768,-21.53292],[115.13192,-21.53617]]],[[[115.51353,-21.44428],[115.51815,-21.43628],[115.51756,-21.43504],[115.51367,-21.44089],[115.51353,-21.44428]]],[[[114.54207,-21.74199],[114.54424,-21.73973],[114.54146,-21.73815],[114.53952,-21.7403],[114.54207,-21.74199]]],[[[115.44572,-21.31257],[115.4504,-21.31062],[115.45135,-21.30666],[115.44572,-21.31257]]],[[[114.98429,-21.67591],[114.9861,-21.6767],[114.98561,-21.67376],[114.98174,-21.67265],[114.98429,-21.67591]]],[[[114.42039,-21.70185],[114.41809,-21.70354],[114.42015,-21.70535],[114.4216,-21.70377],[114.42039,-21.70185]]],[[[114.51004,-21.60316],[114.51112,-21.60237],[114.50834,-21.59864],[114.50762,-21.59966],[114.51004,-21.60316]]],[[[115.40365,-21.41098],[115.41158,-21.408],[115.4046,-21.40872],[115.40365,-21.41098]]],[[[115.66125,-21.31031],[115.66247,-21.30687],[115.66151,-21.30562],[115.65969,-21.30799],[115.66125,-21.31031]]],[[[115.21708,-21.51119],[115.21937,-21.51061],[115.21779,-21.50881],[115.21574,-21.5095],[115.21708,-21.51119]]],[[[115.3903,-21.55282],[115.39174,-21.55157],[115.38793,-21.54997],[115.3903,-21.55282]]],[[[115.43568,-21.42084],[115.44,-21.41765],[115.43507,-21.41926],[115.43568,-21.42084]]],[[[114.86136,-21.5819],[114.86232,-21.5802],[114.86038,-21.57942],[114.86136,-21.5819]]],[[[115.52107,-21.42817],[115.52145,-21.42625],[115.51916,-21.42726],[115.52107,-21.42817]]],[[[115.59824,-21.27607],[115.59897,-21.27314],[115.59752,-21.27393],[115.59824,-21.27607]]],[[[115.43129,-21.41454],[115.43175,-21.41205],[115.43031,-21.41296],[115.43129,-21.41454]]],[[[115.20278,-21.52165],[115.20549,-21.52061],[115.20244,-21.52045],[115.20278,-21.52165]]],[[[114.99107,-21.67973],[114.99082,-21.67758],[114.98864,-21.67612],[114.99107,-21.67973]]],[[[115.44136,-21.35778],[115.44292,-21.3572],[115.44194,-21.35551],[115.44136,-21.35778]]],[[[115.51095,-21.45465],[115.51265,-21.45319],[115.50975,-21.4542],[115.51095,-21.45465]]],[[[114.72021,-21.61305],[114.72045,-21.61192],[114.71779,-21.6117],[114.72021,-21.61305]]],[[[115.50408,-21.48013],[115.50397,-21.47878],[115.50203,-21.47979],[115.50408,-21.48013]]],[[[114.65398,-21.64676],[114.655,-21.64495],[114.653,-21.64557],[114.65398,-21.64676]]],[[[115.44321,-21.54131],[115.44579,-21.5398],[115.44429,-21.53961],[115.44321,-21.54131]]],[[[114.54861,-21.87418],[114.54934,-21.87316],[114.54731,-21.87295],[114.54861,-21.87418]]],[[[115.43204,-21.41781],[115.43264,-21.4169],[115.43133,-21.41878],[115.43204,-21.41781]]],[[[113.01245,-25.51673],[113.01373,-25.51166],[113.02213,-25.50144],[113.02166,-25.49782],[113.00162,-25.50042],[112.99181,-25.49912],[112.98487,-25.49592],[112.97735,-25.48583],[112.97068,-25.48037],[112.96344,-25.48382],[112.95652,-25.49518],[112.94813,-25.50303],[112.94648,-25.5081],[112.93998,-25.51224],[112.93972,-25.51427],[112.93647,-25.51685],[112.93456,-25.52304],[112.92944,-25.52538],[112.92817,-25.52853],[112.92979,-25.54445],[112.92747,-25.55493],[112.92877,-25.56419],[112.92722,-25.57174],[112.9236,-25.57432],[112.92392,-25.58041],[112.92113,-25.58818],[112.92353,-25.59926],[112.92386,-25.60592],[112.92246,-25.60941],[112.92479,-25.61405],[112.9298,-25.64319],[112.93328,-25.64367],[112.93699,-25.64685],[112.94251,-25.65794],[112.94699,-25.67625],[112.94909,-25.67829],[112.95077,-25.68643],[112.95558,-25.69334],[112.958,-25.70475],[112.96898,-25.71904],[112.96808,-25.72264],[112.97042,-25.72672],[112.97233,-25.73847],[112.97961,-25.74946],[112.98029,-25.75871],[112.97803,-25.76051],[112.979,-25.76412],[112.97695,-25.77314],[112.96719,-25.7785],[112.96643,-25.7803],[112.97381,-25.79377],[112.98074,-25.80081],[113.0001,-25.83161],[113.0152,-25.84873],[113.02298,-25.8604],[113.031,-25.89384],[113.03591,-25.9056],[113.0464,-25.9236],[113.0486,-25.93106],[113.05246,-25.93266],[113.06125,-25.94399],[113.10691,-25.98856],[113.13039,-26.01773],[113.13598,-26.02233],[113.15751,-26.05588],[113.16482,-26.08151],[113.16744,-26.08546],[113.17638,-26.11312],[113.18086,-26.1226],[113.1816,-26.12362],[113.18173,-26.12136],[113.18374,-26.12047],[113.19036,-26.12194],[113.20859,-26.13484],[113.21244,-26.14962],[113.2128,-26.15854],[113.21629,-26.16249],[113.2188,-26.15866],[113.21818,-26.15584],[113.22057,-26.15077],[113.22858,-26.14559],[113.22909,-26.14356],[113.2258,-26.13696],[113.22372,-26.13577],[113.22312,-26.1255],[113.2295,-26.12201],[113.23525,-26.12349],[113.23663,-26.11886],[113.23514,-26.11254],[113.23014,-26.11163],[113.22766,-26.10531],[113.23441,-26.10374],[113.23678,-26.10815],[113.23791,-26.10634],[113.23591,-26.10149],[113.23643,-26.09134],[113.23307,-26.08682],[113.22957,-26.08602],[113.22857,-26.08399],[113.23145,-26.08095],[113.23084,-26.07621],[113.22386,-26.06277],[113.21975,-26.05837],[113.22201,-26.05273],[113.21877,-26.04641],[113.21979,-26.03671],[113.21779,-26.03591],[113.21304,-26.03895],[113.21091,-26.03816],[113.20381,-26.03002],[113.20207,-26.02393],[113.20421,-26.0175],[113.2011,-26.01309],[113.20373,-26.00847],[113.20399,-26.00328],[113.19388,-26.00124],[113.19052,-25.99492],[113.18814,-25.99638],[113.18577,-25.9958],[113.16701,-25.97981],[113.16571,-25.96536],[113.16349,-25.95971],[113.16678,-25.95217],[113.16643,-25.9472],[113.16807,-25.94326],[113.16484,-25.94189],[113.16233,-25.9438],[113.15573,-25.94072],[113.15398,-25.94184],[113.15074,-25.94127],[113.15096,-25.94736],[113.14918,-25.95186],[113.15152,-25.95831],[113.15685,-25.96465],[113.15758,-25.96894],[113.15581,-25.97311],[113.15129,-25.97692],[113.14443,-25.977],[113.14257,-25.9753],[113.14068,-25.97811],[113.13669,-25.97742],[113.13168,-25.95776],[113.1324,-25.9396],[113.12832,-25.93394],[113.12651,-25.92242],[113.13342,-25.91411],[113.14243,-25.91031],[113.14306,-25.90862],[113.13995,-25.90646],[113.13886,-25.90082],[113.1485,-25.89533],[113.15261,-25.89592],[113.15537,-25.89243],[113.15602,-25.88781],[113.15317,-25.88543],[113.14717,-25.88777],[113.14056,-25.88627],[113.13162,-25.8798],[113.12836,-25.88283],[113.12114,-25.88042],[113.11183,-25.87169],[113.10974,-25.86796],[113.10967,-25.85837],[113.11447,-25.84654],[113.11362,-25.84281],[113.11575,-25.84203],[113.11477,-25.83864],[113.11167,-25.83513],[113.11133,-25.82904],[113.10736,-25.82597],[113.10605,-25.81694],[113.09998,-25.81025],[113.09694,-25.79613],[113.09724,-25.78914],[113.09154,-25.78335],[113.08892,-25.78357],[113.08458,-25.77993],[113.08373,-25.77609],[113.0768,-25.76861],[113.07683,-25.76398],[113.07276,-25.75674],[113.07506,-25.74784],[113.06959,-25.74533],[113.06787,-25.74081],[113.06828,-25.73618],[113.06443,-25.73345],[113.06372,-25.72826],[113.06548,-25.72488],[113.07112,-25.7204],[113.058,-25.706],[113.05408,-25.69548],[113.05082,-25.67922],[113.05099,-25.672],[113.04377,-25.65323],[113.04324,-25.6381],[113.03842,-25.63334],[113.03889,-25.61833],[113.03455,-25.6156],[113.02974,-25.60869],[113.02319,-25.58473],[113.02106,-25.58585],[113.01883,-25.58414],[113.01742,-25.57296],[113.00941,-25.56117],[113.00881,-25.55789],[113.01134,-25.55182],[113.00642,-25.54366],[113.0056,-25.53598],[113.00749,-25.53284],[113.00752,-25.52866],[113.01306,-25.51842],[113.01245,-25.51673]]],[[[113.91718,-25.85916],[113.91481,-25.85544],[113.91256,-25.84427],[113.91305,-25.83807],[113.9143,-25.84202],[113.91304,-25.82645],[113.91092,-25.82409],[113.90942,-25.81743],[113.90119,-25.8153],[113.89259,-25.80774],[113.88998,-25.80842],[113.88973,-25.80639],[113.88536,-25.80267],[113.88075,-25.80076],[113.87365,-25.80144],[113.8646,-25.81054],[113.86194,-25.80832],[113.85584,-25.81069],[113.85185,-25.8161],[113.85447,-25.81915],[113.85472,-25.82298],[113.85348,-25.83088],[113.8551,-25.83877],[113.85373,-25.84622],[113.86122,-25.85411],[113.86159,-25.85749],[113.86521,-25.86211],[113.87344,-25.86685],[113.87357,-25.87102],[113.86958,-25.86741],[113.86746,-25.8699],[113.86633,-25.86685],[113.86147,-25.86415],[113.85973,-25.86471],[113.85836,-25.86821],[113.87457,-25.87858],[113.88006,-25.88692],[113.90787,-25.89818],[113.91111,-25.89694],[113.91959,-25.89739],[113.92182,-25.88385],[113.91894,-25.86502],[113.91854,-25.8463],[113.91518,-25.84811],[113.91718,-25.8551],[113.91855,-25.85261],[113.91718,-25.85916]]],[[[113.68624,-28.48258],[113.6858,-28.48511],[113.69611,-28.48398],[113.69538,-28.48037],[113.69722,-28.47554],[113.6958,-28.47568],[113.69767,-28.47142],[113.6963,-28.46976],[113.69934,-28.4674],[113.70362,-28.46842],[113.70426,-28.46497],[113.70834,-28.46467],[113.70846,-28.46192],[113.70605,-28.46032],[113.70094,-28.45008],[113.70216,-28.44744],[113.70063,-28.44028],[113.69387,-28.45051],[113.68792,-28.45351],[113.68208,-28.45399],[113.687,-28.4655],[113.68488,-28.46895],[113.68624,-28.48258]]],[[[113.71966,-28.44548],[113.72142,-28.44748],[113.73016,-28.44383],[113.73791,-28.43703],[113.74352,-28.43013],[113.74467,-28.42634],[113.74175,-28.42767],[113.73931,-28.43129],[113.73613,-28.432],[113.73223,-28.42874],[113.72873,-28.42922],[113.7245,-28.42768],[113.71809,-28.43],[113.71591,-28.4338],[113.71966,-28.44548]]],[[[113.5891,-28.30221],[113.59035,-28.30468],[113.59827,-28.30798],[113.6031,-28.30074],[113.60293,-28.29718],[113.59971,-28.2961],[113.59521,-28.2893],[113.58883,-28.29608],[113.5891,-28.30221]]],[[[113.76259,-26.54398],[113.76811,-26.54667],[113.76988,-26.54904],[113.77576,-26.54541],[113.77148,-26.53888],[113.77084,-26.53505],[113.77284,-26.53166],[113.76669,-26.53202],[113.75942,-26.53519],[113.76259,-26.54398]]],[[[113.87919,-26.04093],[113.87948,-26.04299],[113.88267,-26.03629],[113.88278,-26.03223],[113.88001,-26.02841],[113.87238,-26.0229],[113.86886,-26.01682],[113.86549,-26.01773],[113.86311,-26.01458],[113.86124,-26.01605],[113.85874,-26.01482],[113.85272,-26.00908],[113.85421,-26.00716],[113.85733,-26.00693],[113.85646,-26.00637],[113.84685,-26.00763],[113.84358,-26.00268],[113.84583,-26.00121],[113.8447,-26.00054],[113.83734,-26.00213],[113.8804,-26.03021],[113.88166,-26.03505],[113.87919,-26.04093]]],[[[113.87774,-26.0557],[113.87784,-26.04843],[113.87647,-26.05007],[113.87563,-26.05943],[113.8704,-26.06429],[113.8708,-26.07117],[113.8667,-26.07806],[113.86568,-26.08284],[113.86971,-26.08065],[113.86957,-26.07749],[113.87256,-26.07556],[113.87268,-26.07207],[113.87766,-26.06811],[113.8764,-26.06462],[113.87266,-26.06699],[113.8719,-26.06429],[113.87601,-26.06112],[113.87774,-26.0557]]],[[[113.86214,-26.36847],[113.86842,-26.38412],[113.86312,-26.36226],[113.86526,-26.34872],[113.8616,-26.35866],[113.86009,-26.35765],[113.85983,-26.35449],[113.85845,-26.35495],[113.86214,-26.36847]]],[[[113.33825,-26.31583],[113.33925,-26.31245],[113.33692,-26.30969],[113.33199,-26.31684],[113.3395,-26.3235],[113.34,-26.31922],[113.33825,-26.31583]]],[[[113.70579,-26.09445],[113.70702,-26.08509],[113.71163,-26.07719],[113.71724,-26.07199],[113.72109,-26.0633],[113.71696,-26.05767],[113.71922,-26.06229],[113.71736,-26.06973],[113.71001,-26.07719],[113.7064,-26.08374],[113.70453,-26.08938],[113.70579,-26.09445]]],[[[113.70423,-26.12006],[113.70498,-26.12355],[113.70621,-26.11238],[113.70533,-26.11115],[113.7045,-26.11466],[113.70543,-26.10009],[113.70342,-26.09489],[113.7022,-26.10777],[113.70423,-26.12006]]],[[[114.03111,-25.65122],[114.03139,-25.64705],[114.02756,-25.64207],[114.02568,-25.64364],[114.02397,-25.6381],[114.02307,-25.64362],[114.03111,-25.65122]]],[[[113.85935,-28.69165],[113.86345,-28.691],[113.86959,-28.68597],[113.86506,-28.6887],[113.86031,-28.6893],[113.85977,-28.68609],[113.85855,-28.68799],[113.85935,-28.69165]]],[[[113.70715,-26.13979],[113.70715,-26.14216],[113.70927,-26.14024],[113.70626,-26.13438],[113.70453,-26.12544],[113.7045,-26.13314],[113.70715,-26.13979]]],[[[113.50809,-26.40003],[113.51327,-26.39582],[113.51214,-26.39379],[113.50738,-26.39458],[113.50809,-26.40003]]],[[[114.0639,-25.68553],[114.06366,-25.68384],[114.06018,-25.6827],[114.05945,-25.68055],[114.0567,-25.6802],[114.05498,-25.67681],[114.05386,-25.67703],[114.05434,-25.67997],[114.06166,-25.68541],[114.0639,-25.68553]]],[[[113.89582,-25.95469],[113.90157,-25.95739],[113.89408,-25.95232],[113.88721,-25.95188],[113.89582,-25.95469]]],[[[113.6476,-26.5185],[113.65199,-26.51838],[113.65122,-26.51285],[113.64834,-26.51274],[113.64935,-26.51579],[113.6476,-26.5185]]],[[[114.02582,-25.66191],[114.02857,-25.66068],[114.02337,-25.65603],[114.02236,-25.65772],[114.02582,-25.66191]]],[[[113.77304,-28.47868],[113.7744,-28.47816],[113.77464,-28.47535],[113.77296,-28.46383],[113.77304,-28.47868]]],[[[113.71517,-26.04064],[113.71804,-26.03849],[113.71836,-26.02993],[113.71729,-26.03635],[113.71604,-26.03895],[113.71442,-26.03917],[113.71517,-26.04064]]],[[[113.85686,-25.86719],[113.85611,-25.86381],[113.85276,-25.86106],[113.85262,-25.86437],[113.85686,-25.86719]]],[[[113.88126,-26.45287],[113.88326,-26.45185],[113.88075,-26.45073],[113.88048,-26.44453],[113.8795,-26.44983],[113.88126,-26.45287]]],[[[113.70602,-26.08126],[113.70913,-26.07663],[113.70725,-26.0737],[113.70602,-26.08126]]],[[[113.88052,-26.45642],[113.87698,-26.44781],[113.87738,-26.45378],[113.88052,-26.45642]]],[[[113.50476,-26.41421],[113.50639,-26.41274],[113.50488,-26.41003],[113.503,-26.40992],[113.50476,-26.41421]]],[[[113.83207,-28.68693],[113.83478,-28.68399],[113.83321,-28.68227],[113.83358,-28.6794],[113.83137,-28.67965],[113.83349,-28.68503],[113.83207,-28.68693]]],[[[114.23078,-26.16091],[114.2342,-26.15756],[114.22981,-26.15887],[114.23078,-26.16091]]],[[[113.83069,-28.67598],[113.83235,-28.67384],[113.82942,-28.67031],[113.82945,-28.67518],[113.83069,-28.67598]]],[[[113.71538,-28.45897],[113.71821,-28.45288],[113.71434,-28.45737],[113.71538,-28.45897]]],[[[113.87672,-26.44646],[113.87946,-26.44194],[113.87671,-26.44375],[113.87672,-26.44646]]],[[[113.91568,-25.84619],[113.91804,-25.84472],[113.91692,-25.84201],[113.9148,-25.84495],[113.91568,-25.84619]]],[[[113.64781,-26.55605],[113.64856,-26.55244],[113.64505,-26.55403],[113.64781,-26.55605]]],[[[114.06962,-25.68725],[114.07,-25.68612],[114.06628,-25.68363],[114.06676,-25.68566],[114.06962,-25.68725]]],[[[113.87652,-28.67325],[113.87821,-28.67238],[113.87669,-28.66935],[113.87652,-28.67325]]],[[[113.37863,-26.20428],[113.37838,-26.20192],[113.37675,-26.20124],[113.37575,-26.20282],[113.37863,-26.20428]]],[[[114.07147,-25.69042],[114.0716,-25.68929],[114.0675,-25.68803],[114.06836,-25.68995],[114.07147,-25.69042]]],[[[113.7241,-26.20051],[113.72491,-26.19682],[113.72378,-26.19592],[113.7241,-26.20051]]],[[[113.7134,-28.46356],[113.7152,-28.46075],[113.713,-28.46207],[113.7134,-28.46356]]],[[[113.71533,-26.05654],[113.71433,-26.05406],[113.71233,-26.05384],[113.71533,-26.05654]]],[[[113.50864,-26.23069],[113.50977,-26.23001],[113.50764,-26.22764],[113.50676,-26.22843],[113.50864,-26.23069]]],[[[113.87563,-28.66637],[113.87699,-28.66585],[113.87729,-28.66206],[113.87563,-28.66637]]],[[[113.86755,-25.80448],[113.87054,-25.80313],[113.86829,-25.80268],[113.86755,-25.80448]]],[[[113.7675,-28.49763],[113.76716,-28.4947],[113.76587,-28.49654],[113.7675,-28.49763]]],[[[113.69268,-26.53398],[113.69042,-26.53207],[113.68954,-26.53365],[113.69268,-26.53398]]],[[[113.8528,-28.67563],[113.85389,-28.67316],[113.85117,-28.6742],[113.8528,-28.67563]]],[[[113.86902,-25.98583],[113.86778,-25.98685],[113.86865,-25.98899],[113.86902,-25.98583]]],[[[113.82934,-28.66859],[113.82705,-28.66659],[113.82745,-28.66837],[113.82934,-28.66859]]],[[[113.88362,-28.63077],[113.8842,-28.62956],[113.88218,-28.6298],[113.88362,-28.63077]]],[[[113.86162,-28.66972],[113.86348,-28.66891],[113.86283,-28.66799],[113.86162,-28.66972]]],[[[113.66639,-26.61388],[113.66739,-26.61286],[113.66563,-26.61253],[113.66639,-26.61388]]],[[[113.58985,-26.49004],[113.59035,-26.48846],[113.5891,-26.48903],[113.58985,-26.49004]]],[[[113.63254,-26.57536],[113.63396,-26.57494],[113.63116,-26.57458],[113.63254,-26.57536]]],[[[113.41469,-26.09161],[113.41557,-26.09082],[113.41394,-26.08992],[113.41469,-26.09161]]],[[[113.73157,-28.47805],[113.7304,-28.47789],[113.73087,-28.47926],[113.73157,-28.47805]]],[[[114.03308,-25.65506],[114.03433,-25.65439],[114.03334,-25.65337],[114.03308,-25.65506]]],[[[113.9067,-25.95877],[113.90656,-25.9575],[113.90481,-25.95739],[113.9067,-25.95877]]],[[[113.70752,-28.46874],[113.70829,-28.46788],[113.70687,-28.46794],[113.70752,-28.46874]]],[[[113.39533,-26.05788],[113.39658,-26.05703],[113.39508,-26.05686],[113.39533,-26.05788]]],[[[115.32155,-20.80826],[115.32312,-20.80956],[115.32082,-20.81231],[115.32084,-20.81684],[115.31221,-20.83378],[115.30909,-20.84349],[115.30683,-20.86043],[115.30779,-20.86868],[115.31537,-20.8725],[115.32031,-20.88051],[115.32187,-20.88514],[115.32104,-20.89157],[115.32572,-20.89067],[115.32945,-20.88728],[115.33376,-20.8761],[115.32931,-20.87599],[115.32595,-20.87825],[115.32066,-20.87814],[115.32006,-20.876],[115.32174,-20.87374],[115.32919,-20.87283],[115.33279,-20.86774],[115.34768,-20.8648],[115.35694,-20.86693],[115.36884,-20.87347],[115.3715,-20.88035],[115.3703,-20.88724],[115.37403,-20.89051],[115.37428,-20.8948],[115.37968,-20.89129],[115.381,-20.88824],[115.39494,-20.88642],[115.39674,-20.88404],[115.39733,-20.87851],[115.40273,-20.87455],[115.40682,-20.87556],[115.40669,-20.87037],[115.40873,-20.86698],[115.41365,-20.86607],[115.41642,-20.86708],[115.42074,-20.86369],[115.42301,-20.8585],[115.42036,-20.85692],[115.41975,-20.85037],[115.42118,-20.8445],[115.42537,-20.83704],[115.43149,-20.83308],[115.43923,-20.83243],[115.44231,-20.83408],[115.4435,-20.83069],[115.44746,-20.82888],[115.44673,-20.8238],[115.44936,-20.8151],[115.44779,-20.81447],[115.45019,-20.8133],[115.4521,-20.80731],[115.44958,-20.80562],[115.44759,-20.80219],[115.45042,-20.80551],[115.45354,-20.80561],[115.4588,-20.79183],[115.46131,-20.78931],[115.46372,-20.78956],[115.46467,-20.78358],[115.47066,-20.77759],[115.47101,-20.77442],[115.46897,-20.77431],[115.46765,-20.77206],[115.4692,-20.76698],[115.47267,-20.76505],[115.47592,-20.76606],[115.47591,-20.76346],[115.47164,-20.7579],[115.47539,-20.74471],[115.47235,-20.7451],[115.47299,-20.74326],[115.47094,-20.74134],[115.47213,-20.73761],[115.47693,-20.73511],[115.47693,-20.73353],[115.47463,-20.72552],[115.47023,-20.72431],[115.46741,-20.71966],[115.4674,-20.71537],[115.47022,-20.71283],[115.46935,-20.71165],[115.46715,-20.71338],[115.46163,-20.70771],[115.46174,-20.70319],[115.46473,-20.70127],[115.4652,-20.69698],[115.4604,-20.69619],[115.45956,-20.69461],[115.46412,-20.69393],[115.45835,-20.69236],[115.45895,-20.68874],[115.46122,-20.68705],[115.46314,-20.68806],[115.46517,-20.68286],[115.46877,-20.68173],[115.46869,-20.68022],[115.46084,-20.6744],[115.44342,-20.66856],[115.44078,-20.66608],[115.43562,-20.66564],[115.43106,-20.66836],[115.42508,-20.67785],[115.41933,-20.68181],[115.41132,-20.70001],[115.4064,-20.70272],[115.40557,-20.70555],[115.40269,-20.706],[115.40065,-20.71007],[115.39777,-20.71165],[115.38963,-20.72859],[115.38097,-20.74098],[115.37466,-20.74713],[115.36661,-20.75169],[115.35966,-20.75325],[115.35475,-20.75833],[115.35235,-20.76375],[115.3532,-20.76894],[115.35185,-20.77237],[115.34673,-20.77572],[115.34517,-20.78205],[115.33857,-20.78657],[115.33686,-20.79191],[115.32718,-20.79934],[115.32682,-20.80148],[115.3237,-20.80397],[115.32605,-20.80485],[115.32563,-20.806],[115.32155,-20.80826]]],[[[116.82409,-20.4979],[116.82412,-20.50336],[116.82021,-20.50417],[116.81784,-20.50682],[116.8197,-20.5087],[116.81857,-20.51218],[116.82,-20.51292],[116.81563,-20.51612],[116.81627,-20.51747],[116.82046,-20.51694],[116.82224,-20.52],[116.82573,-20.51662],[116.83033,-20.51557],[116.8329,-20.51614],[116.83341,-20.51929],[116.83644,-20.51926],[116.84013,-20.5163],[116.85198,-20.51325],[116.85577,-20.51089],[116.85752,-20.51117],[116.85971,-20.51624],[116.86468,-20.51792],[116.87049,-20.51163],[116.87366,-20.51091],[116.87617,-20.50523],[116.87829,-20.50434],[116.87783,-20.50056],[116.88636,-20.48052],[116.87723,-20.48497],[116.87603,-20.48783],[116.86612,-20.49507],[116.86415,-20.4933],[116.86391,-20.49017],[116.85997,-20.4907],[116.86688,-20.48243],[116.86974,-20.48152],[116.87044,-20.46572],[116.86419,-20.46886],[116.86157,-20.46448],[116.86175,-20.46097],[116.8638,-20.45702],[116.86514,-20.45657],[116.86823,-20.45905],[116.87313,-20.45656],[116.87343,-20.45214],[116.87696,-20.44406],[116.88325,-20.43944],[116.88435,-20.43436],[116.88073,-20.43161],[116.88571,-20.42362],[116.8825,-20.42378],[116.87646,-20.43242],[116.86939,-20.43895],[116.86779,-20.43952],[116.86793,-20.43745],[116.86419,-20.43899],[116.8617,-20.44056],[116.86142,-20.44364],[116.85908,-20.44275],[116.85463,-20.44711],[116.85504,-20.44409],[116.85277,-20.44583],[116.85126,-20.4529],[116.84812,-20.45622],[116.84701,-20.46103],[116.83951,-20.46726],[116.83244,-20.48608],[116.82596,-20.49298],[116.82564,-20.49688],[116.82409,-20.4979]]],[[[116.54993,-20.60475],[116.55134,-20.59943],[116.55494,-20.59829],[116.55336,-20.59389],[116.55407,-20.59186],[116.55502,-20.59005],[116.55945,-20.58868],[116.55911,-20.58651],[116.5676,-20.58819],[116.57296,-20.59416],[116.57591,-20.5947],[116.57385,-20.59053],[116.57419,-20.58624],[116.5761,-20.58488],[116.5803,-20.58554],[116.58509,-20.58382],[116.58411,-20.57943],[116.58613,-20.57553],[116.5781,-20.57685],[116.57357,-20.58308],[116.57129,-20.58151],[116.57258,-20.57688],[116.56622,-20.576],[116.56288,-20.57974],[116.55905,-20.58077],[116.55847,-20.58439],[116.55547,-20.58542],[116.55005,-20.5807],[116.5504,-20.57855],[116.55446,-20.57526],[116.5524,-20.57041],[116.55407,-20.56883],[116.55227,-20.56838],[116.54702,-20.5727],[116.54246,-20.57294],[116.54211,-20.57475],[116.54513,-20.57846],[116.53677,-20.58617],[116.53713,-20.58775],[116.53498,-20.58923],[116.53524,-20.59239],[116.53261,-20.59556],[116.53311,-20.59815],[116.52376,-20.60113],[116.5162,-20.5989],[116.5127,-20.59462],[116.51531,-20.58818],[116.51288,-20.58265],[116.50821,-20.58335],[116.50738,-20.58618],[116.50355,-20.58811],[116.49983,-20.58745],[116.4997,-20.58575],[116.49133,-20.5894],[116.4876,-20.5884],[116.48832,-20.58681],[116.48591,-20.58513],[116.48163,-20.58902],[116.4804,-20.58729],[116.47753,-20.58798],[116.4778,-20.59487],[116.47218,-20.60042],[116.46524,-20.60304],[116.46525,-20.60638],[116.46323,-20.6096],[116.46709,-20.61523],[116.47262,-20.61535],[116.47667,-20.61169],[116.48546,-20.61843],[116.4918,-20.61559],[116.49817,-20.61793],[116.50143,-20.62153],[116.50586,-20.62016],[116.51019,-20.62218],[116.51845,-20.61853],[116.52122,-20.62078],[116.53007,-20.61544],[116.53045,-20.61939],[116.5362,-20.61778],[116.53645,-20.62049],[116.53897,-20.62071],[116.54305,-20.61956],[116.54424,-20.61764],[116.54893,-20.62168],[116.55337,-20.62031],[116.56087,-20.60933],[116.56075,-20.60293],[116.55736,-20.60313],[116.55402,-20.60597],[116.54993,-20.60475]]],[[[116.59667,-20.68888],[116.5935,-20.68456],[116.59199,-20.68958],[116.5897,-20.68688],[116.58923,-20.6897],[116.58335,-20.68962],[116.57827,-20.69297],[116.57669,-20.7024],[116.57323,-20.70614],[116.57372,-20.70829],[116.58262,-20.71051],[116.58469,-20.71659],[116.59075,-20.71719],[116.58567,-20.71986],[116.5767,-20.72792],[116.5748,-20.73109],[116.57779,-20.73331],[116.58177,-20.73185],[116.58669,-20.73273],[116.59293,-20.73146],[116.60192,-20.72837],[116.61087,-20.71828],[116.61961,-20.7152],[116.63706,-20.70022],[116.64766,-20.68594],[116.648,-20.68233],[116.63968,-20.67491],[116.6368,-20.6747],[116.63537,-20.67651],[116.63153,-20.67732],[116.62839,-20.6836],[116.62339,-20.68335],[116.61934,-20.68618],[116.6119,-20.68443],[116.60651,-20.68539],[116.60416,-20.6905],[116.60545,-20.69279],[116.6045,-20.69506],[116.60139,-20.69597],[116.59292,-20.70594],[116.59381,-20.69375],[116.59667,-20.68888]]],[[[116.61139,-20.59336],[116.60273,-20.5963],[116.60159,-20.59904],[116.5971,-20.60098],[116.59592,-20.60643],[116.60541,-20.60364],[116.59965,-20.60939],[116.60011,-20.61221],[116.60503,-20.61286],[116.61302,-20.61091],[116.6145,-20.6104],[116.61327,-20.60856],[116.61544,-20.60807],[116.62642,-20.61251],[116.62781,-20.61027],[116.6338,-20.609],[116.63679,-20.60628],[116.64129,-20.59711],[116.64532,-20.58324],[116.64994,-20.57976],[116.65092,-20.57724],[116.65352,-20.5767],[116.65794,-20.57208],[116.65915,-20.57264],[116.66107,-20.56957],[116.66956,-20.5652],[116.66906,-20.56135],[116.66785,-20.55966],[116.6651,-20.55962],[116.66482,-20.55792],[116.67038,-20.55311],[116.67283,-20.55699],[116.67527,-20.55605],[116.67481,-20.54717],[116.67008,-20.54504],[116.66526,-20.55073],[116.65861,-20.553],[116.65605,-20.55799],[116.65668,-20.56088],[116.64841,-20.56659],[116.64707,-20.56004],[116.64307,-20.55964],[116.64312,-20.56279],[116.63963,-20.5643],[116.63926,-20.56743],[116.63701,-20.56385],[116.63393,-20.56828],[116.63098,-20.56988],[116.63087,-20.57154],[116.62657,-20.57335],[116.62425,-20.57235],[116.6184,-20.58206],[116.61362,-20.58256],[116.61328,-20.59133],[116.61139,-20.59336]]],[[[116.92181,-20.41031],[116.9299,-20.41838],[116.93252,-20.41735],[116.94261,-20.42045],[116.94631,-20.41839],[116.94836,-20.41996],[116.95291,-20.42004],[116.94833,-20.41623],[116.94366,-20.41604],[116.94076,-20.41323],[116.92178,-20.40596],[116.90218,-20.39564],[116.89435,-20.38948],[116.88581,-20.3858],[116.8781,-20.37874],[116.86223,-20.37183],[116.85129,-20.36523],[116.83949,-20.35492],[116.8402,-20.35268],[116.83909,-20.35146],[116.83421,-20.35181],[116.83182,-20.35406],[116.83304,-20.35857],[116.83086,-20.36011],[116.83657,-20.36656],[116.83981,-20.36654],[116.84245,-20.36856],[116.84417,-20.37374],[116.84935,-20.37879],[116.87326,-20.38859],[116.88097,-20.3952],[116.89009,-20.39786],[116.89479,-20.4011],[116.90066,-20.40163],[116.9056,-20.40533],[116.91677,-20.40686],[116.92181,-20.41031]]],[[[117.71138,-20.64297],[117.72133,-20.65136],[117.73418,-20.6537],[117.73883,-20.64476],[117.74159,-20.64385],[117.74302,-20.64012],[117.74073,-20.63674],[117.74442,-20.62747],[117.73397,-20.62659],[117.73155,-20.61722],[117.72938,-20.61441],[117.72662,-20.6134],[117.72288,-20.60923],[117.71832,-20.60766],[117.7164,-20.60823],[117.71416,-20.61202],[117.71403,-20.61636],[117.71128,-20.62111],[117.71138,-20.64297]]],[[[116.61008,-20.45511],[116.60923,-20.45387],[116.60493,-20.45728],[116.60361,-20.45571],[116.60002,-20.45651],[116.59656,-20.46014],[116.59321,-20.46128],[116.58524,-20.47261],[116.58275,-20.47872],[116.57607,-20.48326],[116.56607,-20.48573],[116.5809,-20.49137],[116.58645,-20.50131],[116.60237,-20.49331],[116.60607,-20.49024],[116.6065,-20.48053],[116.60888,-20.47725],[116.61391,-20.47655],[116.6144,-20.47914],[116.61656,-20.48003],[116.61916,-20.47381],[116.61364,-20.47102],[116.61421,-20.46695],[116.61039,-20.46956],[116.60606,-20.46608],[116.60569,-20.46371],[116.60759,-20.46066],[116.6065,-20.45852],[116.61008,-20.45511]]],[[[115.52107,-20.4891],[115.5202,-20.50547],[115.52116,-20.50603],[115.5238,-20.50254],[115.52393,-20.49757],[115.52585,-20.49543],[115.52502,-20.49329],[115.52885,-20.49397],[115.53052,-20.49747],[115.52848,-20.50142],[115.53219,-20.50493],[115.53124,-20.50007],[115.53592,-20.49274],[115.53484,-20.49218],[115.53364,-20.49488],[115.53196,-20.49488],[115.53029,-20.4907],[115.53233,-20.48991],[115.53652,-20.49139],[115.53222,-20.48608],[115.53462,-20.48179],[115.53786,-20.48033],[115.53834,-20.47717],[115.54158,-20.47379],[115.53811,-20.47615],[115.5363,-20.47976],[115.52695,-20.48573],[115.52395,-20.48572],[115.52144,-20.48335],[115.52216,-20.48211],[115.52491,-20.48347],[115.52768,-20.4767],[115.52589,-20.47275],[115.52913,-20.4705],[115.52697,-20.47072],[115.5265,-20.46801],[115.52817,-20.46609],[115.5265,-20.46394],[115.52903,-20.45864],[115.52436,-20.45423],[115.52736,-20.45345],[115.53166,-20.45752],[115.53227,-20.45673],[115.52951,-20.45436],[115.53179,-20.45244],[115.53126,-20.4512],[115.53323,-20.4512],[115.53036,-20.44838],[115.52581,-20.44713],[115.52929,-20.44612],[115.53815,-20.4494],[115.53894,-20.46104],[115.53166,-20.46452],[115.53057,-20.46643],[115.52912,-20.47501],[115.53151,-20.48077],[115.53104,-20.47388],[115.53224,-20.47174],[115.53488,-20.47039],[115.53919,-20.47096],[115.53812,-20.46842],[115.53571,-20.46836],[115.53357,-20.46531],[115.53753,-20.46396],[115.54064,-20.46762],[115.54244,-20.46205],[115.54507,-20.46082],[115.54338,-20.45619],[115.54581,-20.45461],[115.54306,-20.44806],[115.54102,-20.44715],[115.54379,-20.44343],[115.54187,-20.4432],[115.53767,-20.44737],[115.53395,-20.44556],[115.53647,-20.44556],[115.53444,-20.44319],[115.53397,-20.43732],[115.53565,-20.43552],[115.5378,-20.43744],[115.53948,-20.43349],[115.53745,-20.43146],[115.53914,-20.42446],[115.53783,-20.42209],[115.53542,-20.43315],[115.53254,-20.43246],[115.53157,-20.43063],[115.53278,-20.42987],[115.53183,-20.42772],[115.53566,-20.42649],[115.53543,-20.42468],[115.5322,-20.42253],[115.53323,-20.41362],[115.53113,-20.417],[115.53219,-20.42603],[115.52643,-20.43212],[115.5245,-20.43776],[115.52558,-20.44148],[115.52654,-20.43652],[115.52954,-20.43686],[115.53061,-20.44093],[115.52893,-20.44171],[115.52773,-20.44047],[115.52521,-20.44442],[115.51791,-20.44057],[115.51719,-20.44147],[115.52085,-20.44589],[115.51933,-20.44789],[115.51921,-20.454],[115.5168,-20.45659],[115.51993,-20.45502],[115.52196,-20.45762],[115.51776,-20.45844],[115.52136,-20.46089],[115.52135,-20.46687],[115.51859,-20.46991],[115.5158,-20.48526],[115.52107,-20.4891]]],[[[116.65805,-20.59375],[116.65789,-20.59215],[116.64857,-20.59822],[116.64513,-20.61383],[116.64113,-20.6203],[116.64189,-20.62353],[116.63559,-20.62881],[116.63516,-20.63194],[116.63843,-20.63069],[116.64135,-20.63184],[116.64677,-20.62893],[116.65074,-20.62508],[116.64839,-20.6227],[116.64994,-20.62123],[116.65567,-20.62251],[116.65602,-20.62579],[116.65907,-20.62523],[116.66442,-20.62925],[116.66702,-20.62825],[116.66886,-20.62246],[116.66706,-20.61882],[116.66996,-20.61783],[116.67243,-20.61446],[116.67415,-20.60961],[116.6736,-20.6054],[116.67711,-20.59944],[116.67687,-20.59753],[116.67567,-20.59844],[116.67442,-20.59634],[116.67081,-20.5981],[116.66954,-20.59645],[116.67382,-20.59066],[116.67807,-20.58849],[116.68054,-20.58315],[116.67731,-20.58766],[116.67265,-20.58997],[116.66818,-20.59665],[116.66468,-20.59569],[116.66361,-20.59703],[116.65805,-20.59375]]],[[[116.78659,-20.5111],[116.78691,-20.51386],[116.79086,-20.51396],[116.79379,-20.51863],[116.79573,-20.51956],[116.79821,-20.51859],[116.80515,-20.50713],[116.80923,-20.50382],[116.81099,-20.49999],[116.81039,-20.4945],[116.81524,-20.49076],[116.81497,-20.48925],[116.81935,-20.48449],[116.82744,-20.46568],[116.81869,-20.46736],[116.81111,-20.47379],[116.80575,-20.47297],[116.8026,-20.47463],[116.80533,-20.4767],[116.80414,-20.48221],[116.79732,-20.48575],[116.79484,-20.4902],[116.79611,-20.4935],[116.79274,-20.49341],[116.79072,-20.49758],[116.79156,-20.49957],[116.79346,-20.49959],[116.79356,-20.50199],[116.79059,-20.5049],[116.78926,-20.50341],[116.78715,-20.50427],[116.7854,-20.50739],[116.78659,-20.5111]]],[[[116.81131,-20.44725],[116.80711,-20.44979],[116.80885,-20.45057],[116.80728,-20.45315],[116.80233,-20.44914],[116.79864,-20.45121],[116.79913,-20.45383],[116.80229,-20.45369],[116.80257,-20.4573],[116.7981,-20.4657],[116.79791,-20.47301],[116.80469,-20.47242],[116.80683,-20.46981],[116.80923,-20.47048],[116.82509,-20.45831],[116.82912,-20.45128],[116.8286,-20.45027],[116.82289,-20.45211],[116.82874,-20.44925],[116.83027,-20.44518],[116.83433,-20.44245],[116.83719,-20.43592],[116.83403,-20.43353],[116.83819,-20.42933],[116.83877,-20.42628],[116.83526,-20.42336],[116.82946,-20.42667],[116.82283,-20.43218],[116.8197,-20.43688],[116.81646,-20.44827],[116.81178,-20.45066],[116.81131,-20.44725]]],[[[115.55811,-20.39187],[115.56326,-20.39752],[115.57055,-20.40194],[115.5709,-20.4121],[115.57401,-20.41695],[115.57724,-20.41967],[115.58298,-20.42035],[115.57904,-20.41459],[115.57917,-20.40929],[115.58109,-20.40523],[115.58289,-20.40331],[115.58552,-20.40343],[115.58301,-20.39947],[115.56937,-20.39584],[115.5641,-20.38951],[115.56375,-20.38748],[115.56627,-20.38568],[115.56363,-20.385],[115.55993,-20.37799],[115.54999,-20.37775],[115.54603,-20.38147],[115.54843,-20.38452],[115.55238,-20.3843],[115.54974,-20.38678],[115.55811,-20.39187]]],[[[117.06832,-20.62575],[117.07228,-20.62305],[117.08104,-20.62577],[117.08945,-20.61629],[117.08586,-20.61346],[117.07997,-20.61696],[117.07253,-20.61627],[117.07037,-20.61932],[117.06449,-20.62044],[117.04287,-20.63193],[117.03915,-20.63215],[117.03747,-20.63407],[117.03785,-20.63597],[117.04082,-20.63825],[117.04503,-20.63374],[117.04719,-20.63397],[117.04814,-20.63838],[117.0461,-20.64142],[117.04994,-20.63894],[117.05642,-20.63782],[117.05833,-20.63878],[117.06471,-20.63117],[117.0682,-20.62925],[117.06832,-20.62575]]],[[[117.07468,-20.44153],[117.07095,-20.45068],[117.07107,-20.45542],[117.07238,-20.46039],[117.07597,-20.46559],[117.08125,-20.45882],[117.08462,-20.4507],[117.08438,-20.44482],[117.07924,-20.43521],[117.08186,-20.43151],[117.08021,-20.42991],[117.06978,-20.42989],[117.0687,-20.43091],[117.07385,-20.43227],[117.07468,-20.44153]]],[[[115.32444,-20.92183],[115.31654,-20.93826],[115.32421,-20.93368],[115.3272,-20.92431],[115.33176,-20.91742],[115.33608,-20.90658],[115.33234,-20.89958],[115.32837,-20.89631],[115.32224,-20.89496],[115.3208,-20.89665],[115.32406,-20.90918],[115.32444,-20.92183]]],[[[115.882,-20.94993],[115.88717,-20.94901],[115.90196,-20.95578],[115.89955,-20.94201],[115.90087,-20.93761],[115.89089,-20.93445],[115.88416,-20.93976],[115.882,-20.94993]]],[[[118.50268,-20.3212],[118.50794,-20.32203],[118.5096,-20.32385],[118.51175,-20.3233],[118.51501,-20.32016],[118.5168,-20.32074],[118.51825,-20.31929],[118.52057,-20.31399],[118.52691,-20.31394],[118.52683,-20.31021],[118.52349,-20.30838],[118.51547,-20.30832],[118.50516,-20.31117],[118.49965,-20.31568],[118.49955,-20.31861],[118.50268,-20.3212]]],[[[116.81701,-20.42387],[116.81457,-20.435],[116.81182,-20.4388],[116.81194,-20.44068],[116.81428,-20.44208],[116.8196,-20.43103],[116.82828,-20.42335],[116.83263,-20.42191],[116.83463,-20.41588],[116.83278,-20.41421],[116.82812,-20.41403],[116.82075,-20.41848],[116.81725,-20.41624],[116.81701,-20.42387]]],[[[116.6747,-20.66022],[116.67937,-20.6633],[116.68318,-20.66169],[116.68751,-20.65509],[116.69517,-20.65003],[116.69661,-20.64473],[116.67477,-20.65096],[116.67185,-20.6545],[116.67499,-20.65837],[116.6747,-20.66022]]],[[[116.6748,-20.51896],[116.67659,-20.5185],[116.67804,-20.51996],[116.6765,-20.52268],[116.67974,-20.52368],[116.68582,-20.51766],[116.6893,-20.51844],[116.68843,-20.51291],[116.6915,-20.50646],[116.69064,-20.50341],[116.68848,-20.50354],[116.68505,-20.50863],[116.68012,-20.50685],[116.67929,-20.50106],[116.67733,-20.50314],[116.67775,-20.51228],[116.67226,-20.51626],[116.67239,-20.51795],[116.6748,-20.51896]]],[[[115.32591,-20.97395],[115.33107,-20.97024],[115.33509,-20.97018],[115.33757,-20.96596],[115.33326,-20.964],[115.32532,-20.95191],[115.31631,-20.94735],[115.32661,-20.969],[115.32591,-20.97395]]],[[[117.84585,-20.53918],[117.85458,-20.53351],[117.86237,-20.53213],[117.86439,-20.52772],[117.87013,-20.52295],[117.87418,-20.51616],[117.87068,-20.51609],[117.85396,-20.52854],[117.84512,-20.53749],[117.84585,-20.53918]]],[[[116.15665,-20.93487],[116.15136,-20.93149],[116.1468,-20.9359],[116.14753,-20.94098],[116.15238,-20.94831],[116.15776,-20.94728],[116.15903,-20.94574],[116.15665,-20.93487]]],[[[116.43632,-20.65937],[116.43848,-20.65891],[116.44233,-20.66093],[116.44931,-20.667],[116.45173,-20.66562],[116.44853,-20.65165],[116.44182,-20.65483],[116.43411,-20.65531],[116.43464,-20.65847],[116.43632,-20.65937]]],[[[115.51589,-20.36302],[115.51366,-20.36343],[115.51301,-20.36516],[115.51732,-20.36562],[115.52379,-20.36292],[115.52726,-20.36609],[115.53274,-20.367],[115.53951,-20.37169],[115.53815,-20.36814],[115.53911,-20.3669],[115.53636,-20.36475],[115.53289,-20.36452],[115.53254,-20.36102],[115.52894,-20.36169],[115.52667,-20.35999],[115.51751,-20.35841],[115.51781,-20.36099],[115.51589,-20.36302]]],[[[116.96795,-20.42774],[116.9653,-20.42595],[116.9589,-20.4303],[116.96959,-20.43823],[116.96875,-20.44126],[116.97383,-20.44531],[116.97309,-20.4417],[116.97523,-20.43977],[116.96894,-20.43202],[116.96724,-20.42921],[116.96795,-20.42774]]],[[[115.53186,-20.40741],[115.52923,-20.40763],[115.52647,-20.41101],[115.52348,-20.40852],[115.5242,-20.4048],[115.52169,-20.40468],[115.51821,-20.40761],[115.5194,-20.41209],[115.51652,-20.41584],[115.52035,-20.41359],[115.52526,-20.41473],[115.53078,-20.40898],[115.53894,-20.40623],[115.53714,-20.40437],[115.54085,-20.40234],[115.53463,-20.40154],[115.53318,-20.40425],[115.53414,-20.40662],[115.53186,-20.40741]]],[[[116.65969,-20.52324],[116.66116,-20.52647],[116.6651,-20.52434],[116.66867,-20.51981],[116.6706,-20.52024],[116.67069,-20.51765],[116.66721,-20.51598],[116.65565,-20.51689],[116.65969,-20.52324]]],[[[116.63611,-20.55477],[116.64246,-20.55337],[116.64393,-20.55536],[116.64246,-20.55736],[116.64476,-20.55831],[116.64741,-20.55705],[116.65014,-20.55063],[116.64936,-20.54797],[116.64725,-20.54524],[116.64528,-20.54607],[116.64624,-20.54776],[116.64458,-20.55082],[116.64169,-20.54846],[116.63473,-20.55416],[116.63611,-20.55477]]],[[[115.56852,-20.64697],[115.57296,-20.6489],[115.57571,-20.65229],[115.57453,-20.65601],[115.5829,-20.66144],[115.58074,-20.65997],[115.58158,-20.6585],[115.57919,-20.65591],[115.58147,-20.65388],[115.58147,-20.65128],[115.5798,-20.64936],[115.57164,-20.6472],[115.56721,-20.64302],[115.56745,-20.6411],[115.56587,-20.64098],[115.56589,-20.64449],[115.56852,-20.64697]]],[[[116.24334,-20.81255],[116.24792,-20.81852],[116.24731,-20.81548],[116.24928,-20.81256],[116.24503,-20.80196],[116.24211,-20.80266],[116.24079,-20.80533],[116.24334,-20.81255]]],[[[122.10199,-16.85585],[122.11372,-16.85833],[122.11384,-16.8572],[122.11044,-16.85585],[122.10187,-16.85506],[122.11243,-16.85381],[122.121,-16.85482],[122.12651,-16.85256],[122.0926,-16.85462],[122.10199,-16.85585]]],[[[116.82175,-20.41184],[116.8236,-20.40838],[116.82196,-20.40566],[116.81907,-20.40724],[116.81676,-20.41263],[116.81508,-20.41343],[116.81158,-20.41069],[116.81064,-20.41476],[116.81402,-20.41637],[116.81929,-20.41532],[116.8211,-20.41689],[116.82175,-20.41184]]],[[[116.17598,-20.95633],[116.17809,-20.95312],[116.17916,-20.94521],[116.17806,-20.94013],[116.17468,-20.93472],[116.17385,-20.93664],[116.17722,-20.94126],[116.17459,-20.94567],[116.17328,-20.95358],[116.17598,-20.95633]]],[[[115.85345,-21.01203],[115.85057,-21.00898],[115.8478,-21.01281],[115.84923,-21.01755],[115.85259,-21.02162],[115.85464,-21.02095],[115.85345,-21.01203]]],[[[115.52495,-20.38866],[115.52016,-20.38899],[115.51908,-20.39068],[115.51955,-20.3926],[115.51715,-20.39643],[115.52026,-20.39971],[115.51774,-20.40106],[115.51918,-20.40163],[115.52277,-20.39938],[115.52528,-20.40265],[115.52656,-20.40066],[115.52482,-20.3952],[115.52194,-20.39655],[115.52039,-20.39475],[115.52075,-20.39249],[115.52495,-20.38866]]],[[[122.13637,-16.85809],[122.14377,-16.8591],[122.14247,-16.85639],[122.13836,-16.85357],[122.12851,-16.85324],[122.13637,-16.85809]]],[[[117.91826,-20.47682],[117.92173,-20.47444],[117.92544,-20.47431],[117.93079,-20.46446],[117.92649,-20.46651],[117.92016,-20.47286],[117.91826,-20.47682]]],[[[116.65327,-20.67493],[116.65702,-20.6801],[116.66154,-20.67573],[116.65935,-20.67347],[116.65624,-20.67382],[116.65463,-20.67192],[116.65075,-20.67167],[116.65327,-20.67493]]],[[[117.77513,-20.58978],[117.78136,-20.58693],[117.77859,-20.58378],[117.77631,-20.58424],[117.77571,-20.58221],[117.77187,-20.58244],[117.76972,-20.58448],[117.77417,-20.58752],[117.77513,-20.58978]]],[[[116.3088,-20.77829],[116.31422,-20.78167],[116.3121,-20.77303],[116.30881,-20.77061],[116.30653,-20.77131],[116.30651,-20.77356],[116.3088,-20.77829]]],[[[118.89762,-19.89245],[118.90095,-19.89393],[118.90216,-19.89065],[118.89608,-19.88545],[118.8925,-19.88815],[118.89762,-19.89245]]],[[[115.54405,-20.43],[115.54307,-20.43688],[115.545,-20.43282],[115.54811,-20.43338],[115.54774,-20.43501],[115.54933,-20.43339],[115.54657,-20.43079],[115.54441,-20.4247],[115.54465,-20.42334],[115.54681,-20.42289],[115.54274,-20.42074],[115.54395,-20.41533],[115.54166,-20.41984],[115.54405,-20.43]]],[[[117.66403,-20.64356],[117.6782,-20.63576],[117.68291,-20.63693],[117.68252,-20.63417],[117.67759,-20.6335],[117.66358,-20.64223],[117.66403,-20.64356]]],[[[116.03898,-20.9122],[116.03785,-20.90433],[116.03352,-20.90468],[116.03613,-20.91218],[116.03914,-20.91493],[116.03898,-20.9122]]],[[[115.5502,-20.43649],[115.54766,-20.4353],[115.54679,-20.44039],[115.54318,-20.44035],[115.54547,-20.44479],[115.54846,-20.44698],[115.54761,-20.44513],[115.55145,-20.44333],[115.5481,-20.43836],[115.5502,-20.43649]]],[[[117.17328,-20.55952],[117.17731,-20.55766],[117.17845,-20.54899],[117.17677,-20.54651],[117.17461,-20.55001],[117.17533,-20.55577],[117.17328,-20.55952]]],[[[116.66493,-20.6697],[116.66966,-20.67025],[116.67227,-20.6674],[116.67046,-20.66437],[116.66761,-20.6646],[116.66556,-20.66736],[116.66245,-20.66847],[116.66493,-20.6697]]],[[[115.51381,-20.37439],[115.51614,-20.37343],[115.51937,-20.37609],[115.51992,-20.37303],[115.52173,-20.37264],[115.52029,-20.37127],[115.52217,-20.36975],[115.5175,-20.37068],[115.51429,-20.3683],[115.51381,-20.37439]]],[[[116.82552,-20.39767],[116.8273,-20.39462],[116.83421,-20.38916],[116.83369,-20.38284],[116.82552,-20.39767]]],[[[116.83901,-20.46156],[116.84369,-20.45716],[116.84273,-20.45142],[116.8369,-20.45809],[116.83901,-20.46156]]],[[[116.86237,-20.40762],[116.86649,-20.4087],[116.86172,-20.40238],[116.85534,-20.40179],[116.85623,-20.40393],[116.86045,-20.40695],[116.86164,-20.40571],[116.86237,-20.40762]]],[[[115.52356,-20.42776],[115.52476,-20.42636],[115.52672,-20.42746],[115.52635,-20.42599],[115.52981,-20.42302],[115.52645,-20.42207],[115.52622,-20.41575],[115.52346,-20.42015],[115.52477,-20.42353],[115.52356,-20.42776]]],[[[116.68436,-20.53958],[116.68349,-20.53687],[116.67873,-20.53994],[116.67647,-20.54334],[116.67515,-20.54301],[116.67457,-20.54538],[116.67817,-20.54616],[116.67828,-20.54446],[116.68436,-20.53958]]],[[[115.86566,-20.97962],[115.86506,-20.9742],[115.85869,-20.97758],[115.85941,-20.97928],[115.86566,-20.97962]]],[[[115.63717,-21.20238],[115.64619,-21.18756],[115.63609,-21.20023],[115.63717,-21.20238]]],[[[116.85028,-20.40939],[116.85364,-20.4097],[116.85537,-20.40343],[116.85067,-20.40443],[116.84907,-20.40828],[116.85028,-20.40939]]],[[[122.17073,-18.26527],[122.17227,-18.25499],[122.17748,-18.24934],[122.17795,-18.24674],[122.17381,-18.24979],[122.17097,-18.25567],[122.17073,-18.26527]]],[[[116.62756,-20.46022],[116.63031,-20.45829],[116.63426,-20.45861],[116.62908,-20.45344],[116.62609,-20.45334],[116.62756,-20.46022]]],[[[115.56025,-20.64267],[115.55942,-20.63883],[115.55738,-20.63781],[115.55799,-20.63578],[115.5599,-20.63624],[115.55891,-20.63358],[115.55583,-20.6351],[115.5551,-20.63724],[115.55618,-20.6412],[115.56025,-20.64267]]],[[[116.64729,-20.51693],[116.64861,-20.51749],[116.65279,-20.51341],[116.65157,-20.51114],[116.64559,-20.51378],[116.64729,-20.51693]]],[[[115.58349,-20.66336],[115.57701,-20.66809],[115.57784,-20.67193],[115.57952,-20.67182],[115.57869,-20.67046],[115.58061,-20.66798],[115.58241,-20.66979],[115.58349,-20.66336]]],[[[116.84229,-20.41451],[116.84812,-20.40895],[116.84504,-20.40765],[116.84014,-20.41133],[116.84229,-20.41451]]],[[[116.54786,-20.5412],[116.55081,-20.53796],[116.54972,-20.53613],[116.54707,-20.53544],[116.54317,-20.53717],[116.54786,-20.5412]]],[[[116.06631,-20.82178],[116.06968,-20.8246],[116.07139,-20.82234],[116.06944,-20.82246],[116.06715,-20.81941],[116.06134,-20.81805],[116.06631,-20.82178]]],[[[115.82251,-21.08162],[115.82901,-21.08231],[115.83009,-21.0813],[115.82625,-21.077],[115.82251,-21.08162]]],[[[123.04113,-16.35441],[123.0421,-16.35539],[123.04624,-16.35367],[123.04662,-16.34668],[123.04401,-16.34814],[123.04401,-16.3527],[123.04113,-16.35441]]],[[[116.64292,-20.65255],[116.64622,-20.65492],[116.64833,-20.65413],[116.64807,-20.65172],[116.63991,-20.65041],[116.63931,-20.65177],[116.64292,-20.65255]]],[[[115.54497,-20.52944],[115.54581,-20.52572],[115.54749,-20.52527],[115.54642,-20.52143],[115.54258,-20.52413],[115.54282,-20.52729],[115.54497,-20.52944]]],[[[117.75354,-20.59108],[117.7605,-20.58936],[117.76804,-20.58494],[117.76516,-20.58506],[117.75354,-20.59108]]],[[[117.69291,-20.6407],[117.69405,-20.64024],[117.69404,-20.63584],[117.69164,-20.63584],[117.68751,-20.63864],[117.69153,-20.63912],[117.69291,-20.6407]]],[[[116.62107,-20.472],[116.62634,-20.47186],[116.6286,-20.46779],[116.62441,-20.46848],[116.62107,-20.472]]],[[[115.65568,-21.1083],[115.65318,-21.09994],[115.65124,-21.10411],[115.65568,-21.1083]]],[[[119.09882,-19.58996],[119.10013,-19.59256],[119.10097,-19.58816],[119.09847,-19.58375],[119.09716,-19.58691],[119.09882,-19.58996]]],[[[117.92976,-20.47531],[117.9324,-20.47451],[117.93166,-20.47056],[117.92735,-20.47261],[117.92976,-20.47531]]],[[[116.65329,-20.50854],[116.65484,-20.50819],[116.65591,-20.50514],[116.65422,-20.503],[116.65171,-20.50471],[116.65329,-20.50854]]],[[[117.21956,-20.65734],[117.21559,-20.657],[117.21643,-20.66118],[117.22027,-20.66028],[117.21956,-20.65734]]],[[[116.77414,-20.54301],[116.77689,-20.54102],[116.78001,-20.541],[116.77856,-20.53965],[116.77998,-20.53626],[116.77461,-20.53967],[116.77414,-20.54301]]],[[[122.82087,-16.76454],[122.8258,-16.76395],[122.82766,-16.76202],[122.8252,-16.76113],[122.81957,-16.76251],[122.82087,-16.76454]]],[[[115.73523,-21.26644],[115.73885,-21.26329],[115.73512,-21.26294],[115.73331,-21.26417],[115.7327,-21.26564],[115.73523,-21.26644]]],[[[122.81367,-16.75553],[122.81649,-16.75484],[122.81614,-16.75654],[122.81767,-16.75755],[122.81731,-16.75506],[122.81989,-16.75404],[122.82151,-16.75132],[122.81402,-16.75485],[122.81226,-16.75305],[122.8118,-16.75497],[122.81367,-16.75553]]],[[[116.28431,-20.86123],[116.28923,-20.85778],[116.28323,-20.85727],[116.28239,-20.85829],[116.28431,-20.86123]]],[[[115.98444,-20.96522],[115.9872,-20.96612],[115.98564,-20.96229],[115.98299,-20.96195],[115.98191,-20.96421],[115.98444,-20.96522]]],[[[115.51945,-20.63312],[115.52585,-20.63065],[115.51961,-20.63041],[115.51945,-20.63312]]],[[[116.96073,-20.66194],[116.96368,-20.65504],[116.95961,-20.65681],[116.96073,-20.66194]]],[[[116.80821,-20.38885],[116.80519,-20.38469],[116.80167,-20.38429],[116.8015,-20.38549],[116.80821,-20.38885]]],[[[116.70542,-20.6488],[116.70367,-20.65157],[116.70495,-20.65288],[116.70991,-20.64483],[116.70542,-20.6488]]],[[[116.6171,-20.4481],[116.61763,-20.44466],[116.61942,-20.44353],[116.61786,-20.44184],[116.61451,-20.444],[116.6171,-20.4481]]],[[[115.59172,-20.42691],[115.59173,-20.4233],[115.59496,-20.4224],[115.59244,-20.42097],[115.58933,-20.42239],[115.59005,-20.42578],[115.59172,-20.42691]]],[[[115.8447,-21.05114],[115.84195,-21.04825],[115.83798,-21.04835],[115.83882,-21.04993],[115.8447,-21.05114]]],[[[117.26446,-20.68323],[117.26698,-20.68244],[117.26422,-20.6795],[117.26253,-20.68153],[117.26446,-20.68323]]],[[[118.45779,-20.32228],[118.46043,-20.32204],[118.4622,-20.31898],[118.46542,-20.31794],[118.46052,-20.31843],[118.45779,-20.32228]]],[[[115.5273,-20.3875],[115.52887,-20.38616],[115.52779,-20.38412],[115.52972,-20.38513],[115.52877,-20.38343],[115.53078,-20.38157],[115.53033,-20.37991],[115.52684,-20.38269],[115.5273,-20.3875]]],[[[116.66394,-20.65661],[116.66609,-20.65423],[116.66041,-20.65368],[116.66394,-20.65661]]],[[[116.53602,-20.47982],[116.53925,-20.47935],[116.54032,-20.47731],[116.53876,-20.47608],[116.53602,-20.47982]]],[[[122.16833,-16.88269],[122.17278,-16.88189],[122.16914,-16.87963],[122.16774,-16.88088],[122.16833,-16.88269]]],[[[119.67323,-20.00774],[119.6749,-20.00786],[119.67478,-20.00515],[119.67144,-20.00413],[119.67323,-20.00774]]],[[[115.54396,-20.51446],[115.5437,-20.51731],[115.54592,-20.51613],[115.54471,-20.50937],[115.54396,-20.51446]]],[[[118.80892,-20.02039],[118.80987,-20.02119],[118.81061,-20.01837],[118.80667,-20.01801],[118.80892,-20.02039]]],[[[122.82242,-16.76826],[122.82639,-16.76497],[122.82299,-16.76487],[122.82147,-16.76646],[122.82242,-16.76826]]],[[[115.5228,-20.38028],[115.52425,-20.37877],[115.52363,-20.37715],[115.51996,-20.37656],[115.5224,-20.37754],[115.51935,-20.37981],[115.51935,-20.38165],[115.52153,-20.37893],[115.5228,-20.38028]]],[[[115.02287,-21.26586],[115.02551,-21.2646],[115.02345,-21.26179],[115.02287,-21.26586]]],[[[117.5668,-20.68126],[117.5704,-20.68035],[117.57184,-20.68125],[117.5722,-20.67922],[117.5668,-20.68013],[117.5668,-20.68126]]],[[[116.83759,-20.41696],[116.84047,-20.41589],[116.83824,-20.41318],[116.83759,-20.41696]]],[[[115.78804,-21.10751],[115.78648,-21.10378],[115.78491,-21.10649],[115.78804,-21.10751]]],[[[118.20323,-20.36803],[118.20348,-20.36489],[118.20023,-20.36152],[118.20323,-20.36803]]],[[[115.73282,-21.14441],[115.73138,-21.14158],[115.72861,-21.14169],[115.73282,-21.14441]]],[[[115.75629,-21.23082],[115.75702,-21.228],[115.7534,-21.23036],[115.75629,-21.23082]]],[[[115.46366,-21.26388],[115.46486,-21.26218],[115.4634,-21.26072],[115.46112,-21.26254],[115.46366,-21.26388]]],[[[115.78097,-21.23156],[115.78002,-21.2276],[115.77845,-21.23042],[115.78097,-21.23156]]],[[[115.54682,-20.49727],[115.54502,-20.49242],[115.54275,-20.49185],[115.54682,-20.49727]]],[[[122.55885,-16.95887],[122.56062,-16.95886],[122.56143,-16.95603],[122.5599,-16.95581],[122.55885,-16.95887]]],[[[116.19519,-20.82849],[116.19452,-20.82429],[116.19278,-20.82534],[116.19519,-20.82849]]],[[[115.94023,-20.87935],[115.94127,-20.88086],[115.94196,-20.87887],[115.93976,-20.87664],[115.94023,-20.87935]]],[[[122.90718,-16.4398],[122.90846,-16.43866],[122.90646,-16.43653],[122.90718,-16.4398]]],[[[115.58138,-20.46042],[115.58103,-20.45647],[115.57971,-20.45793],[115.58138,-20.46042]]],[[[115.53088,-20.3904],[115.53026,-20.39278],[115.53176,-20.39128],[115.53299,-20.39264],[115.53271,-20.38943],[115.53142,-20.38898],[115.53088,-20.3904]]],[[[116.56763,-20.71362],[116.56907,-20.71293],[116.56893,-20.7109],[116.56666,-20.71227],[116.56763,-20.71362]]],[[[117.24591,-20.71219],[117.24459,-20.70937],[117.24303,-20.70971],[117.24591,-20.71219]]],[[[115.0295,-21.26628],[115.03021,-21.26425],[115.02816,-21.26369],[115.0295,-21.26628]]],[[[116.69396,-20.5214],[116.69539,-20.51936],[116.69191,-20.52005],[116.69396,-20.5214]]],[[[115.79902,-21.19107],[115.8001,-21.19051],[115.79902,-21.18926],[115.79698,-21.18982],[115.79902,-21.19107]]],[[[119.70518,-19.99531],[119.70911,-19.99281],[119.70529,-19.99406],[119.70518,-19.99531]]],[[[119.44104,-20.0101],[119.44224,-20.0066],[119.44044,-20.0084],[119.44104,-20.0101]]],[[[122.27889,-17.15641],[122.27983,-17.15483],[122.2783,-17.15381],[122.27889,-17.15641]]],[[[116.43198,-20.65475],[116.43258,-20.6533],[116.43047,-20.65185],[116.43018,-20.65352],[116.43198,-20.65475]]],[[[115.83647,-21.1355],[115.83539,-21.13278],[115.83455,-21.13391],[115.83647,-21.1355]]],[[[122.92458,-16.38549],[122.92669,-16.3848],[122.9227,-16.38448],[122.92458,-16.38549]]],[[[122.98707,-16.37965],[122.99034,-16.37805],[122.98835,-16.37716],[122.98707,-16.37965]]],[[[116.24363,-20.87272],[116.2447,-20.87068],[116.24218,-20.87216],[116.24363,-20.87272]]],[[[121.80502,-18.5094],[121.80775,-18.50748],[121.80598,-18.50703],[121.80502,-18.5094]]],[[[115.57274,-20.63535],[115.57119,-20.63185],[115.57094,-20.634],[115.57274,-20.63535]]],[[[115.51928,-20.3844],[115.51545,-20.38542],[115.51668,-20.38614],[115.51928,-20.3844]]],[[[115.52802,-20.51763],[115.53046,-20.51465],[115.52861,-20.51481],[115.52745,-20.51708],[115.52851,-20.51919],[115.52802,-20.51763]]],[[[117.68575,-20.63213],[117.68419,-20.63258],[117.68468,-20.63507],[117.68575,-20.63213]]],[[[122.78637,-16.76219],[122.78778,-16.7614],[122.7866,-16.76005],[122.78543,-16.76084],[122.78637,-16.76219]]],[[[116.57608,-20.69305],[116.57712,-20.69201],[116.57592,-20.69052],[116.57438,-20.69143],[116.57608,-20.69305]]],[[[123.00319,-16.48371],[122.99937,-16.48444],[123.00204,-16.48489],[123.00319,-16.48371]]],[[[116.9539,-20.66345],[116.95265,-20.6615],[116.95122,-20.6633],[116.9539,-20.66345]]],[[[122.56296,-16.95603],[122.56283,-16.95411],[122.56102,-16.95355],[122.56296,-16.95603]]],[[[115.57913,-20.44089],[115.582,-20.43909],[115.58058,-20.43818],[115.57913,-20.44089]]],[[[115.54065,-20.60043],[115.54198,-20.59952],[115.53994,-20.59749],[115.54065,-20.60043]]],[[[115.92356,-21.08665],[115.92453,-21.08541],[115.92321,-21.0845],[115.92356,-21.08665]]],[[[115.6043,-20.43483],[115.60454,-20.43336],[115.60261,-20.43246],[115.6043,-20.43483]]],[[[117.95973,-20.47576],[117.96044,-20.47407],[117.95814,-20.47523],[117.95973,-20.47576]]],[[[115.56158,-20.63635],[115.56351,-20.63432],[115.56147,-20.63455],[115.56158,-20.63635]]],[[[122.99113,-16.3933],[122.99335,-16.39227],[122.98914,-16.39297],[122.99113,-16.3933]]],[[[115.53221,-20.63156],[115.53389,-20.63055],[115.53149,-20.63054],[115.53221,-20.63156]]],[[[117.95655,-20.4873],[117.95582,-20.48527],[117.95522,-20.48662],[117.95655,-20.4873]]],[[[122.31604,-17.15363],[122.31733,-17.15261],[122.31545,-17.1525],[122.31604,-17.15363]]],[[[123.06236,-16.27684],[123.0605,-16.27699],[123.06096,-16.27837],[123.06236,-16.27684]]],[[[115.33915,-20.96123],[115.34103,-20.96006],[115.33941,-20.95997],[115.33915,-20.96123]]],[[[121.77312,-18.66662],[121.77443,-18.66572],[121.77313,-18.66526],[121.77312,-18.66662]]],[[[121.79838,-18.51571],[121.79861,-18.5147],[121.79696,-18.51514],[121.79838,-18.51571]]],[[[115.50411,-20.64787],[115.50471,-20.64697],[115.5035,-20.64678],[115.50411,-20.64787]]],[[[115.54106,-31.99403],[115.54322,-31.99044],[115.53966,-31.98817],[115.52813,-31.99038],[115.52788,-31.98812],[115.5259,-31.98733],[115.52418,-31.988],[115.5243,-31.99036],[115.52151,-31.99171],[115.51941,-31.98933],[115.51135,-31.9876],[115.50352,-31.99095],[115.50099,-31.99353],[115.49344,-31.99598],[115.48737,-32.00113],[115.48517,-32.00814],[115.47954,-32.01038],[115.47725,-32.01375],[115.4569,-32.01572],[115.45702,-32.01766],[115.45398,-32.01842],[115.45588,-32.02016],[115.45003,-32.02202],[115.44979,-32.02617],[115.4534,-32.02497],[115.45848,-32.02569],[115.46112,-32.02234],[115.46466,-32.02345],[115.47025,-32.02224],[115.47207,-32.01776],[115.47692,-32.01585],[115.48335,-32.01607],[115.48863,-32.01944],[115.49145,-32.01772],[115.4947,-32.01945],[115.49954,-32.01513],[115.5076,-32.01295],[115.51746,-32.01605],[115.51979,-32.01846],[115.52031,-32.02422],[115.52765,-32.02762],[115.53126,-32.02069],[115.52988,-32.01739],[115.53166,-32.01494],[115.54068,-32.01419],[115.54629,-32.01215],[115.55118,-32.01246],[115.55838,-32.00457],[115.5575,-32.00275],[115.55056,-32.00247],[115.54528,-31.99998],[115.54106,-31.99403]]],[[[115.6699,-32.1961],[115.66931,-32.2038],[115.67097,-32.21237],[115.67706,-32.22554],[115.68082,-32.24415],[115.69145,-32.24614],[115.69089,-32.24395],[115.69243,-32.24294],[115.7001,-32.24454],[115.69251,-32.24077],[115.68723,-32.234],[115.68735,-32.23146],[115.68948,-32.23144],[115.68979,-32.22997],[115.68908,-32.23126],[115.68718,-32.2312],[115.68729,-32.23004],[115.69047,-32.22709],[115.69254,-32.22601],[115.69796,-32.22823],[115.7004,-32.22635],[115.69531,-32.21984],[115.68918,-32.2162],[115.68333,-32.20585],[115.68232,-32.19742],[115.67497,-32.18462],[115.67719,-32.17223],[115.67465,-32.16518],[115.66941,-32.16019],[115.66913,-32.15601],[115.66054,-32.15621],[115.66179,-32.16477],[115.66006,-32.17362],[115.66157,-32.17379],[115.66295,-32.17711],[115.6653,-32.18956],[115.6699,-32.1961]]],[[[118.46241,-34.9328],[118.46674,-34.93548],[118.46967,-34.93483],[118.47793,-34.93684],[118.47777,-34.93175],[118.47928,-34.92904],[118.48559,-34.92577],[118.48648,-34.92124],[118.47883,-34.9173],[118.47602,-34.91394],[118.46669,-34.91166],[118.45682,-34.90493],[118.44737,-34.90701],[118.44461,-34.90432],[118.44156,-34.90404],[118.44336,-34.90728],[118.43806,-34.90859],[118.43764,-34.91269],[118.44108,-34.91548],[118.44337,-34.9147],[118.44608,-34.91664],[118.44745,-34.91612],[118.45078,-34.91995],[118.45121,-34.92357],[118.44986,-34.92464],[118.45812,-34.92477],[118.46241,-34.9328]]],[[[122.23739,-34.13453],[122.23874,-34.13578],[122.23644,-34.13939],[122.23895,-34.14086],[122.23705,-34.14955],[122.2344,-34.14814],[122.23542,-34.15853],[122.23854,-34.1578],[122.23929,-34.16062],[122.24247,-34.1604],[122.24478,-34.16203],[122.24946,-34.15447],[122.24918,-34.14509],[122.25345,-34.14718],[122.25617,-34.14295],[122.25604,-34.13656],[122.25278,-34.13216],[122.25257,-34.12787],[122.25677,-34.12493],[122.25969,-34.12595],[122.26111,-34.12414],[122.25772,-34.11934],[122.25582,-34.12188],[122.2481,-34.12036],[122.24579,-34.11545],[122.24667,-34.11234],[122.24498,-34.11392],[122.23854,-34.11104],[122.23813,-34.10952],[122.23481,-34.11087],[122.23454,-34.10918],[122.23224,-34.10844],[122.23088,-34.11262],[122.23847,-34.11991],[122.23108,-34.12589],[122.23197,-34.12691],[122.23895,-34.12612],[122.23739,-34.13453]]],[[[122.8354,-33.98921],[122.83363,-33.98859],[122.83406,-33.99257],[122.83087,-33.99391],[122.82282,-33.99305],[122.82427,-33.9963],[122.82089,-33.9998],[122.81716,-34.00072],[122.81481,-34.00441],[122.8171,-34.00491],[122.8184,-34.0028],[122.8226,-34.00418],[122.83204,-33.99607],[122.84906,-33.99292],[122.84976,-33.99106],[122.85333,-33.99033],[122.85299,-33.9853],[122.86003,-33.98528],[122.86307,-33.9828],[122.85536,-33.98165],[122.85028,-33.98441],[122.84309,-33.98256],[122.8354,-33.98921]]],[[[121.60025,-34.0354],[121.60327,-34.03903],[121.60598,-34.03933],[121.61271,-34.03468],[121.61234,-34.02948],[121.60872,-34.02461],[121.61167,-34.02022],[121.61682,-34.01883],[121.61501,-34.01735],[121.61612,-34.01278],[121.61437,-34.01199],[121.61253,-34.01356],[121.60793,-34.01365],[121.60452,-34.01628],[121.60659,-34.01985],[121.60501,-34.02357],[121.60558,-34.02882],[121.59306,-34.02814],[121.59892,-34.03218],[121.60025,-34.0354]]],[[[122.00933,-34.02281],[122.00906,-34.02162],[122.00703,-34.02179],[122.00153,-34.02641],[121.99415,-34.02837],[121.98248,-34.03671],[121.98755,-34.03785],[121.98714,-34.0401],[121.99005,-34.04293],[122.00251,-34.03816],[121.99724,-34.03611],[122.00483,-34.03234],[122.00375,-34.03172],[122.00687,-34.02986],[122.00708,-34.02648],[122.01122,-34.02439],[122.00933,-34.02281]]],[[[122.0038,-33.96921],[122.00264,-33.97077],[122.00815,-33.97042],[122.00949,-33.96769],[122.01521,-33.96791],[122.01944,-33.96349],[122.02166,-33.9649],[122.02485,-33.9631],[122.02667,-33.96421],[122.02651,-33.96063],[122.01945,-33.95981],[122.01794,-33.9567],[122.01449,-33.95779],[122.01003,-33.95347],[122.00903,-33.95546],[121.99987,-33.95771],[122.00316,-33.95905],[122.00251,-33.96051],[122.00644,-33.96156],[122.0038,-33.96921]]],[[[113.96351,-28.9562],[113.95679,-28.96479],[113.95408,-28.97714],[113.95515,-28.98058],[113.96051,-28.98261],[113.96203,-28.98507],[113.96074,-28.97802],[113.95745,-28.975],[113.95746,-28.96708],[113.96637,-28.95452],[113.96561,-28.94861],[113.96723,-28.9385],[113.98155,-28.92573],[113.99175,-28.91305],[114.00217,-28.90626],[114.00478,-28.90008],[114.00285,-28.90097],[114.00044,-28.90611],[113.99517,-28.9082],[113.98843,-28.91381],[113.98244,-28.92337],[113.9738,-28.9275],[113.9755,-28.92847],[113.96922,-28.93459],[113.96726,-28.93443],[113.96777,-28.93276],[113.96666,-28.93282],[113.96351,-28.9562]]],[[[121.66892,-34.00208],[121.67704,-34.00234],[121.67911,-34.00518],[121.68592,-34.00922],[121.68953,-34.00624],[121.68632,-33.9999],[121.68261,-33.99904],[121.68096,-33.99493],[121.67893,-33.99412],[121.67013,-33.9944],[121.66892,-34.00208]]],[[[121.9534,-34.04924],[121.95712,-34.05009],[121.95725,-34.05235],[121.95365,-34.05488],[121.95451,-34.05799],[121.95798,-34.05557],[121.95847,-34.05235],[121.96098,-34.05016],[121.96592,-34.0509],[121.96679,-34.05339],[121.97351,-34.04996],[121.97581,-34.0507],[121.97974,-34.04946],[121.97488,-34.0451],[121.97,-34.04532],[121.96947,-34.04379],[121.96757,-34.04368],[121.96533,-34.04525],[121.95598,-34.04569],[121.95293,-34.04737],[121.9534,-34.04924]]],[[[122.13814,-34.03331],[122.14883,-34.03687],[122.15154,-34.03506],[122.15154,-34.03145],[122.14687,-34.02992],[122.14708,-34.02716],[122.13706,-34.02692],[122.1286,-34.02906],[122.1313,-34.03065],[122.13685,-34.0302],[122.13678,-34.03291],[122.13814,-34.03331]]],[[[122.05348,-34.14107],[122.05187,-34.13822],[122.04901,-34.13717],[122.04504,-34.13801],[122.04349,-34.14053],[122.03789,-34.14127],[122.03784,-34.14262],[122.03974,-34.1441],[122.0422,-34.14322],[122.04352,-34.14563],[122.04692,-34.14276],[122.05129,-34.14482],[122.05058,-34.14709],[122.05198,-34.14756],[122.06018,-34.14612],[122.05348,-34.14107]]],[[[118.04425,-35.06508],[118.04413,-35.0664],[118.0462,-35.06457],[118.05091,-35.06618],[118.05567,-35.06488],[118.06164,-35.06723],[118.06497,-35.06519],[118.06897,-35.06648],[118.06997,-35.06502],[118.06586,-35.06371],[118.06541,-35.06224],[118.06239,-35.06323],[118.04018,-35.0595],[118.04052,-35.06182],[118.0449,-35.06355],[118.04425,-35.06508]]],[[[121.99115,-34.0614],[121.98404,-34.06043],[121.97577,-34.06431],[121.98949,-34.06862],[121.99628,-34.06525],[121.99115,-34.0614]]],[[[122.79949,-34.01353],[122.80004,-34.01516],[122.80204,-34.0108],[122.80663,-34.00931],[122.81314,-34.01092],[122.81203,-34.00618],[122.80821,-34.00163],[122.80408,-34.0021],[122.79889,-34.0054],[122.79949,-34.01353]]],[[[118.02922,-35.04696],[118.0339,-35.04748],[118.03789,-35.04482],[118.04363,-35.04687],[118.04848,-35.04662],[118.05076,-35.04389],[118.04761,-35.04256],[118.04568,-35.04362],[118.04399,-35.04159],[118.03884,-35.03993],[118.03698,-35.04164],[118.03034,-35.04221],[118.02832,-35.04463],[118.02922,-35.04696]]],[[[121.79021,-33.92591],[121.79411,-33.92672],[121.79486,-33.92835],[121.79349,-33.92952],[121.80493,-33.92614],[121.79706,-33.92309],[121.79733,-33.91807],[121.79472,-33.9176],[121.78841,-33.91983],[121.79021,-33.92591]]],[[[121.99129,-33.99216],[122.00466,-33.98782],[122.00413,-33.98613],[121.99668,-33.98319],[121.99539,-33.98084],[121.99274,-33.98283],[121.99336,-33.9859],[121.98705,-33.98887],[121.99129,-33.99216]]],[[[121.87266,-33.92566],[121.87499,-33.92745],[121.87674,-33.92606],[121.88234,-33.92594],[121.88135,-33.92321],[121.88403,-33.92067],[121.87673,-33.91682],[121.87664,-33.91886],[121.87035,-33.92073],[121.86825,-33.92297],[121.87266,-33.92566]]],[[[116.49122,-35.0339],[116.494,-35.03412],[116.49685,-35.0368],[116.4989,-35.0363],[116.5016,-35.03455],[116.50266,-35.02929],[116.50394,-35.02986],[116.5051,-35.0278],[116.50274,-35.02813],[116.50169,-35.02606],[116.49792,-35.02612],[116.49428,-35.02825],[116.49409,-35.03125],[116.49172,-35.03167],[116.49122,-35.0339]]],[[[122.00825,-34.12276],[122.01029,-34.12129],[122.00941,-34.11847],[121.99845,-34.11382],[121.99439,-34.11262],[121.99289,-34.11606],[121.98726,-34.11538],[121.99159,-34.11956],[121.99803,-34.11703],[122.00731,-34.12083],[122.00825,-34.12276]]],[[[122.00021,-34.06723],[122.00413,-34.06882],[122.02304,-34.06614],[122.01179,-34.06511],[122.00787,-34.06352],[122.00781,-34.06171],[122.0013,-34.06469],[121.99839,-34.06452],[122.00021,-34.06723]]],[[[121.97363,-34.11806],[121.97464,-34.12151],[121.98392,-34.12237],[121.98251,-34.11926],[121.98374,-34.11588],[121.98042,-34.1135],[121.97453,-34.11456],[121.97363,-34.11806]]],[[[121.99177,-33.92321],[121.99803,-33.9224],[121.99777,-33.9208],[121.99919,-33.92113],[122.00026,-33.91915],[121.99897,-33.91636],[121.9951,-33.9156],[121.98606,-33.9194],[121.98603,-33.92097],[121.99177,-33.92321]]],[[[122.9627,-34.08264],[122.96088,-34.08378],[122.96191,-34.0853],[122.96413,-34.08399],[122.96624,-34.08454],[122.96912,-34.0813],[122.97012,-34.07079],[122.96818,-34.07414],[122.96331,-34.07524],[122.9627,-34.08264]]],[[[121.8995,-33.92316],[121.90168,-33.92532],[121.90749,-33.92439],[121.9097,-33.91669],[121.90277,-33.92015],[121.89852,-33.91857],[121.89709,-33.91933],[121.8995,-33.92316]]],[[[121.98326,-33.97502],[121.97664,-33.97284],[121.97718,-33.97479],[121.98224,-33.97757],[121.98058,-33.98014],[121.98164,-33.98043],[121.98538,-33.97897],[121.98613,-33.977],[121.98925,-33.97688],[121.99441,-33.97381],[121.99058,-33.97447],[121.98937,-33.97289],[121.98639,-33.97323],[121.98532,-33.9713],[121.98326,-33.97502]]],[[[119.60438,-34.3744],[119.6062,-34.37461],[119.6053,-34.37681],[119.60692,-34.37844],[119.60957,-34.37722],[119.60964,-34.37851],[119.61246,-34.37843],[119.61359,-34.37716],[119.61313,-34.3732],[119.61037,-34.37452],[119.60722,-34.37392],[119.6018,-34.36854],[119.59869,-34.36841],[119.59918,-34.37158],[119.6026,-34.37234],[119.60206,-34.37339],[119.60438,-34.3744]]],[[[113.78789,-28.71394],[113.7859,-28.70919],[113.77992,-28.70927],[113.78375,-28.71757],[113.7841,-28.7229],[113.78585,-28.72163],[113.78789,-28.71394]]],[[[121.98654,-34.4725],[121.99464,-34.47421],[121.99785,-34.47139],[121.9901,-34.46657],[121.98642,-34.46922],[121.98654,-34.4725]]],[[[122.02406,-34.15151],[122.02479,-34.14882],[122.02952,-34.15142],[122.03012,-34.1491],[122.02656,-34.14641],[122.02533,-34.14797],[122.01928,-34.14563],[122.01384,-34.14685],[122.01495,-34.15018],[122.02096,-34.15009],[122.02406,-34.15151]]],[[[122.09773,-34.06421],[122.0977,-34.06542],[122.10652,-34.0671],[122.11017,-34.06468],[122.11009,-34.06316],[122.10749,-34.06251],[122.10424,-34.05903],[122.10227,-34.0632],[122.09954,-34.06252],[122.09773,-34.06421]]],[[[122.11526,-34.1026],[122.12136,-34.10114],[122.12126,-34.09738],[122.12475,-34.09427],[122.11652,-34.09473],[122.11472,-34.09764],[122.11678,-34.10054],[122.11315,-34.10194],[122.11526,-34.1026]]],[[[119.57863,-34.3732],[119.57316,-34.37404],[119.57263,-34.37653],[119.57953,-34.37673],[119.58158,-34.37321],[119.58635,-34.37418],[119.58834,-34.37197],[119.5849,-34.37054],[119.57863,-34.3732]]],[[[121.67961,-33.99109],[121.68207,-33.9925],[121.68575,-33.99004],[121.68645,-33.98391],[121.67913,-33.98545],[121.67961,-33.99109]]],[[[122.52185,-33.96197],[122.52375,-33.96276],[122.5297,-33.96118],[122.52199,-33.95758],[122.51684,-33.96017],[122.51698,-33.9613],[122.52185,-33.96197]]],[[[122.10181,-34.19963],[122.10893,-34.20067],[122.11013,-34.19783],[122.10797,-34.19501],[122.10236,-34.19535],[122.10098,-34.19628],[122.10181,-34.19963]]],[[[122.53489,-34.09162],[122.5458,-34.09001],[122.5464,-34.08826],[122.53481,-34.08773],[122.53313,-34.0905],[122.53489,-34.09162]]],[[[121.35463,-33.86579],[121.35364,-33.86459],[121.3484,-33.86779],[121.34569,-33.87297],[121.35035,-33.8728],[121.35463,-33.86579]]],[[[122.24198,-34.0073],[122.23866,-34.00894],[122.24015,-34.01227],[122.24407,-34.00838],[122.2455,-34.00905],[122.24631,-34.00646],[122.24841,-34.00651],[122.2457,-34.00352],[122.24333,-34.00448],[122.2436,-34.0064],[122.24198,-34.0073]]],[[[122.30615,-34.01648],[122.31427,-34.01359],[122.31291,-34.01218],[122.30899,-34.01247],[122.30784,-34.01038],[122.30473,-34.01428],[122.30615,-34.01648]]],[[[122.75616,-33.89783],[122.75548,-33.89411],[122.7513,-33.89919],[122.75307,-33.90381],[122.75616,-33.89783]]],[[[122.63434,-33.99884],[122.62834,-33.9983],[122.63324,-34.00474],[122.63474,-34.00461],[122.63651,-34.0003],[122.63434,-33.99884]]],[[[122.84168,-33.9707],[122.84735,-33.96832],[122.84679,-33.9637],[122.84517,-33.96337],[122.84099,-33.9671],[122.84168,-33.9707]]],[[[122.64891,-34.00179],[122.65121,-34.00297],[122.65344,-34.00217],[122.65487,-33.99738],[122.6477,-33.99829],[122.64891,-34.00179]]],[[[118.21447,-35.00338],[118.21661,-35.00346],[118.21622,-34.9998],[118.20954,-34.99587],[118.20868,-34.99774],[118.21447,-35.00338]]],[[[122.16304,-34.07641],[122.15965,-34.08076],[122.16127,-34.082],[122.16495,-34.0815],[122.1673,-34.07834],[122.1652,-34.07833],[122.1654,-34.07653],[122.16828,-34.07404],[122.16304,-34.07641]]],[[[114.99897,-30.31924],[115.00334,-30.31928],[115.00902,-30.31513],[115.00632,-30.31273],[115.00543,-30.31446],[114.99958,-30.31717],[114.99897,-30.31924]]],[[[116.73486,-35.05044],[116.73494,-35.04867],[116.73034,-35.04845],[116.72988,-35.05261],[116.73423,-35.05162],[116.73447,-35.05457],[116.73667,-35.05415],[116.73733,-35.05211],[116.73486,-35.05044]]],[[[122.81296,-33.96728],[122.81605,-33.96073],[122.81212,-33.95916],[122.8116,-33.96593],[122.81296,-33.96728]]],[[[122.08711,-34.04072],[122.08558,-34.04127],[122.08909,-34.04685],[122.09314,-34.04646],[122.09084,-34.04199],[122.0871,-34.0418],[122.08711,-34.04072]]],[[[122.82889,-33.91785],[122.83214,-33.91762],[122.83104,-33.91469],[122.82766,-33.91414],[122.82361,-33.91618],[122.82889,-33.91785]]],[[[113.84014,-28.70673],[113.83642,-28.72303],[113.84107,-28.70999],[113.8399,-28.70065],[113.84014,-28.70673]]],[[[122.54034,-34.00182],[122.53814,-34.00459],[122.53612,-34.00453],[122.53762,-34.00801],[122.53937,-34.00815],[122.54107,-34.00566],[122.54195,-33.99882],[122.54034,-34.00182]]],[[[122.83145,-34.08979],[122.8349,-34.08961],[122.83879,-34.08377],[122.83089,-34.08765],[122.83145,-34.08979]]],[[[122.65796,-33.99066],[122.66149,-33.99009],[122.66216,-33.98817],[122.65728,-33.98603],[122.65498,-33.98829],[122.65796,-33.99066]]],[[[122.58753,-34.00643],[122.58956,-34.00614],[122.59097,-34.00303],[122.58839,-34.00197],[122.58352,-34.00311],[122.58753,-34.00643]]],[[[115.7106,-32.56963],[115.71268,-32.57216],[115.71579,-32.57062],[115.71239,-32.56612],[115.7106,-32.56963]]],[[[122.87045,-33.92293],[122.87181,-33.92406],[122.87465,-33.92281],[122.87477,-33.91875],[122.87192,-33.9183],[122.87045,-33.92293]]],[[[119.78345,-34.03979],[119.78503,-34.04038],[119.78751,-34.03356],[119.783,-34.03418],[119.78345,-34.03979]]],[[[122.14181,-34.01744],[122.13721,-34.01885],[122.13957,-34.02004],[122.14783,-34.0179],[122.14533,-34.01603],[122.14181,-34.01744]]],[[[113.91345,-28.90845],[113.91369,-28.90455],[113.91102,-28.90594],[113.90977,-28.90905],[113.91139,-28.91213],[113.91451,-28.91011],[113.91345,-28.90845]]],[[[116.03618,-34.86567],[116.04313,-34.86916],[116.0424,-34.86669],[116.03613,-34.86296],[116.03618,-34.86567]]],[[[122.85737,-33.96784],[122.85913,-33.96818],[122.86089,-33.96614],[122.86019,-33.96231],[122.85573,-33.96402],[122.85737,-33.96784]]],[[[122.34314,-34.10665],[122.34194,-34.11014],[122.34456,-34.10788],[122.34735,-34.10094],[122.34443,-34.10098],[122.34314,-34.10665]]],[[[122.23375,-34.03633],[122.23727,-34.03441],[122.23646,-34.03272],[122.22996,-34.03091],[122.23375,-34.03633]]],[[[122.71648,-33.99216],[122.71728,-33.99013],[122.71444,-33.98833],[122.71268,-33.99183],[122.71513,-33.99554],[122.71648,-33.99216]]],[[[122.49516,-34.19383],[122.49319,-34.19428],[122.49265,-34.19637],[122.4972,-34.19761],[122.49977,-34.19365],[122.49516,-34.19383]]],[[[113.85702,-28.88752],[113.86127,-28.8902],[113.86025,-28.88412],[113.85771,-28.88373],[113.85702,-28.88752]]],[[[115.66326,-32.11888],[115.65895,-32.12036],[115.66108,-32.12183],[115.66063,-32.1231],[115.66347,-32.12258],[115.66533,-32.12481],[115.66511,-32.11937],[115.66326,-32.11888]]],[[[118.65962,-34.70279],[118.66471,-34.70212],[118.664,-34.69919],[118.66201,-34.69876],[118.65962,-34.70279]]],[[[122.70859,-33.91911],[122.71184,-33.91775],[122.7125,-33.9147],[122.7071,-33.91629],[122.70859,-33.91911]]],[[[122.08539,-34.21402],[122.07979,-34.21146],[122.0807,-34.21509],[122.08509,-34.21711],[122.08539,-34.21402]]],[[[121.89619,-33.91268],[121.89284,-33.91202],[121.89185,-33.9148],[121.89348,-33.91745],[121.89534,-33.91671],[121.89619,-33.91268]]],[[[122.43251,-33.98355],[122.43915,-33.98017],[122.43387,-33.98005],[122.43197,-33.98174],[122.43251,-33.98355]]],[[[117.15185,-35.0632],[117.15037,-35.0638],[117.15199,-35.06398],[117.15107,-35.06698],[117.157,-35.06684],[117.15185,-35.0632]]],[[[119.61783,-34.38236],[119.62036,-34.38178],[119.61996,-34.3804],[119.61458,-34.37851],[119.61149,-34.37899],[119.61783,-34.38236]]],[[[122.4074,-33.95414],[122.41024,-33.95605],[122.4139,-33.95268],[122.4074,-33.95414]]],[[[122.30934,-33.9523],[122.31084,-33.95482],[122.31192,-33.95086],[122.30716,-33.9476],[122.30934,-33.9523]]],[[[122.34695,-34.20642],[122.35,-34.20529],[122.35014,-34.20241],[122.34654,-34.20326],[122.34695,-34.20642]]],[[[118.17291,-35.01484],[118.17404,-35.01655],[118.17751,-35.01711],[118.17521,-35.01286],[118.17206,-35.01265],[118.17291,-35.01484]]],[[[122.08461,-34.01874],[122.09192,-34.01604],[122.08732,-34.01688],[122.08543,-34.01569],[122.08292,-34.01733],[122.08461,-34.01874]]],[[[113.80597,-28.75305],[113.80998,-28.74927],[113.80173,-28.75172],[113.80597,-28.75305]]],[[[122.02342,-33.88147],[122.02695,-33.879],[122.02466,-33.87663],[122.02276,-33.87876],[122.02342,-33.88147]]],[[[118.76467,-34.59393],[118.76781,-34.59557],[118.7695,-34.59495],[118.76655,-34.59141],[118.76443,-34.59189],[118.76467,-34.59393]]],[[[121.77519,-33.91847],[121.77715,-33.91738],[121.77322,-33.91506],[121.76924,-33.91882],[121.77519,-33.91847]]],[[[122.0201,-33.9935],[122.02413,-33.99365],[122.02451,-33.98949],[122.02398,-33.991],[122.02066,-33.99164],[122.0201,-33.9935]]],[[[122.50439,-33.95352],[122.50682,-33.95182],[122.50303,-33.94979],[122.50195,-33.95182],[122.50439,-33.95352]]],[[[122.65269,-33.9945],[122.65188,-33.99529],[122.65391,-33.99585],[122.6577,-33.99517],[122.65878,-33.99359],[122.65729,-33.9928],[122.65269,-33.9945]]],[[[115.68948,-32.30376],[115.69003,-32.30906],[115.69197,-32.30612],[115.69468,-32.30527],[115.69102,-32.30455],[115.69028,-32.3018],[115.68948,-32.30376]]],[[[122.46946,-33.95046],[122.47203,-33.94854],[122.47095,-33.94775],[122.46499,-33.94854],[122.46946,-33.95046]]],[[[122.80401,-33.96392],[122.80266,-33.96482],[122.80348,-33.96606],[122.80753,-33.96312],[122.80644,-33.96087],[122.80401,-33.96392]]],[[[113.81197,-28.74779],[113.81729,-28.74269],[113.81398,-28.74477],[113.8104,-28.74364],[113.81197,-28.74779]]],[[[122.29885,-34.02135],[122.30061,-34.0244],[122.30088,-34.02265],[122.30298,-34.02282],[122.30014,-34.02022],[122.29885,-34.02135]]],[[[115.19709,-34.40381],[115.19604,-34.4022],[115.19343,-34.40297],[115.19515,-34.40515],[115.19868,-34.40606],[115.19709,-34.40381]]],[[[115.01245,-34.22327],[115.01547,-34.22472],[115.01683,-34.222],[115.01313,-34.22029],[115.01465,-34.22192],[115.01245,-34.22327]]],[[[117.94111,-35.06225],[117.94098,-35.0635],[117.94305,-35.06402],[117.94738,-35.0621],[117.94111,-35.06225]]],[[[121.93329,-34.13629],[121.93738,-34.13541],[121.93451,-34.13356],[121.93216,-34.13492],[121.93329,-34.13629]]],[[[113.83657,-28.69763],[113.83772,-28.69492],[113.83542,-28.69236],[113.83427,-28.69483],[113.83657,-28.69763]]],[[[122.57542,-34.00923],[122.57941,-34.00725],[122.5765,-34.00607],[122.5744,-34.0076],[122.57542,-34.00923]]],[[[122.30318,-33.96348],[122.30699,-33.96487],[122.30141,-33.95829],[122.30318,-33.96348]]],[[[114.98928,-30.33084],[114.98349,-30.33424],[114.9838,-30.3361],[114.98863,-30.3334],[114.98928,-30.33084]]],[[[122.56421,-33.95056],[122.56774,-33.949],[122.56138,-33.94799],[122.56421,-33.95056]]],[[[113.99405,-28.865],[114.00068,-28.86318],[113.99586,-28.86263],[113.99391,-28.86356],[113.99405,-28.865]]],[[[122.07401,-34.22173],[122.07686,-34.22103],[122.07469,-34.21884],[122.07274,-34.21894],[122.07203,-34.22118],[122.07401,-34.22173]]],[[[122.28355,-33.99472],[122.28315,-33.99145],[122.28085,-33.99122],[122.28017,-33.99246],[122.28355,-33.99472]]],[[[117.6948,-35.05116],[117.6914,-35.0486],[117.69224,-35.05211],[117.6946,-35.05262],[117.6948,-35.05116]]],[[[117.78794,-35.10559],[117.78571,-35.10663],[117.78794,-35.1089],[117.7892,-35.10742],[117.78794,-35.10559]]],[[[117.86223,-35.1173],[117.86262,-35.11853],[117.86628,-35.11759],[117.86358,-35.11569],[117.86223,-35.1173]]],[[[114.04047,-28.79948],[114.03783,-28.79937],[114.03788,-28.80037],[114.04277,-28.80113],[114.04047,-28.79948]]],[[[121.9659,-34.12104],[121.96853,-34.12432],[121.96861,-34.12183],[121.96624,-34.11996],[121.9659,-34.12104]]],[[[113.97568,-28.86683],[113.97802,-28.86613],[113.97689,-28.86292],[113.97456,-28.86529],[113.97717,-28.86544],[113.97568,-28.86683]]],[[[121.63932,-34.01448],[121.64237,-34.01382],[121.64322,-34.01164],[121.64116,-34.01262],[121.63921,-34.0115],[121.63814,-34.01413],[121.63932,-34.01448]]],[[[122.71931,-33.98697],[122.7212,-33.98505],[122.71754,-33.98415],[122.71687,-33.98505],[122.71931,-33.98697]]],[[[117.2572,-35.02721],[117.25389,-35.02774],[117.25341,-35.02908],[117.25934,-35.02806],[117.2572,-35.02721]]],[[[115.16657,-34.29001],[115.1688,-34.29099],[115.16987,-34.28737],[115.16657,-34.29001]]],[[[122.34886,-34.21032],[122.35048,-34.20879],[122.34824,-34.20778],[122.34607,-34.20981],[122.34886,-34.21032]]],[[[122.02007,-34.16383],[122.01817,-34.1649],[122.02047,-34.16592],[122.02225,-34.16242],[122.02007,-34.16383]]],[[[113.78694,-28.72943],[113.78718,-28.72512],[113.78472,-28.72777],[113.78694,-28.72943]]],[[[122.04882,-34.04106],[122.05126,-34.04021],[122.04977,-34.03806],[122.04882,-34.04106]]],[[[122.65258,-34.00639],[122.65555,-34.00441],[122.6525,-34.00408],[122.65258,-34.00639]]],[[[115.31566,-31.00765],[115.3179,-31.00843],[115.31842,-31.00711],[115.31623,-31.00421],[115.31566,-31.00765]]],[[[119.13577,-34.5045],[119.13376,-34.50306],[119.13168,-34.50394],[119.13278,-34.50511],[119.13577,-34.5045]]],[[[122.87168,-33.98968],[122.87318,-33.99272],[122.87575,-33.99057],[122.87168,-33.98968]]],[[[115.01808,-30.45447],[115.0187,-30.45749],[115.01964,-30.45454],[115.02147,-30.45405],[115.01808,-30.45447]]],[[[118.15709,-35.02808],[118.1584,-35.02959],[118.16173,-35.02938],[118.15764,-35.02721],[118.15709,-35.02808]]],[[[122.06509,-34.23143],[122.06665,-34.23137],[122.06642,-34.22911],[122.06402,-34.22811],[122.06509,-34.23143]]],[[[115.10627,-30.68338],[115.10815,-30.68335],[115.10538,-30.67998],[115.10436,-30.68242],[115.10627,-30.68338]]],[[[122.71664,-33.94852],[122.71786,-33.94649],[122.71434,-33.94616],[122.71664,-33.94852]]],[[[122.6821,-34.0177],[122.684,-34.01803],[122.68474,-34.01605],[122.68101,-34.01618],[122.6821,-34.0177]]],[[[121.8918,-33.90273],[121.89003,-33.90106],[121.88968,-33.90329],[121.89231,-33.90419],[121.8918,-33.90273]]],[[[114.99268,-30.32149],[114.99346,-30.32402],[114.99339,-30.31815],[114.99268,-30.32149]]],[[[122.30744,-34.02061],[122.30987,-34.02055],[122.30574,-34.01852],[122.30744,-34.02061]]],[[[122.23527,-34.01329],[122.2375,-34.01369],[122.23845,-34.01222],[122.23574,-34.01143],[122.23527,-34.01329]]],[[[122.81091,-33.92229],[122.81294,-33.92376],[122.81267,-33.92229],[122.80887,-33.92083],[122.81091,-33.92229]]],[[[122.81992,-33.97915],[122.82127,-33.97824],[122.81802,-33.97701],[122.81992,-33.97915]]],[[[122.7532,-34.0461],[122.75712,-34.04529],[122.7536,-34.04457],[122.7532,-34.0461]]],[[[122.01348,-34.16867],[122.01572,-34.16896],[122.01518,-34.16704],[122.01308,-34.16704],[122.01348,-34.16867]]],[[[115.15619,-34.38142],[115.15822,-34.37968],[115.15794,-34.3768],[115.15619,-34.38142]]],[[[122.97213,-33.90558],[122.97307,-33.90377],[122.9717,-33.90085],[122.97213,-33.90558]]],[[[121.99055,-34.45858],[121.99192,-34.45723],[121.9909,-34.45525],[121.99055,-34.45858]]],[[[121.60432,-34.04316],[121.60622,-34.04266],[121.6059,-34.0408],[121.604,-34.04124],[121.60432,-34.04316]]],[[[122.86874,-34.00196],[122.87063,-34.00178],[122.87089,-34.00008],[122.86859,-34.00021],[122.86874,-34.00196]]],[[[121.64678,-33.89976],[121.65004,-33.89878],[121.64932,-33.89705],[121.64678,-33.89976]]],[[[121.96392,-33.85482],[121.96724,-33.85418],[121.96098,-33.85375],[121.96392,-33.85482]]],[[[122.07599,-34.21786],[122.07821,-34.21762],[122.07828,-34.21604],[122.07659,-34.21558],[122.07599,-34.21786]]],[[[115.99454,-34.84917],[115.99568,-34.85066],[115.99784,-34.84879],[115.99655,-34.8477],[115.99454,-34.84917]]],[[[113.83351,-28.72695],[113.83584,-28.7239],[113.83324,-28.72529],[113.83351,-28.72695]]],[[[122.31863,-34.14699],[122.31664,-34.14393],[122.3169,-34.14662],[122.31863,-34.14699]]],[[[121.8639,-34.05768],[121.86627,-34.05684],[121.86567,-34.05537],[121.8639,-34.05768]]],[[[121.6989,-33.99568],[121.69904,-33.99444],[121.69566,-33.99453],[121.6989,-33.99568]]],[[[121.89173,-34.14337],[121.8939,-34.14242],[121.89045,-34.14207],[121.89173,-34.14337]]],[[[123.02977,-34.11367],[123.03195,-34.11142],[123.0295,-34.1122],[123.02977,-34.11367]]],[[[122.24263,-34.02922],[122.24405,-34.02916],[122.24405,-34.0273],[122.24202,-34.02747],[122.24263,-34.02922]]],[[[121.82078,-33.91098],[121.82114,-33.90988],[121.81889,-33.90929],[121.81692,-33.91141],[121.81963,-33.91015],[121.82078,-33.91098]]],[[[121.98134,-34.12513],[121.97951,-34.12592],[121.98113,-34.1275],[121.98134,-34.12513]]],[[[121.89814,-34.13521],[121.8991,-34.13358],[121.8972,-34.13329],[121.89814,-34.13521]]],[[[122.47785,-33.9534],[122.47758,-33.95227],[122.47433,-33.95204],[122.47785,-33.9534]]],[[[121.87211,-34.04274],[121.87408,-34.04156],[121.87219,-34.04099],[121.87211,-34.04274]]],[[[113.89731,-28.89854],[113.89931,-28.89589],[113.89684,-28.89625],[113.89731,-28.89854]]],[[[122.67382,-33.92287],[122.67476,-33.92107],[122.67354,-33.92028],[122.67382,-33.92287]]],[[[122.50703,-34.19516],[122.50866,-34.19543],[122.50893,-34.19391],[122.50689,-34.19352],[122.50703,-34.19516]]],[[[121.97146,-33.87761],[121.97262,-33.87655],[121.9703,-33.8756],[121.96976,-33.87741],[121.97146,-33.87761]]],[[[122.84671,-34.13078],[122.84827,-34.13009],[122.84724,-34.12863],[122.84671,-34.13078]]],[[[117.85884,-35.1166],[117.85995,-35.11726],[117.86118,-35.1156],[117.85782,-35.11523],[117.85884,-35.1166]]],[[[113.98686,-28.87141],[113.98829,-28.87088],[113.98743,-28.86882],[113.98686,-28.87141]]],[[[122.30064,-33.98863],[122.30213,-33.98727],[122.29997,-33.98671],[122.30064,-33.98863]]],[[[121.65525,-34.02099],[121.65716,-34.01953],[121.65432,-34.01941],[121.65525,-34.02099]]],[[[122.06325,-34.05889],[122.06508,-34.05906],[122.06521,-34.05765],[122.06298,-34.0573],[122.06325,-34.05889]]],[[[115.04554,-30.52311],[115.04635,-30.52454],[115.0473,-30.52253],[115.04598,-30.52065],[115.04554,-30.52311]]],[[[122.93628,-33.96186],[122.93993,-33.96015],[122.93763,-33.96005],[122.93628,-33.96186]]],[[[122.34213,-34.11657],[122.34548,-34.11597],[122.34281,-34.11455],[122.34213,-34.11657]]],[[[119.36339,-34.48189],[119.36673,-34.48002],[119.36439,-34.48024],[119.36339,-34.48189]]],[[[117.65004,-35.07175],[117.64909,-35.0705],[117.64768,-35.07128],[117.64894,-35.07262],[117.65004,-35.07175]]],[[[121.96996,-34.12099],[121.97254,-34.12077],[121.97044,-34.11929],[121.96996,-34.12099]]],[[[122.30707,-33.99376],[122.30803,-33.99049],[122.3064,-33.9915],[122.30707,-33.99376]]],[[[122.57424,-34.00161],[122.57485,-34.0002],[122.57254,-33.99953],[122.57424,-34.00161]]],[[[114.99353,-33.66956],[114.99421,-33.67054],[114.99357,-33.6666],[114.99353,-33.66956]]],[[[122.63073,-33.99157],[122.63195,-33.99066],[122.63005,-33.98965],[122.63073,-33.99157]]],[[[122.21281,-34.14992],[122.2141,-34.14845],[122.2122,-34.14794],[122.21281,-34.14992]]],[[[121.82628,-33.89635],[121.82744,-33.89519],[121.82491,-33.89421],[121.82628,-33.89635]]],[[[122.89744,-33.96469],[122.89866,-33.96536],[122.89824,-33.96322],[122.89608,-33.96401],[122.89744,-33.96469]]],[[[115.19025,-30.83008],[115.18781,-30.82704],[115.188,-30.829],[115.19025,-30.83008]]],[[[119.29059,-34.50494],[119.29093,-34.5031],[119.28909,-34.50309],[119.29059,-34.50494]]],[[[122.21529,-34.36732],[122.21681,-34.36768],[122.21739,-34.36635],[122.21559,-34.36592],[122.21529,-34.36732]]],[[[122.22058,-34.13103],[122.21956,-34.13278],[122.22139,-34.13323],[122.22058,-34.13103]]],[[[122.21431,-34.15008],[122.21506,-34.15245],[122.21587,-34.15115],[122.21431,-34.15008]]],[[[118.65791,-34.70345],[118.65589,-34.70544],[118.65772,-34.70548],[118.65791,-34.70345]]],[[[116.73089,-35.06747],[116.72851,-35.06856],[116.73055,-35.06867],[116.73089,-35.06747]]],[[[117.67719,-35.0735],[117.67903,-35.07319],[117.6786,-35.07208],[117.67653,-35.07213],[117.67719,-35.0735]]],[[[122.48824,-34.19503],[122.48939,-34.19457],[122.48783,-34.19283],[122.48824,-34.19503]]],[[[121.92394,-34.13985],[121.92559,-34.14078],[121.92632,-34.13987],[121.92451,-34.13879],[121.92394,-34.13985]]],[[[121.88625,-34.04829],[121.88814,-34.04931],[121.88484,-34.04653],[121.88625,-34.04829]]],[[[122.21825,-34.26272],[122.21988,-34.26091],[122.21845,-34.26091],[122.21825,-34.26272]]],[[[114.00139,-28.87187],[114.00313,-28.87087],[114.00074,-28.87052],[114.00139,-28.87187]]],[[[116.48591,-35.03336],[116.48849,-35.03184],[116.48669,-35.03158],[116.48591,-35.03336]]],[[[122.19712,-34.01713],[122.19827,-34.01577],[122.19712,-34.01464],[122.19712,-34.01713]]],[[[122.59507,-33.93354],[122.59602,-33.93241],[122.59439,-33.93174],[122.59507,-33.93354]]],[[[122.20821,-34.0452],[122.20651,-34.04576],[122.20712,-34.047],[122.20821,-34.0452]]],[[[113.96761,-28.86912],[113.96955,-28.86658],[113.96708,-28.86768],[113.96761,-28.86912]]],[[[122.1223,-34.10491],[122.12503,-34.10308],[122.12226,-34.10318],[122.1223,-34.10491]]],[[[122.15022,-34.2233],[122.14806,-34.22438],[122.15038,-34.22437],[122.15022,-34.2233]]],[[[122.11094,-34.09885],[122.11236,-34.09891],[122.1125,-34.09733],[122.11094,-34.09885]]],[[[115.20512,-34.41388],[115.20718,-34.4143],[115.20565,-34.41287],[115.20512,-34.41388]]],[[[113.96451,-28.87281],[113.96586,-28.8709],[113.96385,-28.87178],[113.96451,-28.87281]]],[[[122.12664,-34.1427],[122.12786,-34.14197],[122.12691,-34.14084],[122.12664,-34.1427]]],[[[115.00844,-30.28194],[115.00786,-30.28118],[115.00754,-30.28416],[115.00844,-30.28194]]],[[[113.87274,-28.91743],[113.87379,-28.91646],[113.87234,-28.9156],[113.87274,-28.91743]]],[[[113.88311,-28.90935],[113.88448,-28.90848],[113.882,-28.90838],[113.88311,-28.90935]]],[[[121.88642,-33.9293],[121.88803,-33.92836],[121.88639,-33.92806],[121.88531,-33.929],[121.88642,-33.9293]]],[[[122.2158,-34.37141],[122.21431,-34.37158],[122.21478,-34.37293],[122.2158,-34.37141]]],[[[121.94358,-34.17916],[121.94541,-34.17945],[121.94345,-34.17758],[121.94358,-34.17916]]],[[[122.14801,-34.20479],[122.14876,-34.20304],[122.1474,-34.20332],[122.14801,-34.20479]]],[[[122.56995,-34.01145],[122.57205,-34.0106],[122.569,-34.01027],[122.56995,-34.01145]]],[[[118.37561,-34.94788],[118.37745,-34.94716],[118.37643,-34.9465],[118.37561,-34.94788]]],[[[121.81682,-33.90944],[121.8144,-33.909],[121.81446,-33.91025],[121.81682,-33.90944]]],[[[122.16234,-34.07692],[122.16132,-34.07528],[122.16098,-34.07686],[122.16234,-34.07692]]],[[[113.78698,-28.77565],[113.78808,-28.77467],[113.78664,-28.77376],[113.78698,-28.77565]]],[[[115.04466,-30.53178],[115.04522,-30.53272],[115.04492,-30.52969],[115.04466,-30.53178]]],[[[122.66107,-33.98592],[122.66188,-33.98468],[122.65972,-33.98535],[122.66107,-33.98592]]],[[[117.64929,-35.07514],[117.65062,-35.07627],[117.65051,-35.07444],[117.64929,-35.07514]]],[[[121.87834,-33.91536],[121.87954,-33.91426],[121.87729,-33.91452],[121.87834,-33.91536]]],[[[114.94394,-30.13057],[114.94527,-30.13017],[114.94467,-30.12908],[114.94394,-30.13057]]],[[[122.03568,-33.87604],[122.03663,-33.87514],[122.03479,-33.87472],[122.03568,-33.87604]]],[[[115.5506,-32.02045],[115.55155,-32.01957],[115.55011,-32.01875],[115.5506,-32.02045]]],[[[117.69783,-35.05153],[117.69678,-35.05072],[117.69717,-35.05241],[117.69783,-35.05153]]],[[[121.97636,-33.97605],[121.97734,-33.97502],[121.97541,-33.97537],[121.97636,-33.97605]]],[[[121.98517,-33.92958],[121.98517,-33.92856],[121.98348,-33.92958],[121.98517,-33.92958]]],[[[115.0062,-30.31229],[115.00576,-30.31096],[115.00489,-30.31206],[115.0062,-30.31229]]],[[[121.64135,-34.01584],[121.64053,-34.01657],[121.64215,-34.01664],[121.64135,-34.01584]]],[[[115.11442,-30.65749],[115.11597,-30.65686],[115.1146,-30.65625],[115.11442,-30.65749]]],[[[115.69072,-32.29348],[115.69083,-32.29191],[115.6896,-32.29273],[115.69072,-32.29348]]],[[[114.87852,-29.80778],[114.87913,-29.80688],[114.8778,-29.807],[114.87852,-29.80778]]],[[[126.896,-13.69456],[126.89641,-13.69247],[126.89408,-13.6913],[126.896,-13.69456]]],[[[126.9144,-13.6935],[126.91643,-13.69375],[126.91487,-13.69135],[126.919,-13.69304],[126.91712,-13.68871],[126.91309,-13.68968],[126.9144,-13.6935]]],[[[123.58998,-17.57165],[123.58689,-17.56866],[123.58617,-17.57428],[123.58835,-17.57653],[123.59183,-17.57501],[123.58998,-17.57165]]],[[[124.0955,-33.72259],[124.09537,-33.72496],[124.09861,-33.72451],[124.1017,-33.71707],[124.0955,-33.72259]]],[[[123.96464,-33.64166],[123.97042,-33.63861],[123.96953,-33.63692],[123.96655,-33.63776],[123.96464,-33.64166]]],[[[124.08035,-33.72971],[124.0794,-33.72847],[124.07765,-33.73038],[124.08076,-33.7314],[124.08035,-33.72971]]],[[[124.16407,-33.72121],[124.1646,-33.71918],[124.16272,-33.72043],[124.16407,-33.72121]]],[[[123.99981,-33.63602],[123.9994,-33.63456],[123.99792,-33.63523],[123.99981,-33.63602]]],[[[123.54178,-17.28453],[123.54434,-17.28986],[123.54964,-17.28966],[123.54942,-17.28592],[123.55383,-17.27363],[123.55158,-17.25248],[123.55187,-17.24141],[123.54368,-17.23255],[123.54073,-17.23525],[123.53846,-17.24202],[123.54019,-17.2487],[123.53886,-17.25525],[123.54178,-17.28453]]],[[[123.42318,-17.32409],[123.42285,-17.32092],[123.40727,-17.30739],[123.40143,-17.29979],[123.39954,-17.30068],[123.3975,-17.30734],[123.39807,-17.3113],[123.40168,-17.31742],[123.40977,-17.32289],[123.42318,-17.32409]]],[[[123.44969,-17.34004],[123.45616,-17.34222],[123.45791,-17.33586],[123.45563,-17.33001],[123.44966,-17.3249],[123.44425,-17.32397],[123.44317,-17.32769],[123.44537,-17.33516],[123.44969,-17.34004]]],[[[123.5313,-17.33218],[123.53546,-17.32497],[123.53524,-17.32124],[123.52825,-17.30708],[123.52588,-17.31068],[123.52762,-17.31442],[123.52582,-17.32142],[123.52779,-17.32832],[123.5313,-17.33218]]],[[[123.50373,-17.4016],[123.50609,-17.40059],[123.49955,-17.39093],[123.49302,-17.38796],[123.48806,-17.37828],[123.48191,-17.37437],[123.48039,-17.37678],[123.48346,-17.38137],[123.4871,-17.38341],[123.48858,-17.38955],[123.50078,-17.398],[123.50373,-17.4016]]],[[[123.51968,-17.34998],[123.52129,-17.35632],[123.52446,-17.35837],[123.52612,-17.35646],[123.52618,-17.34436],[123.52127,-17.33745],[123.51715,-17.33743],[123.51575,-17.33595],[123.51619,-17.34127],[123.51968,-17.34998]]],[[[123.54596,-17.31846],[123.55188,-17.31148],[123.55179,-17.30526],[123.54829,-17.30027],[123.54298,-17.30364],[123.54225,-17.3068],[123.54596,-17.31846]]],[[[123.42696,-17.30127],[123.42873,-17.30027],[123.42839,-17.29823],[123.42361,-17.2895],[123.41916,-17.2853],[123.41681,-17.28506],[123.41609,-17.28799],[123.41782,-17.29377],[123.42191,-17.29842],[123.42696,-17.30127]]],[[[123.54087,-17.30114],[123.54547,-17.2997],[123.54642,-17.29733],[123.54374,-17.29268],[123.53857,-17.2913],[123.53727,-17.29197],[123.53737,-17.29525],[123.54087,-17.30114]]],[[[123.41775,-17.32734],[123.42047,-17.32509],[123.41,-17.32458],[123.41775,-17.32734]]],[[[123.42369,-17.31708],[123.42347,-17.31471],[123.41702,-17.3114],[123.42369,-17.31708]]],[[[123.5848,-17.34395],[123.58692,-17.34294],[123.58516,-17.34236],[123.5848,-17.34395]]],[[[123.67611,-17.04335],[123.67964,-17.04223],[123.68259,-17.03874],[123.68274,-17.03128],[123.67749,-17.02166],[123.66973,-17.02242],[123.66901,-17.02592],[123.66537,-17.02692],[123.66466,-17.02839],[123.66427,-17.03573],[123.6726,-17.03972],[123.67611,-17.04335]]],[[[123.90704,-16.88471],[123.91786,-16.88241],[123.92014,-16.87564],[123.91732,-16.8754],[123.90965,-16.881],[123.90704,-16.88471]]],[[[123.68146,-17.05501],[123.68228,-17.05728],[123.68535,-17.05198],[123.6871,-17.04023],[123.68511,-17.03962],[123.68149,-17.04936],[123.68146,-17.05501]]],[[[123.3139,-17.08615],[123.31999,-17.0898],[123.32505,-17.09017],[123.32483,-17.08768],[123.31979,-17.08403],[123.31193,-17.08263],[123.3139,-17.08615]]],[[[123.70525,-16.76136],[123.71088,-16.76185],[123.70848,-16.75471],[123.70295,-16.75614],[123.70303,-16.75998],[123.70525,-16.76136]]],[[[123.89317,-16.8715],[123.8999,-16.86669],[123.89462,-16.86586],[123.89189,-16.87025],[123.89317,-16.8715]]],[[[123.5407,-16.63281],[123.54635,-16.62958],[123.54355,-16.62877],[123.53508,-16.63152],[123.5407,-16.63281]]],[[[123.83728,-16.90377],[123.84104,-16.90345],[123.84824,-16.89819],[123.84001,-16.90085],[123.83728,-16.90377]]],[[[123.94678,-16.86045],[123.95066,-16.8589],[123.9534,-16.85372],[123.94608,-16.85955],[123.94678,-16.86045]]],[[[123.61693,-16.72121],[123.61851,-16.72094],[123.61661,-16.71659],[123.61469,-16.71678],[123.61413,-16.71983],[123.61693,-16.72121]]],[[[123.48336,-16.65705],[123.48841,-16.65642],[123.48186,-16.65478],[123.48126,-16.65624],[123.48336,-16.65705]]],[[[123.66714,-17.02512],[123.6668,-17.02161],[123.66492,-17.02082],[123.66538,-17.0241],[123.66714,-17.02512]]],[[[123.56804,-16.62438],[123.57086,-16.62339],[123.56453,-16.62379],[123.56804,-16.62438]]],[[[123.53839,-16.62838],[123.54074,-16.62795],[123.53865,-16.62635],[123.53746,-16.62747],[123.53839,-16.62838]]],[[[123.55545,-16.62209],[123.55476,-16.6205],[123.55393,-16.62173],[123.55545,-16.62209]]],[[[123.83554,-16.90081],[123.83719,-16.90003],[123.83414,-16.90046],[123.83554,-16.90081]]],[[[123.11236,-16.79332],[123.11089,-16.79129],[123.11058,-16.79244],[123.11236,-16.79332]]],[[[123.20533,-34.1165],[123.20654,-34.11943],[123.20994,-34.11797],[123.21388,-34.11279],[123.21539,-34.10761],[123.20808,-34.10388],[123.21652,-34.0898],[123.21519,-34.08089],[123.20933,-34.09057],[123.20174,-34.09293],[123.19375,-34.09077],[123.18872,-34.09448],[123.18682,-34.09459],[123.18561,-34.09244],[123.18099,-34.0957],[123.17829,-34.09333],[123.17612,-34.094],[123.17383,-34.08982],[123.1703,-34.09038],[123.16703,-34.09533],[123.16729,-34.09906],[123.15749,-34.11031],[123.16113,-34.11686],[123.16399,-34.11269],[123.16819,-34.11428],[123.17063,-34.11372],[123.17333,-34.11756],[123.17197,-34.12038],[123.17317,-34.12444],[123.17645,-34.11858],[123.17715,-34.11114],[123.18258,-34.10676],[123.18841,-34.10677],[123.19383,-34.10858],[123.19299,-34.11738],[123.19747,-34.11558],[123.2021,-34.10837],[123.2059,-34.10771],[123.2067,-34.11188],[123.20371,-34.11402],[123.20533,-34.1165]]],[[[123.5393,-34.36531],[123.53386,-34.36881],[123.53128,-34.37445],[123.53401,-34.37805],[123.53733,-34.37825],[123.53945,-34.37681],[123.54379,-34.37335],[123.54528,-34.36767],[123.54882,-34.3653],[123.55262,-34.36518],[123.55955,-34.35999],[123.56316,-34.35414],[123.55952,-34.35236],[123.55845,-34.34485],[123.56202,-34.33715],[123.55829,-34.33812],[123.55437,-34.3503],[123.55097,-34.35357],[123.54435,-34.35523],[123.54282,-34.35685],[123.54518,-34.36068],[123.54473,-34.36463],[123.5393,-34.36531]]],[[[124.14656,-33.84401],[124.14102,-33.84243],[124.13832,-33.83996],[124.13386,-33.83985],[124.13089,-33.84267],[124.13035,-33.84549],[124.13522,-33.84887],[124.13536,-33.85191],[124.13698,-33.85281],[124.13483,-33.85732],[124.13199,-33.85856],[124.13024,-33.86251],[124.13119,-33.86398],[124.13619,-33.86532],[124.14065,-33.86273],[124.14037,-33.85506],[124.14656,-33.84401]]],[[[123.24236,-34.02743],[123.24274,-34.03126],[123.24533,-34.03147],[123.24551,-34.02924],[123.24831,-34.02951],[123.2515,-34.02445],[123.25751,-34.02352],[123.25927,-34.02015],[123.2583,-34.01845],[123.24264,-34.02417],[123.24451,-34.02682],[123.24236,-34.02743]]],[[[123.53019,-34.01907],[123.52724,-34.02229],[123.52881,-34.02369],[123.53273,-34.02088],[123.53407,-34.01265],[123.53508,-34.01069],[123.53714,-34.01103],[123.53712,-34.00891],[123.53464,-34.00729],[123.52789,-34.00669],[123.52694,-34.00488],[123.52402,-34.00869],[123.53041,-34.00972],[123.52989,-34.01349],[123.53191,-34.01592],[123.53019,-34.01907]]],[[[123.59658,-34.24009],[123.61705,-34.22338],[123.61013,-34.22677],[123.60728,-34.22666],[123.60322,-34.23264],[123.59563,-34.23829],[123.59658,-34.24009]]],[[[123.18863,-34.07903],[123.1801,-34.07777],[123.17873,-34.08036],[123.18319,-34.08714],[123.18536,-34.08624],[123.18863,-34.07903]]],[[[123.64168,-33.88885],[123.64451,-33.88682],[123.64583,-33.88917],[123.64775,-33.88705],[123.65225,-33.88734],[123.65431,-33.88538],[123.6525,-33.88459],[123.64681,-33.88604],[123.64249,-33.88433],[123.636,-33.88544],[123.63382,-33.88746],[123.64113,-33.88726],[123.64168,-33.88885]]],[[[123.28797,-34.02412],[123.29266,-34.02374],[123.29607,-34.0177],[123.2944,-34.01482],[123.29228,-34.01515],[123.29146,-34.01816],[123.28726,-34.02146],[123.28797,-34.02412]]],[[[123.23432,-34.07212],[123.23785,-34.07044],[123.23312,-34.06513],[123.23394,-34.0622],[123.23258,-34.06163],[123.22973,-34.06355],[123.22999,-34.06885],[123.23432,-34.07212]]],[[[123.10236,-34.09833],[123.10412,-34.098],[123.10506,-34.10026],[123.10914,-34.097],[123.10698,-34.09564],[123.10863,-34.09068],[123.10455,-34.09349],[123.10184,-34.09292],[123.10047,-34.09641],[123.10236,-34.09833]]],[[[124.09637,-33.73328],[124.09502,-33.73249],[124.09273,-33.73441],[124.09381,-33.73587],[124.09138,-33.73869],[124.09557,-33.73891],[124.09908,-33.737],[124.10056,-33.73203],[124.09637,-33.73328]]],[[[123.13655,-34.16551],[123.14008,-34.16417],[123.14292,-34.16711],[123.14645,-34.16678],[123.14212,-34.16271],[123.13847,-34.1618],[123.1348,-34.16213],[123.13439,-34.16472],[123.13655,-34.16551]]],[[[123.88604,-34.10834],[123.89131,-34.10246],[123.88832,-34.10044],[123.88465,-34.10169],[123.88604,-34.10834]]],[[[123.23377,-34.04014],[123.23641,-34.04274],[123.24232,-34.04256],[123.24396,-34.04108],[123.23975,-34.03949],[123.23671,-34.04068],[123.23193,-34.03691],[123.23098,-34.03824],[123.23377,-34.04014]]],[[[124.12712,-33.85864],[124.1305,-33.85639],[124.12968,-33.8547],[124.12455,-33.85256],[124.12509,-33.85763],[124.12712,-33.85864]]],[[[123.06578,-34.12287],[123.06972,-34.12063],[123.07256,-34.12086],[123.07257,-34.11962],[123.06999,-34.11962],[123.06716,-34.11724],[123.06578,-34.12287]]],[[[124.15866,-33.76772],[124.1658,-33.76162],[124.16526,-33.76016],[124.15906,-33.76422],[124.15866,-33.76772]]],[[[123.13976,-33.98084],[123.14128,-33.97736],[123.1398,-33.97644],[123.1353,-33.97991],[123.13788,-33.97891],[123.13976,-33.98084]]],[[[123.23556,-34.03161],[123.24061,-34.02988],[123.24162,-34.02811],[123.2358,-34.02895],[123.23556,-34.03161]]],[[[123.06853,-34.11615],[123.0737,-34.11358],[123.07113,-34.11109],[123.06732,-34.1148],[123.06853,-34.11615]]],[[[123.3429,-34.16606],[123.34711,-34.16505],[123.34724,-34.16302],[123.34426,-34.16245],[123.34209,-34.16493],[123.3429,-34.16606]]],[[[124.04008,-33.76911],[124.04346,-33.76641],[124.04238,-33.7646],[124.03927,-33.76663],[124.04008,-33.76911]]],[[[123.15814,-34.02301],[123.16445,-34.02476],[123.16542,-34.02341],[123.15512,-34.02184],[123.15814,-34.02301]]],[[[123.14848,-33.98845],[123.15013,-33.98576],[123.14799,-33.98372],[123.14689,-33.98484],[123.14848,-33.98845]]],[[[123.74101,-33.82106],[123.74653,-33.81402],[123.74169,-33.81787],[123.74101,-33.82106]]],[[[123.22717,-34.05802],[123.2284,-34.05644],[123.2261,-34.05497],[123.22487,-34.05711],[123.22717,-34.05802]]],[[[123.22013,-34.00534],[123.22122,-34.00365],[123.21742,-34.00399],[123.22013,-34.00534]]],[[[124.08944,-33.74648],[124.09079,-33.74468],[124.0897,-33.74276],[124.08809,-33.74366],[124.08944,-33.74648]]],[[[123.33734,-33.92319],[123.33979,-33.92117],[123.33926,-33.91981],[123.33734,-33.92319]]],[[[123.16205,-34.00105],[123.16417,-33.99959],[123.16368,-33.99803],[123.16205,-34.00105]]],[[[123.25905,-34.05239],[123.2596,-34.04923],[123.25797,-34.05103],[123.25905,-34.05239]]],[[[124.11984,-33.85419],[124.12295,-33.85158],[124.11903,-33.85317],[124.11984,-33.85419]]],[[[123.54138,-34.00299],[123.54178,-34.00074],[123.53961,-34.00029],[123.54138,-34.00299]]],[[[123.55064,-33.99554],[123.5539,-33.99386],[123.55064,-33.99441],[123.55064,-33.99554]]],[[[123.07075,-34.07287],[123.07238,-34.07197],[123.07144,-34.07107],[123.06899,-34.07196],[123.07075,-34.07287]]],[[[123.1263,-34.07652],[123.12807,-34.07404],[123.12644,-34.07449],[123.1263,-34.07652]]],[[[123.98271,-33.82743],[123.98379,-33.82495],[123.98149,-33.82698],[123.98271,-33.82743]]],[[[123.14215,-33.93181],[123.14298,-33.92945],[123.14093,-33.93147],[123.14215,-33.93181]]],[[[123.149,-33.95035],[123.15104,-33.94845],[123.14792,-33.94956],[123.149,-33.95035]]],[[[123.90251,-34.09306],[123.90331,-34.09046],[123.90182,-34.09114],[123.90251,-34.09306]]],[[[123.53275,-34.36012],[123.53356,-34.35922],[123.5318,-34.35832],[123.53275,-34.36012]]],[[[123.667,-33.84967],[123.6692,-33.84803],[123.66762,-33.84767],[123.667,-33.84967]]],[[[123.22757,-34.0623],[123.22744,-34.06106],[123.22567,-34.0614],[123.22757,-34.0623]]],[[[123.14565,-34.00377],[123.14728,-34.00276],[123.14593,-34.00231],[123.14565,-34.00377]]],[[[123.55355,-33.99313],[123.55464,-33.99178],[123.55274,-33.99245],[123.55355,-33.99313]]],[[[123.14881,-33.94156],[123.14978,-33.93998],[123.14828,-33.94043],[123.14881,-33.94156]]],[[[123.36346,-16.58404],[123.36827,-16.5842],[123.37011,-16.58749],[123.36913,-16.59121],[123.37159,-16.59112],[123.37508,-16.59353],[123.38238,-16.60208],[123.38624,-16.60279],[123.38798,-16.60462],[123.38707,-16.60167],[123.38943,-16.60068],[123.39052,-16.5973],[123.38636,-16.59126],[123.39037,-16.58904],[123.38867,-16.58371],[123.39126,-16.58261],[123.39023,-16.57954],[123.37894,-16.57152],[123.37817,-16.56722],[123.37573,-16.56539],[123.37396,-16.56628],[123.37188,-16.56343],[123.37343,-16.56118],[123.37064,-16.55811],[123.36469,-16.55601],[123.36521,-16.55082],[123.36194,-16.54966],[123.36185,-16.54694],[123.35676,-16.5409],[123.35948,-16.53833],[123.35777,-16.53345],[123.35862,-16.53097],[123.35474,-16.53206],[123.35242,-16.53012],[123.35308,-16.53397],[123.34858,-16.53833],[123.35016,-16.54434],[123.34816,-16.54489],[123.34905,-16.5493],[123.3537,-16.55376],[123.35374,-16.56111],[123.35859,-16.56737],[123.35717,-16.56871],[123.36055,-16.57044],[123.35772,-16.57268],[123.35935,-16.57348],[123.3584,-16.57472],[123.35955,-16.57722],[123.362,-16.57814],[123.36244,-16.58109],[123.36453,-16.58258],[123.36346,-16.58404]]],[[[123.47518,-16.63019],[123.47564,-16.63132],[123.47894,-16.62966],[123.48069,-16.63035],[123.48054,-16.63374],[123.492,-16.63746],[123.49354,-16.63544],[123.50545,-16.64075],[123.50955,-16.64045],[123.51121,-16.63854],[123.51438,-16.63891],[123.51674,-16.63701],[123.51594,-16.63474],[123.5176,-16.6326],[123.52683,-16.62421],[123.52782,-16.618],[123.52642,-16.61754],[123.52406,-16.61955],[123.52655,-16.61607],[123.52936,-16.61621],[123.52951,-16.61349],[123.53254,-16.60932],[123.53078,-16.60819],[123.52908,-16.60989],[123.52671,-16.60877],[123.52291,-16.61065],[123.52296,-16.60815],[123.52019,-16.60697],[123.51288,-16.6112],[123.51368,-16.61381],[123.51141,-16.61785],[123.50233,-16.62354],[123.50347,-16.62694],[123.50862,-16.62789],[123.50823,-16.63139],[123.50354,-16.6318],[123.50303,-16.62763],[123.49961,-16.62555],[123.50059,-16.62468],[123.49507,-16.62302],[123.49313,-16.61708],[123.49043,-16.61733],[123.48919,-16.61547],[123.48375,-16.61738],[123.47626,-16.61641],[123.47416,-16.61447],[123.47026,-16.61805],[123.46661,-16.61926],[123.45891,-16.61636],[123.45655,-16.61713],[123.46049,-16.62191],[123.4633,-16.62239],[123.46702,-16.62582],[123.46845,-16.62323],[123.47044,-16.6237],[123.4711,-16.62766],[123.47518,-16.63019]]],[[[123.34473,-16.42548],[123.34682,-16.42686],[123.34535,-16.42843],[123.34678,-16.4307],[123.34444,-16.43045],[123.34266,-16.43258],[123.34678,-16.44155],[123.34347,-16.44525],[123.3459,-16.44731],[123.35143,-16.44487],[123.35241,-16.44093],[123.35263,-16.44296],[123.3538,-16.44252],[123.35556,-16.44001],[123.35349,-16.43902],[123.35784,-16.43714],[123.35969,-16.43908],[123.36018,-16.43631],[123.35683,-16.43306],[123.35919,-16.43127],[123.35581,-16.42977],[123.35852,-16.4281],[123.36074,-16.42846],[123.36193,-16.42674],[123.35957,-16.42703],[123.35686,-16.42347],[123.35458,-16.42422],[123.35553,-16.42298],[123.35387,-16.41824],[123.35098,-16.42124],[123.35067,-16.41897],[123.34878,-16.41907],[123.34774,-16.41692],[123.34634,-16.41724],[123.3477,-16.42121],[123.34252,-16.42387],[123.34473,-16.42548]]],[[[123.51792,-16.5875],[123.51601,-16.59031],[123.51622,-16.59292],[123.52025,-16.60064],[123.52306,-16.60134],[123.52279,-16.60484],[123.52466,-16.60588],[123.52656,-16.60273],[123.52868,-16.60218],[123.52894,-16.59936],[123.53119,-16.59689],[123.53257,-16.59939],[123.53469,-16.59873],[123.53294,-16.59736],[123.53472,-16.59557],[123.53634,-16.59807],[123.53798,-16.5974],[123.53803,-16.59209],[123.52925,-16.59145],[123.52973,-16.58987],[123.52685,-16.58442],[123.52725,-16.57956],[123.51834,-16.58027],[123.51792,-16.5875]]],[[[123.10111,-16.42602],[123.09937,-16.42408],[123.09642,-16.42653],[123.09163,-16.42512],[123.09079,-16.42704],[123.09275,-16.42921],[123.09767,-16.42971],[123.09926,-16.43357],[123.1021,-16.43112],[123.10385,-16.43136],[123.10489,-16.43307],[123.10413,-16.43747],[123.11022,-16.43788],[123.11354,-16.43452],[123.11468,-16.43736],[123.12465,-16.43566],[123.12708,-16.43817],[123.12992,-16.4356],[123.12609,-16.43285],[123.11299,-16.43101],[123.11221,-16.42818],[123.10975,-16.42758],[123.10733,-16.42428],[123.10111,-16.42602]]],[[[123.38738,-16.52661],[123.39754,-16.52942],[123.40048,-16.52832],[123.39851,-16.52661],[123.39993,-16.52504],[123.39751,-16.52106],[123.39896,-16.51644],[123.39829,-16.51304],[123.39431,-16.51323],[123.38859,-16.5108],[123.38009,-16.51716],[123.38099,-16.52045],[123.38417,-16.51957],[123.38485,-16.52184],[123.38903,-16.52482],[123.38738,-16.52661]]],[[[123.6098,-16.42157],[123.61398,-16.42511],[123.62145,-16.42834],[123.62206,-16.42586],[123.62749,-16.42138],[123.6219,-16.41715],[123.61314,-16.41448],[123.61558,-16.41653],[123.61311,-16.41776],[123.60998,-16.41479],[123.60691,-16.41782],[123.60711,-16.4211],[123.6098,-16.42157]]],[[[123.45306,-16.53198],[123.45554,-16.53042],[123.45194,-16.52699],[123.44144,-16.52181],[123.43547,-16.52175],[123.42934,-16.52486],[123.43622,-16.52877],[123.44934,-16.52878],[123.44956,-16.5307],[123.45306,-16.53198]]],[[[123.48153,-16.41298],[123.48783,-16.41519],[123.49158,-16.41488],[123.49506,-16.41796],[123.49834,-16.41811],[123.50104,-16.41552],[123.47866,-16.40662],[123.4756,-16.40784],[123.47128,-16.40735],[123.4784,-16.40922],[123.47827,-16.41058],[123.48153,-16.41298]]],[[[123.47947,-16.61112],[123.48699,-16.6095],[123.48858,-16.6025],[123.49047,-16.60094],[123.49386,-16.60187],[123.49341,-16.60028],[123.48766,-16.6008],[123.48464,-16.59817],[123.48299,-16.59861],[123.48588,-16.60327],[123.47918,-16.6049],[123.47843,-16.60998],[123.47947,-16.61112]]],[[[123.40557,-16.60445],[123.40279,-16.60103],[123.39635,-16.60006],[123.40484,-16.60727],[123.41305,-16.60655],[123.4084,-16.60289],[123.40557,-16.60445]]],[[[123.55389,-16.60371],[123.55136,-16.60357],[123.55067,-16.60746],[123.55262,-16.60878],[123.5561,-16.60898],[123.55959,-16.60585],[123.55879,-16.60313],[123.55483,-16.60117],[123.55287,-16.5972],[123.55192,-16.599],[123.55389,-16.60371]]],[[[123.15266,-16.43438],[123.15903,-16.43083],[123.16484,-16.42175],[123.1546,-16.42852],[123.15517,-16.43011],[123.15266,-16.43438]]],[[[124.39988,-16.53473],[124.40458,-16.53283],[124.40541,-16.53103],[124.39979,-16.52908],[124.39522,-16.52917],[124.39521,-16.53268],[124.39988,-16.53473]]],[[[123.57594,-16.58745],[123.5762,-16.58417],[123.57399,-16.58257],[123.57081,-16.58367],[123.56368,-16.58192],[123.56495,-16.58408],[123.57594,-16.58745]]],[[[123.3831,-16.50928],[123.38874,-16.50786],[123.38806,-16.50548],[123.38339,-16.50397],[123.37998,-16.50473],[123.3831,-16.50928]]],[[[123.44334,-16.52002],[123.4514,-16.52202],[123.45038,-16.51895],[123.44102,-16.51683],[123.44066,-16.51852],[123.44334,-16.52002]]],[[[123.39258,-16.49885],[123.39399,-16.4983],[123.38991,-16.49645],[123.37573,-16.49643],[123.38005,-16.49828],[123.39258,-16.49885]]],[[[123.44236,-16.46496],[123.44321,-16.46248],[123.43887,-16.46244],[123.4355,-16.46049],[123.43809,-16.45881],[123.432,-16.45876],[123.43432,-16.4607],[123.43173,-16.46203],[123.44236,-16.46496]]],[[[123.47689,-16.49207],[123.47736,-16.49117],[123.47247,-16.4883],[123.4665,-16.4879],[123.46846,-16.49075],[123.47338,-16.49124],[123.47746,-16.49365],[123.47689,-16.49207]]],[[[123.54045,-16.58969],[123.54159,-16.57629],[123.54004,-16.5763],[123.53924,-16.58072],[123.53875,-16.58906],[123.54045,-16.58969]]],[[[123.10331,-16.44764],[123.10831,-16.44113],[123.10632,-16.44055],[123.10349,-16.4421],[123.10133,-16.4466],[123.10331,-16.44764]]],[[[123.54804,-16.41392],[123.55191,-16.41316],[123.54621,-16.40836],[123.54001,-16.40785],[123.54105,-16.40922],[123.54632,-16.40994],[123.54804,-16.41392]]],[[[123.08422,-16.44777],[123.0897,-16.44952],[123.08915,-16.44703],[123.08518,-16.44574],[123.08287,-16.44323],[123.08226,-16.44458],[123.08377,-16.44629],[123.08223,-16.44774],[123.08422,-16.44777]]],[[[123.38306,-16.51278],[123.38413,-16.51143],[123.37527,-16.50728],[123.37489,-16.50965],[123.38306,-16.51278]]],[[[123.49561,-16.40983],[123.49656,-16.40848],[123.49379,-16.40427],[123.48874,-16.40626],[123.49561,-16.40983]]],[[[123.67479,-16.40945],[123.67737,-16.40914],[123.67879,-16.40689],[123.67681,-16.4054],[123.6761,-16.40675],[123.67094,-16.40739],[123.67479,-16.40945]]],[[[124.88563,-16.41091],[124.87919,-16.4108],[124.87743,-16.4135],[124.88563,-16.41091]]],[[[123.36643,-16.5012],[123.36853,-16.50179],[123.36506,-16.49723],[123.36083,-16.49878],[123.36643,-16.5012]]],[[[123.09561,-16.41533],[123.0975,-16.41422],[123.09728,-16.4123],[123.09392,-16.40989],[123.09561,-16.41533]]],[[[123.43832,-16.51794],[123.43799,-16.51567],[123.4333,-16.51619],[123.4341,-16.51767],[123.43832,-16.51794]]],[[[123.44113,-16.47071],[123.44523,-16.47064],[123.4456,-16.4694],[123.43964,-16.46765],[123.43891,-16.47001],[123.44113,-16.47071]]],[[[123.55833,-16.45255],[123.56422,-16.45326],[123.56302,-16.45192],[123.5525,-16.45024],[123.55833,-16.45255]]],[[[123.31664,-16.57747],[123.31962,-16.57343],[123.31528,-16.57362],[123.31664,-16.57747]]],[[[124.43311,-16.49646],[124.43897,-16.49536],[124.43522,-16.49421],[124.43159,-16.49589],[124.43311,-16.49646]]],[[[123.08894,-16.43459],[123.09166,-16.43281],[123.08758,-16.43062],[123.0872,-16.43344],[123.08894,-16.43459]]],[[[124.43011,-16.5099],[124.43199,-16.50855],[124.4292,-16.50458],[124.43011,-16.5099]]],[[[123.35628,-16.48562],[123.36106,-16.48804],[123.35443,-16.483],[123.35628,-16.48562]]],[[[123.09263,-16.43972],[123.0943,-16.43702],[123.0914,-16.43507],[123.09263,-16.43972]]],[[[123.48368,-16.49258],[123.47869,-16.48767],[123.47728,-16.48811],[123.48368,-16.49258]]],[[[123.39985,-16.45235],[123.40268,-16.45068],[123.40176,-16.44886],[123.39906,-16.44985],[123.39985,-16.45235]]],[[[123.67379,-16.41634],[123.67836,-16.4157],[123.67908,-16.4139],[123.67379,-16.41634]]],[[[124.86695,-16.41461],[124.86472,-16.41343],[124.85859,-16.41436],[124.86695,-16.41461]]],[[[124.72655,-16.39505],[124.73015,-16.39384],[124.7221,-16.39436],[124.72655,-16.39505]]],[[[123.42825,-16.52847],[123.4299,-16.52747],[123.42534,-16.52629],[123.42825,-16.52847]]],[[[123.10787,-16.44859],[123.11003,-16.44454],[123.10779,-16.44576],[123.10787,-16.44859]]],[[[123.49768,-16.61073],[123.49825,-16.60881],[123.49607,-16.60427],[123.49768,-16.61073]]],[[[123.40937,-16.5301],[123.41208,-16.52843],[123.41022,-16.52717],[123.40937,-16.5301]]],[[[123.3657,-16.49272],[123.36698,-16.49307],[123.36677,-16.49137],[123.36385,-16.48999],[123.3657,-16.49272]]],[[[123.06785,-16.39569],[123.07044,-16.39459],[123.07011,-16.39301],[123.06799,-16.39355],[123.06785,-16.39569]]],[[[123.52659,-16.49055],[123.52542,-16.48866],[123.52214,-16.48908],[123.52659,-16.49055]]],[[[123.58006,-16.49649],[123.58195,-16.4947],[123.58032,-16.49412],[123.57902,-16.49535],[123.58006,-16.49649]]],[[[123.41407,-16.50561],[123.41595,-16.50552],[123.41491,-16.5037],[123.41244,-16.50436],[123.41407,-16.50561]]],[[[123.60745,-16.51198],[123.60665,-16.51039],[123.60324,-16.51116],[123.60745,-16.51198]]],[[[123.56369,-16.60611],[123.56406,-16.60464],[123.56137,-16.60304],[123.56101,-16.60416],[123.56369,-16.60611]]],[[[123.42554,-16.45994],[123.42087,-16.45737],[123.42285,-16.45969],[123.42554,-16.45994]]],[[[123.53238,-16.60691],[123.53487,-16.60382],[123.53335,-16.60403],[123.53238,-16.60691]]],[[[124.93824,-16.38712],[124.94024,-16.38578],[124.93602,-16.38573],[124.93824,-16.38712]]],[[[123.64248,-16.52584],[123.64016,-16.52345],[123.64002,-16.52503],[123.64248,-16.52584]]],[[[123.08396,-16.4299],[123.08293,-16.42774],[123.08233,-16.42887],[123.08396,-16.4299]]],[[[123.08917,-16.44533],[123.08976,-16.44455],[123.08754,-16.4443],[123.08917,-16.44533]]],[[[123.3495,-16.45085],[123.35105,-16.44781],[123.34892,-16.44982],[123.3495,-16.45085]]],[[[124.80395,-16.41388],[124.80313,-16.41207],[124.80231,-16.4132],[124.80395,-16.41388]]],[[[123.41772,-16.45794],[123.41936,-16.45751],[123.41714,-16.45703],[123.41772,-16.45794]]],[[[123.41911,-16.50578],[123.4211,-16.50523],[123.41935,-16.50465],[123.41911,-16.50578]]],[[[124.32806,-16.41756],[124.32924,-16.41644],[124.32724,-16.41699],[124.32806,-16.41756]]],[[[123.41047,-16.51383],[123.41235,-16.51362],[123.40955,-16.51247],[123.41047,-16.51383]]],[[[123.66863,-16.41754],[123.66898,-16.41664],[123.66699,-16.41696],[123.66863,-16.41754]]],[[[123.59691,-16.56231],[123.59809,-16.56153],[123.59657,-16.56129],[123.59691,-16.56231]]],[[[123.45789,-16.23325],[123.46149,-16.236],[123.46932,-16.23708],[123.46969,-16.23551],[123.4733,-16.2369],[123.47979,-16.24408],[123.47779,-16.24462],[123.47694,-16.24812],[123.47857,-16.24915],[123.47761,-16.25073],[123.47872,-16.25763],[123.48539,-16.26945],[123.4891,-16.27242],[123.48308,-16.27825],[123.48527,-16.28121],[123.48576,-16.27895],[123.48844,-16.2801],[123.4898,-16.28475],[123.49007,-16.28148],[123.49425,-16.2849],[123.4959,-16.28356],[123.49577,-16.28492],[123.49753,-16.28482],[123.49978,-16.28156],[123.49971,-16.27659],[123.50336,-16.27481],[123.50581,-16.27551],[123.50664,-16.27428],[123.50607,-16.27224],[123.50316,-16.27119],[123.50624,-16.2676],[123.50578,-16.26636],[123.49656,-16.26345],[123.49134,-16.2591],[123.49162,-16.25402],[123.49705,-16.24966],[123.50885,-16.25124],[123.53168,-16.25974],[123.52707,-16.25524],[123.52837,-16.25345],[123.52127,-16.24954],[123.51589,-16.24938],[123.51334,-16.24687],[123.50494,-16.24408],[123.50072,-16.24562],[123.49268,-16.24148],[123.49068,-16.24327],[123.48584,-16.2356],[123.48806,-16.23545],[123.48889,-16.23387],[123.48566,-16.22989],[123.48284,-16.23054],[123.48228,-16.22827],[123.47982,-16.22848],[123.47808,-16.22688],[123.47881,-16.2244],[123.48079,-16.22555],[123.48805,-16.22482],[123.47794,-16.21738],[123.47723,-16.21862],[123.47583,-16.21759],[123.47384,-16.22013],[123.47363,-16.21576],[123.47972,-16.21536],[123.47016,-16.21154],[123.47037,-16.21449],[123.46826,-16.21492],[123.46667,-16.20914],[123.46525,-16.21161],[123.45732,-16.20894],[123.45833,-16.21302],[123.4525,-16.21127],[123.45258,-16.21511],[123.45444,-16.21626],[123.45209,-16.21658],[123.45048,-16.21453],[123.45103,-16.2177],[123.44763,-16.21823],[123.449,-16.2213],[123.44643,-16.22139],[123.44899,-16.22265],[123.44687,-16.22388],[123.44741,-16.22886],[123.45165,-16.22629],[123.45197,-16.22901],[123.45455,-16.22824],[123.45931,-16.23168],[123.45906,-16.2336],[123.45789,-16.23325]]],[[[123.20177,-16.38944],[123.19882,-16.39167],[123.19802,-16.39019],[123.19544,-16.39039],[123.19115,-16.39702],[123.19217,-16.38968],[123.18432,-16.38994],[123.18717,-16.38635],[123.1778,-16.38671],[123.17603,-16.38794],[123.17171,-16.38699],[123.16758,-16.38966],[123.16768,-16.39135],[123.17537,-16.39415],[123.17466,-16.39504],[123.17069,-16.39387],[123.17647,-16.40026],[123.17887,-16.40605],[123.17857,-16.41159],[123.17113,-16.41728],[123.16867,-16.41714],[123.16614,-16.4231],[123.16751,-16.42606],[123.17301,-16.42712],[123.17591,-16.42964],[123.17384,-16.43301],[123.17657,-16.43349],[123.18013,-16.42946],[123.18212,-16.42914],[123.18218,-16.42371],[123.18385,-16.42124],[123.18536,-16.43245],[123.1925,-16.43275],[123.19118,-16.4255],[123.19308,-16.42338],[123.19264,-16.421],[123.19466,-16.41842],[123.19556,-16.42137],[123.19732,-16.42127],[123.19851,-16.41936],[123.19702,-16.41664],[123.20279,-16.41376],[123.20446,-16.41106],[123.20451,-16.4062],[123.20925,-16.40139],[123.20891,-16.40014],[123.2055,-16.40169],[123.20743,-16.39651],[123.21145,-16.39305],[123.20726,-16.39063],[123.2059,-16.38711],[123.2054,-16.3897],[123.20177,-16.38944]]],[[[123.90835,-16.2773],[123.9254,-16.28205],[123.93289,-16.28211],[123.94006,-16.2782],[123.93483,-16.27308],[123.93171,-16.27354],[123.93227,-16.27159],[123.92993,-16.27123],[123.92875,-16.27303],[123.92829,-16.27088],[123.92422,-16.26825],[123.92063,-16.26326],[123.91467,-16.26152],[123.90945,-16.25572],[123.9072,-16.25719],[123.90713,-16.25412],[123.90375,-16.25251],[123.90097,-16.24853],[123.88607,-16.23825],[123.8828,-16.23766],[123.8806,-16.23437],[123.87629,-16.23242],[123.87628,-16.23366],[123.87887,-16.23536],[123.87999,-16.23787],[123.88302,-16.23914],[123.88533,-16.24311],[123.88055,-16.24115],[123.88496,-16.24638],[123.87866,-16.24385],[123.87573,-16.24451],[123.86187,-16.2357],[123.8608,-16.23841],[123.86626,-16.24342],[123.88211,-16.25168],[123.89437,-16.25504],[123.89716,-16.25698],[123.90013,-16.26605],[123.89846,-16.26977],[123.90044,-16.27182],[123.9049,-16.2697],[123.90562,-16.26744],[123.91203,-16.27065],[123.90687,-16.27209],[123.90603,-16.27491],[123.90346,-16.27387],[123.90835,-16.2773]]],[[[124.24156,-16.37554],[124.23846,-16.37207],[124.236,-16.37239],[124.23518,-16.36963],[124.23087,-16.37068],[124.23041,-16.36318],[124.22681,-16.36409],[124.22573,-16.36204],[124.22739,-16.36026],[124.22497,-16.35832],[124.2272,-16.35641],[124.23082,-16.35779],[124.23107,-16.3553],[124.22759,-16.35121],[124.22713,-16.3485],[124.22596,-16.34928],[124.22433,-16.34713],[124.22164,-16.34756],[124.22206,-16.35514],[124.2202,-16.35388],[124.2161,-16.35431],[124.21983,-16.35705],[124.21829,-16.35896],[124.22373,-16.36927],[124.22218,-16.37424],[124.22343,-16.38091],[124.22819,-16.38716],[124.23228,-16.38899],[124.23063,-16.3909],[124.23273,-16.39204],[124.23283,-16.39408],[124.23969,-16.40248],[124.24806,-16.40372],[124.25462,-16.39786],[124.25389,-16.39637],[124.25592,-16.39047],[124.25865,-16.38974],[124.26033,-16.38731],[124.25992,-16.38483],[124.25324,-16.38435],[124.25398,-16.38142],[124.24744,-16.37879],[124.24515,-16.38906],[124.24202,-16.38486],[124.24232,-16.38186],[124.24064,-16.38112],[124.24209,-16.37973],[124.23787,-16.37603],[124.24156,-16.37554]]],[[[123.81757,-16.26955],[123.82136,-16.26767],[123.82409,-16.26191],[123.82261,-16.25903],[123.82143,-16.25993],[123.82051,-16.25845],[123.82022,-16.25511],[123.82415,-16.25822],[123.82642,-16.25839],[123.8278,-16.25342],[123.82597,-16.2481],[123.82739,-16.24686],[123.82995,-16.24813],[123.83136,-16.24723],[123.83182,-16.24859],[123.82934,-16.25072],[123.83038,-16.25254],[123.83238,-16.25187],[123.83275,-16.24916],[123.83545,-16.24749],[123.83319,-16.23809],[123.83534,-16.23279],[123.83108,-16.22366],[123.83395,-16.2312],[123.83359,-16.23233],[123.82904,-16.2306],[123.83134,-16.23502],[123.82831,-16.23364],[123.82357,-16.22705],[123.82263,-16.2275],[123.82271,-16.23225],[123.82768,-16.23974],[123.8197,-16.24142],[123.81564,-16.23784],[123.81514,-16.24191],[123.81235,-16.24042],[123.81051,-16.23611],[123.80836,-16.24118],[123.8107,-16.24131],[123.81567,-16.24904],[123.8073,-16.24275],[123.80412,-16.24522],[123.80586,-16.24681],[123.80618,-16.24998],[123.8111,-16.25013],[123.8107,-16.25623],[123.80907,-16.25441],[123.81039,-16.25313],[123.80944,-16.25137],[123.80755,-16.25165],[123.80877,-16.26311],[123.81079,-16.26658],[123.81312,-16.26655],[123.81344,-16.2636],[123.8138,-16.26528],[123.8152,-16.26361],[123.81542,-16.26607],[123.81694,-16.26544],[123.81757,-16.26955]]],[[[124.10471,-16.25769],[124.10774,-16.25881],[124.11382,-16.25684],[124.11158,-16.25503],[124.11387,-16.25212],[124.11318,-16.25085],[124.118,-16.25269],[124.11862,-16.25084],[124.11985,-16.2517],[124.12044,-16.25022],[124.1221,-16.25159],[124.12267,-16.2499],[124.12301,-16.25148],[124.12655,-16.25333],[124.12652,-16.25131],[124.12957,-16.25315],[124.13108,-16.25153],[124.13213,-16.25307],[124.13888,-16.25106],[124.14395,-16.25172],[124.14539,-16.24977],[124.13452,-16.2453],[124.13954,-16.24094],[124.12815,-16.23843],[124.12472,-16.23906],[124.12475,-16.23612],[124.12346,-16.23543],[124.12063,-16.23982],[124.11797,-16.23989],[124.11996,-16.23099],[124.1177,-16.22972],[124.11682,-16.23234],[124.11494,-16.23233],[124.11309,-16.22915],[124.11349,-16.24023],[124.10108,-16.23676],[124.10541,-16.24109],[124.10061,-16.24185],[124.10256,-16.24717],[124.09977,-16.24546],[124.09898,-16.24737],[124.09998,-16.24806],[124.09762,-16.2511],[124.10023,-16.25168],[124.1009,-16.25044],[124.10321,-16.25377],[124.10405,-16.25159],[124.1066,-16.25567],[124.10471,-16.25769]]],[[[124.56774,-16.34654],[124.58094,-16.34908],[124.60738,-16.34849],[124.65013,-16.35027],[124.62588,-16.3437],[124.60757,-16.34165],[124.56624,-16.3426],[124.56506,-16.3445],[124.56774,-16.34654]]],[[[124.7115,-16.38101],[124.72075,-16.37821],[124.71484,-16.36261],[124.71085,-16.36025],[124.70584,-16.36147],[124.69657,-16.36956],[124.69177,-16.37056],[124.67949,-16.3686],[124.68882,-16.37721],[124.7115,-16.38101]]],[[[123.87774,-16.2868],[123.87912,-16.28975],[123.88298,-16.28977],[123.88381,-16.28899],[123.88101,-16.28739],[123.88634,-16.28451],[123.88599,-16.27838],[123.88323,-16.27327],[123.87939,-16.27008],[123.87569,-16.26406],[123.87426,-16.26756],[123.8723,-16.26438],[123.86985,-16.26346],[123.87232,-16.26155],[123.86998,-16.26086],[123.86988,-16.25905],[123.86836,-16.25949],[123.86453,-16.25528],[123.86333,-16.25877],[123.86065,-16.25672],[123.86126,-16.25424],[123.85741,-16.25319],[123.85879,-16.25603],[123.85759,-16.25997],[123.86604,-16.27134],[123.86356,-16.27358],[123.86589,-16.27484],[123.86599,-16.27744],[123.8667,-16.27654],[123.87008,-16.27781],[123.86972,-16.27973],[123.87238,-16.28303],[123.87449,-16.2827],[123.87487,-16.27988],[123.87906,-16.28195],[123.87951,-16.2841],[123.87774,-16.2868]]],[[[123.34919,-16.34605],[123.34675,-16.34444],[123.34981,-16.34267],[123.34937,-16.33972],[123.33469,-16.3328],[123.3363,-16.3362],[123.33967,-16.33805],[123.33159,-16.33808],[123.33276,-16.34996],[123.33594,-16.3587],[123.3378,-16.35973],[123.34487,-16.35596],[123.34594,-16.36049],[123.35162,-16.36009],[123.35152,-16.35806],[123.35535,-16.36137],[123.35742,-16.36139],[123.35087,-16.3533],[123.35058,-16.34697],[123.34919,-16.34605]]],[[[123.22231,-16.4065],[123.22249,-16.40504],[123.21857,-16.40612],[123.22273,-16.40029],[123.22499,-16.40117],[123.22281,-16.39661],[123.21331,-16.39246],[123.21493,-16.39625],[123.21212,-16.39656],[123.21175,-16.39825],[123.2136,-16.40043],[123.20838,-16.40393],[123.20608,-16.41289],[123.20015,-16.41916],[123.19939,-16.42469],[123.20326,-16.42439],[123.20797,-16.42138],[123.21335,-16.42257],[123.21385,-16.41952],[123.21986,-16.41597],[123.21895,-16.41392],[123.21578,-16.41446],[123.21617,-16.41141],[123.221,-16.40852],[123.22593,-16.40789],[123.22473,-16.40586],[123.22231,-16.4065]]],[[[123.5367,-16.26358],[123.53331,-16.26276],[123.52276,-16.26493],[123.50902,-16.25825],[123.5034,-16.25842],[123.51081,-16.26047],[123.50748,-16.26038],[123.51208,-16.26441],[123.51737,-16.26578],[123.52174,-16.275],[123.5222,-16.27402],[123.52453,-16.27568],[123.52446,-16.27784],[123.53025,-16.27748],[123.53129,-16.27562],[123.52743,-16.27276],[123.52924,-16.27233],[123.54667,-16.2735],[123.54694,-16.26955],[123.54498,-16.26719],[123.54878,-16.26594],[123.54607,-16.26299],[123.54443,-16.26309],[123.54045,-16.25543],[123.53643,-16.25544],[123.54117,-16.26136],[123.5367,-16.26358]]],[[[123.87725,-16.19908],[123.87686,-16.20405],[123.8704,-16.20751],[123.87208,-16.21747],[123.87523,-16.21873],[123.88674,-16.21192],[123.88829,-16.20899],[123.88576,-16.20355],[123.89067,-16.20291],[123.88814,-16.19792],[123.88648,-16.20039],[123.88393,-16.19766],[123.88629,-16.19496],[123.88443,-16.19337],[123.884,-16.18873],[123.88001,-16.19028],[123.88165,-16.19779],[123.8772,-16.19094],[123.87406,-16.18832],[123.87079,-16.18784],[123.87054,-16.18976],[123.8676,-16.19189],[123.87099,-16.19169],[123.8726,-16.19543],[123.87459,-16.19522],[123.8741,-16.19827],[123.87725,-16.19908]]],[[[123.62213,-16.35329],[123.62177,-16.35464],[123.62458,-16.35421],[123.62597,-16.35592],[123.62645,-16.35468],[123.62914,-16.35459],[123.62782,-16.34508],[123.62606,-16.34575],[123.62116,-16.34378],[123.61815,-16.34059],[123.61828,-16.33867],[123.60761,-16.32841],[123.60047,-16.32744],[123.60115,-16.33073],[123.60393,-16.33335],[123.60065,-16.33377],[123.60286,-16.33526],[123.60168,-16.33683],[123.60642,-16.34287],[123.61143,-16.3454],[123.61154,-16.34099],[123.61433,-16.34802],[123.61747,-16.35087],[123.62087,-16.35068],[123.62062,-16.35192],[123.61816,-16.35201],[123.62213,-16.35329]]],[[[124.6919,-16.36469],[124.70318,-16.35686],[124.69289,-16.34933],[124.68646,-16.35],[124.67298,-16.35616],[124.68393,-16.36244],[124.6919,-16.36469]]],[[[124.44399,-16.37729],[124.44844,-16.37618],[124.45173,-16.37359],[124.45478,-16.37383],[124.46208,-16.36313],[124.46469,-16.3558],[124.46199,-16.35759],[124.46151,-16.36019],[124.45859,-16.36018],[124.45119,-16.365],[124.44932,-16.36443],[124.4445,-16.36848],[124.44028,-16.36925],[124.43327,-16.36808],[124.43651,-16.37465],[124.44399,-16.37729]]],[[[123.65864,-16.34522],[123.6534,-16.33897],[123.64816,-16.33565],[123.63632,-16.33267],[123.63072,-16.33432],[123.62714,-16.32993],[123.62375,-16.32911],[123.62267,-16.33026],[123.62441,-16.33373],[123.62771,-16.33454],[123.6321,-16.33822],[123.63981,-16.33953],[123.65048,-16.34783],[123.65248,-16.34738],[123.65299,-16.34496],[123.65864,-16.34522]]],[[[123.6345,-16.41025],[123.64466,-16.41603],[123.64546,-16.41439],[123.64836,-16.41794],[123.6544,-16.41884],[123.65528,-16.41641],[123.6656,-16.41881],[123.66583,-16.41628],[123.66179,-16.4134],[123.65904,-16.41599],[123.65637,-16.41303],[123.65308,-16.41414],[123.64666,-16.41182],[123.64766,-16.40973],[123.64516,-16.40876],[123.64329,-16.40874],[123.64234,-16.41088],[123.63675,-16.40699],[123.63678,-16.40394],[123.63465,-16.4055],[123.63235,-16.4013],[123.62488,-16.3992],[123.62217,-16.40054],[123.62565,-16.40362],[123.62847,-16.40319],[123.63055,-16.40603],[123.63452,-16.40765],[123.63346,-16.40821],[123.6345,-16.41025]]],[[[123.43826,-16.27828],[123.44238,-16.27516],[123.4433,-16.27686],[123.44544,-16.27609],[123.44346,-16.27313],[123.44761,-16.27452],[123.44606,-16.27254],[123.44653,-16.2695],[123.44281,-16.2677],[123.44624,-16.26874],[123.44762,-16.27051],[123.44865,-16.269],[123.44909,-16.27103],[123.45349,-16.26918],[123.45624,-16.27076],[123.46014,-16.26999],[123.44928,-16.26378],[123.43866,-16.26192],[123.43638,-16.26662],[123.43671,-16.26923],[123.43453,-16.27049],[123.43463,-16.27167],[123.43621,-16.27143],[123.43538,-16.27287],[123.43697,-16.2753],[123.43702,-16.27273],[123.43772,-16.27342],[123.43826,-16.27828]]],[[[123.56213,-16.23521],[123.56145,-16.23283],[123.56494,-16.23433],[123.5646,-16.23748],[123.56303,-16.23815],[123.56453,-16.24133],[123.56793,-16.24023],[123.56637,-16.23824],[123.57344,-16.23904],[123.57119,-16.24162],[123.57352,-16.24322],[123.57434,-16.24232],[123.57842,-16.24405],[123.58009,-16.24135],[123.57906,-16.23841],[123.56869,-16.23413],[123.56475,-16.22992],[123.55253,-16.22314],[123.54953,-16.21859],[123.54765,-16.21937],[123.55087,-16.22539],[123.56213,-16.23521]]],[[[123.84148,-16.21102],[123.84091,-16.20865],[123.8381,-16.20942],[123.84011,-16.20717],[123.83911,-16.20015],[123.84135,-16.19746],[123.8408,-16.19395],[123.84236,-16.18899],[123.84143,-16.18808],[123.83685,-16.18996],[123.83612,-16.19312],[123.83365,-16.19514],[123.83289,-16.20226],[123.8309,-16.20303],[123.83133,-16.2071],[123.8339,-16.20735],[123.83517,-16.21007],[123.83293,-16.21164],[123.83328,-16.21288],[123.84133,-16.21464],[123.84018,-16.21237],[123.84148,-16.21102]]],[[[123.74719,-16.26637],[123.75231,-16.27036],[123.76013,-16.27178],[123.76518,-16.26967],[123.75958,-16.26793],[123.75403,-16.26298],[123.7617,-16.26682],[123.76289,-16.26468],[123.76616,-16.2655],[123.75322,-16.25884],[123.75165,-16.26036],[123.74562,-16.25867],[123.7429,-16.2617],[123.74719,-16.26637]]],[[[123.12046,-16.41368],[123.12195,-16.41641],[123.12127,-16.41883],[123.12409,-16.42298],[123.12718,-16.42287],[123.12461,-16.41927],[123.1294,-16.41858],[123.12497,-16.40853],[123.1278,-16.40641],[123.12973,-16.40225],[123.1365,-16.40087],[123.13254,-16.39839],[123.12506,-16.39848],[123.12682,-16.39996],[123.12426,-16.40076],[123.1219,-16.40516],[123.12265,-16.40624],[123.12064,-16.40848],[123.11897,-16.40721],[123.1178,-16.4089],[123.12046,-16.41368]]],[[[123.15244,-16.42273],[123.15325,-16.42398],[123.16259,-16.41639],[123.16273,-16.41425],[123.16701,-16.40887],[123.16799,-16.40503],[123.16706,-16.40401],[123.1645,-16.40709],[123.16368,-16.40261],[123.15937,-16.40065],[123.16073,-16.40507],[123.15661,-16.40695],[123.15244,-16.42273]]],[[[123.87478,-16.30531],[123.87688,-16.30612],[123.88185,-16.31497],[123.8787,-16.31337],[123.87787,-16.31427],[123.88519,-16.31971],[123.88075,-16.30547],[123.87669,-16.30092],[123.87284,-16.29942],[123.87344,-16.29807],[123.87695,-16.2973],[123.87663,-16.2938],[123.87094,-16.28867],[123.86811,-16.29023],[123.86484,-16.28987],[123.87133,-16.2976],[123.87027,-16.29906],[123.87118,-16.30246],[123.87478,-16.30531]]],[[[124.06569,-16.24287],[124.06348,-16.23801],[124.06245,-16.24118],[124.06049,-16.24024],[124.06162,-16.24466],[124.06572,-16.24558],[124.07094,-16.25262],[124.07344,-16.252],[124.07448,-16.25546],[124.08219,-16.25074],[124.07644,-16.2434],[124.07344,-16.24552],[124.07296,-16.24348],[124.07006,-16.24392],[124.06937,-16.24255],[124.07181,-16.24105],[124.06822,-16.23927],[124.06587,-16.24061],[124.06668,-16.24242],[124.06569,-16.24287]]],[[[123.95242,-16.34753],[123.9539,-16.3471],[123.95396,-16.34532],[123.95198,-16.34305],[123.94568,-16.33998],[123.93789,-16.333],[123.92098,-16.32395],[123.92144,-16.32611],[123.92596,-16.33029],[123.94232,-16.34252],[123.95242,-16.34753]]],[[[123.55454,-16.25831],[123.5606,-16.26085],[123.5675,-16.26159],[123.57271,-16.25452],[123.57299,-16.24966],[123.57171,-16.24874],[123.56995,-16.24974],[123.56857,-16.24713],[123.56761,-16.24938],[123.56694,-16.24587],[123.56426,-16.24506],[123.56295,-16.24731],[123.56503,-16.25038],[123.56511,-16.254],[123.56321,-16.25669],[123.55992,-16.2578],[123.56402,-16.25806],[123.56708,-16.25527],[123.56459,-16.25987],[123.55676,-16.25833],[123.55443,-16.25718],[123.5562,-16.25703],[123.5548,-16.2556],[123.54653,-16.25146],[123.55454,-16.25831]]],[[[124.35108,-16.34893],[124.34874,-16.34847],[124.34756,-16.35162],[124.35446,-16.35963],[124.35603,-16.35841],[124.35964,-16.34676],[124.35931,-16.3423],[124.35546,-16.34093],[124.35108,-16.34893]]],[[[124.09425,-16.23062],[124.0938,-16.22704],[124.09229,-16.22699],[124.09098,-16.22969],[124.09225,-16.23275],[124.09025,-16.23364],[124.08878,-16.23189],[124.08771,-16.23356],[124.08336,-16.23179],[124.08431,-16.22965],[124.08009,-16.23075],[124.07976,-16.22861],[124.07659,-16.22697],[124.07429,-16.23023],[124.08053,-16.23562],[124.0859,-16.23791],[124.08836,-16.2368],[124.09198,-16.2375],[124.09434,-16.23591],[124.09364,-16.23491],[124.09722,-16.23247],[124.09425,-16.23062]]],[[[123.42052,-16.27314],[123.42048,-16.2709],[123.4189,-16.27128],[123.41665,-16.27376],[123.41788,-16.27605],[123.41464,-16.27764],[123.41435,-16.27889],[123.41752,-16.28001],[123.4155,-16.28361],[123.41876,-16.28522],[123.42099,-16.28434],[123.42106,-16.28943],[123.42679,-16.28491],[123.42988,-16.28705],[123.42926,-16.28266],[123.42336,-16.2812],[123.42158,-16.27921],[123.42209,-16.27509],[123.42052,-16.27314]]],[[[123.51507,-16.29866],[123.51929,-16.297],[123.51804,-16.29405],[123.52048,-16.29498],[123.51753,-16.28557],[123.5185,-16.28218],[123.51618,-16.28047],[123.51748,-16.27901],[123.52028,-16.27926],[123.52124,-16.27769],[123.51937,-16.27699],[123.52172,-16.27588],[123.51634,-16.27583],[123.51572,-16.27899],[123.51253,-16.28247],[123.51177,-16.288],[123.51603,-16.29584],[123.51507,-16.29866]]],[[[123.17549,-16.3634],[123.17948,-16.36275],[123.18472,-16.36507],[123.20017,-16.3658],[123.20076,-16.3649],[123.19901,-16.36465],[123.19879,-16.36318],[123.20138,-16.36185],[123.19603,-16.35886],[123.19474,-16.35907],[123.19518,-16.361],[123.19271,-16.3621],[123.18057,-16.35926],[123.17253,-16.36249],[123.1755,-16.36193],[123.17549,-16.3634]]],[[[123.60661,-16.37235],[123.61051,-16.37524],[123.61164,-16.374],[123.61558,-16.37833],[123.61446,-16.37244],[123.60728,-16.36446],[123.59258,-16.35656],[123.59652,-16.35965],[123.59537,-16.36097],[123.5998,-16.36259],[123.59806,-16.36347],[123.60105,-16.36712],[123.60514,-16.3687],[123.60347,-16.36572],[123.60574,-16.36615],[123.60851,-16.37001],[123.60579,-16.37012],[123.60661,-16.37235]]],[[[123.69225,-16.35353],[123.69333,-16.35116],[123.68577,-16.34545],[123.67875,-16.34494],[123.68757,-16.35383],[123.68825,-16.35621],[123.69373,-16.35829],[123.69843,-16.35641],[123.6959,-16.35186],[123.6946,-16.35242],[123.69517,-16.35514],[123.69225,-16.35353]]],[[[123.42211,-16.27802],[123.42431,-16.28041],[123.42935,-16.28196],[123.43274,-16.27913],[123.43349,-16.2753],[123.43603,-16.27865],[123.43605,-16.27645],[123.43323,-16.26982],[123.43024,-16.27267],[123.42743,-16.27086],[123.42848,-16.2728],[123.42753,-16.27541],[123.4257,-16.27529],[123.42448,-16.27293],[123.42211,-16.27802]]],[[[123.31233,-16.32184],[123.31912,-16.32179],[123.31414,-16.31688],[123.31572,-16.31192],[123.31389,-16.30761],[123.30898,-16.30699],[123.308,-16.31105],[123.31143,-16.31844],[123.30931,-16.32034],[123.31233,-16.32184]]],[[[123.88104,-16.17259],[123.88118,-16.17131],[123.87841,-16.17094],[123.87603,-16.17612],[123.88032,-16.18011],[123.88053,-16.18206],[123.88298,-16.18223],[123.88221,-16.18369],[123.88784,-16.18823],[123.88974,-16.18787],[123.88871,-16.18995],[123.8909,-16.19178],[123.89392,-16.1899],[123.89185,-16.18698],[123.89372,-16.18704],[123.89003,-16.18569],[123.88935,-16.1829],[123.88744,-16.18242],[123.88649,-16.18445],[123.88401,-16.18229],[123.88141,-16.17893],[123.88158,-16.17575],[123.88295,-16.17605],[123.88463,-16.17391],[123.88104,-16.17259]]],[[[123.15237,-16.38791],[123.15016,-16.38687],[123.14886,-16.38833],[123.14346,-16.3894],[123.14717,-16.39249],[123.14563,-16.3944],[123.15811,-16.39815],[123.1577,-16.39328],[123.15237,-16.38791]]],[[[123.84416,-16.23187],[123.84255,-16.23162],[123.84376,-16.22953],[123.8421,-16.22718],[123.83808,-16.22436],[123.83692,-16.22534],[123.83756,-16.23275],[123.83978,-16.23461],[123.84128,-16.2399],[123.84131,-16.24144],[123.83959,-16.24176],[123.84246,-16.24331],[123.84395,-16.24274],[123.84417,-16.23633],[123.84567,-16.23643],[123.84321,-16.23291],[123.84416,-16.23187]]],[[[123.65924,-16.35326],[123.66252,-16.35283],[123.67268,-16.35563],[123.66888,-16.34882],[123.66009,-16.34999],[123.65391,-16.34745],[123.65668,-16.3512],[123.65362,-16.35299],[123.66005,-16.35496],[123.65924,-16.35326]]],[[[123.96076,-16.20046],[123.95843,-16.19864],[123.95608,-16.19987],[123.9536,-16.19739],[123.95152,-16.20051],[123.95431,-16.20268],[123.96378,-16.20308],[123.97359,-16.20173],[123.97426,-16.19855],[123.9691,-16.19545],[123.96826,-16.19769],[123.96651,-16.19756],[123.96497,-16.1997],[123.96076,-16.20046]]],[[[124.35916,-16.37123],[124.35786,-16.37315],[124.35866,-16.37598],[124.36374,-16.37377],[124.36742,-16.36933],[124.36772,-16.36453],[124.36353,-16.36252],[124.36095,-16.36503],[124.35916,-16.37123]]],[[[123.81824,-16.20633],[123.81674,-16.20315],[123.81159,-16.20402],[123.81248,-16.20967],[123.81593,-16.21682],[123.81872,-16.21865],[123.81775,-16.20847],[123.82008,-16.20951],[123.81824,-16.20633]]],[[[123.39965,-16.38056],[123.4006,-16.37888],[123.39711,-16.37636],[123.40111,-16.37436],[123.40254,-16.37177],[123.39529,-16.37171],[123.39468,-16.3734],[123.39365,-16.37169],[123.39002,-16.3712],[123.38837,-16.37243],[123.38428,-16.37183],[123.38333,-16.37317],[123.38799,-16.37537],[123.39081,-16.37449],[123.39965,-16.38056]]],[[[123.77377,-16.27901],[123.77842,-16.28176],[123.78148,-16.27975],[123.77555,-16.2754],[123.7765,-16.27428],[123.77499,-16.27257],[123.77126,-16.27062],[123.76868,-16.27139],[123.76714,-16.27421],[123.76959,-16.27513],[123.76992,-16.2774],[123.77282,-16.27979],[123.77377,-16.27901]]],[[[124.35166,-16.36458],[124.35253,-16.36051],[124.35032,-16.35749],[124.34566,-16.35647],[124.34205,-16.35295],[124.34107,-16.35984],[124.34342,-16.35906],[124.34539,-16.36269],[124.35166,-16.36458]]],[[[123.84751,-16.27708],[123.8497,-16.28094],[123.85637,-16.28099],[123.85709,-16.27851],[123.85162,-16.27485],[123.85268,-16.27373],[123.85153,-16.27067],[123.8492,-16.27031],[123.84767,-16.27166],[123.84952,-16.27427],[123.84751,-16.27708]]],[[[123.49548,-16.21811],[123.49171,-16.20881],[123.49065,-16.2097],[123.49142,-16.2149],[123.48966,-16.21471],[123.5002,-16.22685],[123.50092,-16.23086],[123.50426,-16.22835],[123.50357,-16.22672],[123.49605,-16.22049],[123.49548,-16.21811]]],[[[123.94653,-16.2267],[123.96288,-16.22953],[123.9657,-16.22876],[123.9601,-16.22623],[123.9574,-16.22689],[123.95344,-16.22505],[123.9497,-16.22525],[123.93944,-16.22066],[123.94082,-16.22327],[123.94653,-16.2267]]],[[[123.81339,-16.199],[123.81597,-16.19738],[123.80785,-16.1885],[123.79699,-16.18706],[123.79803,-16.18843],[123.80609,-16.18984],[123.81105,-16.19859],[123.81339,-16.199]]],[[[123.57438,-16.25818],[123.57232,-16.25847],[123.56901,-16.26228],[123.57119,-16.26716],[123.56931,-16.26794],[123.56687,-16.26633],[123.56673,-16.26882],[123.57361,-16.2708],[123.57539,-16.26867],[123.57587,-16.26709],[123.57413,-16.26549],[123.57637,-16.26382],[123.57463,-16.26222],[123.57228,-16.26344],[123.571,-16.26185],[123.57438,-16.25818]]],[[[123.30106,-16.31415],[123.30058,-16.31505],[123.30268,-16.31631],[123.30317,-16.31406],[123.30526,-16.31555],[123.30645,-16.31409],[123.30524,-16.30662],[123.29998,-16.30622],[123.29899,-16.31119],[123.30106,-16.31415]]],[[[124.39053,-16.32449],[124.39604,-16.32237],[124.39257,-16.31602],[124.38952,-16.31646],[124.38611,-16.32085],[124.38656,-16.32289],[124.39053,-16.32449]]],[[[123.42155,-16.34482],[123.42153,-16.33533],[123.41953,-16.33587],[123.41887,-16.33236],[123.41626,-16.33573],[123.41477,-16.34352],[123.41979,-16.34245],[123.42155,-16.34482]]],[[[123.68442,-16.36624],[123.68618,-16.36501],[123.6855,-16.3632],[123.67861,-16.36065],[123.67345,-16.36129],[123.67553,-16.36526],[123.68442,-16.36624]]],[[[123.54611,-16.211],[123.54705,-16.20345],[123.54469,-16.19479],[123.53861,-16.18763],[123.54205,-16.19332],[123.54075,-16.19432],[123.5433,-16.19661],[123.54199,-16.19908],[123.54316,-16.20347],[123.54361,-16.20113],[123.54442,-16.20249],[123.54611,-16.211]]],[[[123.51555,-16.37534],[123.5034,-16.36751],[123.49103,-16.36355],[123.51555,-16.37534]]],[[[123.13238,-16.38498],[123.12479,-16.38354],[123.12349,-16.38489],[123.12487,-16.38648],[123.13003,-16.38598],[123.13351,-16.38884],[123.1368,-16.38774],[123.1366,-16.38537],[123.13194,-16.38249],[123.13238,-16.38498]]],[[[123.82212,-16.27621],[123.82647,-16.27353],[123.82604,-16.26923],[123.82979,-16.2687],[123.82932,-16.26779],[123.82653,-16.26652],[123.82182,-16.26932],[123.82286,-16.27091],[123.82108,-16.27462],[123.82212,-16.27621]]],[[[123.62381,-16.32289],[123.63535,-16.3283],[123.63794,-16.32708],[123.63117,-16.32397],[123.62159,-16.32197],[123.62381,-16.32289]]],[[[123.92129,-16.29943],[123.9226,-16.29661],[123.9171,-16.29725],[123.91536,-16.29521],[123.911,-16.29811],[123.9117,-16.29925],[123.92129,-16.29943]]],[[[124.34196,-16.38544],[124.34349,-16.38451],[124.34205,-16.38269],[124.3417,-16.37682],[124.33994,-16.37475],[124.33738,-16.38438],[124.33931,-16.38311],[124.34196,-16.38544]]],[[[124.21008,-16.27815],[124.21464,-16.27473],[124.20971,-16.27044],[124.20654,-16.27017],[124.20828,-16.27267],[124.20756,-16.27572],[124.21008,-16.27815]]],[[[123.55942,-16.2241],[123.56186,-16.22627],[123.56397,-16.22618],[123.55983,-16.21823],[123.55703,-16.21719],[123.55525,-16.21943],[123.55942,-16.2241]]],[[[124.2205,-16.28393],[124.2249,-16.28106],[124.22317,-16.28009],[124.22098,-16.28212],[124.219,-16.28041],[124.22101,-16.27893],[124.21457,-16.27779],[124.21421,-16.27982],[124.2205,-16.28393]]],[[[123.86378,-16.20113],[123.86318,-16.20372],[123.86776,-16.20071],[123.86925,-16.20535],[123.87032,-16.20287],[123.87431,-16.20177],[123.87279,-16.20063],[123.87103,-16.20152],[123.86545,-16.19718],[123.86378,-16.20113]]],[[[123.85236,-16.38812],[123.85354,-16.38733],[123.85538,-16.39108],[123.85728,-16.38815],[123.85557,-16.3826],[123.85392,-16.38406],[123.8497,-16.38425],[123.85236,-16.38812]]],[[[123.60457,-16.37868],[123.61006,-16.37997],[123.60613,-16.37463],[123.60638,-16.37305],[123.60265,-16.37109],[123.60251,-16.37335],[123.60484,-16.37496],[123.6033,-16.3763],[123.60457,-16.37868]]],[[[123.42399,-16.38125],[123.42964,-16.37847],[123.42792,-16.37552],[123.42264,-16.37626],[123.4211,-16.37783],[123.42378,-16.37932],[123.42399,-16.38125]]],[[[123.2854,-16.32258],[123.28132,-16.3156],[123.27084,-16.30903],[123.2854,-16.32258]]],[[[123.86665,-16.20906],[123.86501,-16.2086],[123.86265,-16.21095],[123.85984,-16.21139],[123.86695,-16.2146],[123.86999,-16.21451],[123.86874,-16.211],[123.86732,-16.21291],[123.8657,-16.20985],[123.86665,-16.20906]]],[[[123.23009,-16.37006],[123.23095,-16.36646],[123.22086,-16.36805],[123.21642,-16.36744],[123.23009,-16.37006]]],[[[124.04609,-16.24218],[124.04809,-16.24095],[124.04705,-16.23925],[124.04598,-16.24105],[124.04411,-16.24115],[124.04003,-16.23818],[124.03791,-16.24009],[124.03558,-16.23895],[124.03657,-16.24121],[124.04609,-16.24218]]],[[[124.6769,-16.37226],[124.67153,-16.36847],[124.66405,-16.36765],[124.6769,-16.37226]]],[[[124.27331,-16.39591],[124.275,-16.3952],[124.28253,-16.39791],[124.28574,-16.39768],[124.28398,-16.39601],[124.28096,-16.39689],[124.2714,-16.39169],[124.27331,-16.39591]]],[[[123.42265,-16.36371],[123.43354,-16.36587],[123.4311,-16.36385],[123.41741,-16.36109],[123.42265,-16.36371]]],[[[123.42748,-16.31402],[123.43184,-16.31135],[123.43316,-16.30785],[123.42753,-16.30904],[123.4288,-16.31041],[123.42748,-16.31402]]],[[[123.42524,-16.17597],[123.4317,-16.17388],[123.4254,-16.17247],[123.42296,-16.17007],[123.42524,-16.17597]]],[[[123.29588,-16.30607],[123.29746,-16.30077],[123.29161,-16.30071],[123.29193,-16.30309],[123.29415,-16.30357],[123.29588,-16.30607]]],[[[123.54427,-16.22414],[123.55405,-16.23559],[123.55552,-16.24069],[123.55453,-16.23469],[123.54427,-16.22414]]],[[[123.55334,-16.24881],[123.55666,-16.24431],[123.55398,-16.24305],[123.55102,-16.24709],[123.55334,-16.24881]]],[[[124.15434,-16.27382],[124.15905,-16.26899],[124.15602,-16.26716],[124.15283,-16.27223],[124.15434,-16.27382]]],[[[124.1699,-16.2738],[124.17271,-16.27382],[124.1712,-16.27098],[124.17379,-16.26863],[124.16817,-16.26995],[124.16827,-16.27289],[124.1699,-16.2738]]],[[[123.85354,-16.31318],[123.85332,-16.3107],[123.85614,-16.31015],[123.85405,-16.30799],[123.85017,-16.30954],[123.85354,-16.31318]]],[[[124.23159,-16.28794],[124.2337,-16.28773],[124.23477,-16.28559],[124.23044,-16.28421],[124.22868,-16.28623],[124.23159,-16.28794]]],[[[123.39709,-16.28637],[123.39747,-16.28412],[123.40041,-16.28234],[123.39585,-16.2824],[123.3929,-16.28486],[123.39709,-16.28637]]],[[[123.83386,-16.25731],[123.83269,-16.2564],[123.83042,-16.26282],[123.83229,-16.2625],[123.83285,-16.26533],[123.83428,-16.2624],[123.83291,-16.25889],[123.83386,-16.25731]]],[[[123.58678,-16.36497],[123.58307,-16.36109],[123.57843,-16.35948],[123.57687,-16.36059],[123.58678,-16.36497]]],[[[124.23028,-16.3433],[124.22981,-16.34109],[124.22495,-16.33651],[124.22577,-16.34182],[124.23028,-16.3433]]],[[[123.44179,-16.38164],[123.44283,-16.38301],[123.44623,-16.38259],[123.44309,-16.37996],[123.43689,-16.37933],[123.44179,-16.38164]]],[[[123.85802,-16.23454],[123.86083,-16.2349],[123.86142,-16.23378],[123.8597,-16.22947],[123.85701,-16.22889],[123.85802,-16.23454]]],[[[124.14185,-16.26866],[124.14667,-16.26575],[124.14163,-16.26708],[124.13664,-16.26523],[124.14185,-16.26866]]],[[[123.51087,-16.23622],[123.50368,-16.22949],[123.50551,-16.23391],[123.51087,-16.23622]]],[[[123.37387,-16.3706],[123.37844,-16.37041],[123.37519,-16.36722],[123.37096,-16.3691],[123.37387,-16.3706]]],[[[123.63288,-16.34275],[123.63359,-16.34118],[123.62716,-16.34101],[123.62273,-16.33916],[123.62621,-16.34179],[123.63288,-16.34275]]],[[[123.40704,-16.34446],[123.40635,-16.34332],[123.40058,-16.34666],[123.40607,-16.34728],[123.40772,-16.34661],[123.40598,-16.34524],[123.40704,-16.34446]]],[[[123.87033,-16.32167],[123.86872,-16.31736],[123.86428,-16.31711],[123.87033,-16.32167]]],[[[123.42242,-16.31657],[123.42573,-16.31321],[123.42116,-16.31362],[123.41985,-16.31609],[123.42242,-16.31657]]],[[[123.97684,-16.23296],[123.9671,-16.22922],[123.96779,-16.23047],[123.97684,-16.23296]]],[[[123.84431,-16.20799],[123.84414,-16.2003],[123.8426,-16.20301],[123.84431,-16.20799]]],[[[123.886,-16.32292],[123.88543,-16.32144],[123.884,-16.32381],[123.88514,-16.32788],[123.88702,-16.32699],[123.886,-16.32292]]],[[[124.16392,-16.2758],[124.16639,-16.2731],[124.16042,-16.27375],[124.16146,-16.27567],[124.16392,-16.2758]]],[[[123.8104,-16.17699],[123.80645,-16.17414],[123.80828,-16.17912],[123.81086,-16.1788],[123.8104,-16.17699]]],[[[123.26869,-16.30871],[123.26887,-16.30719],[123.26027,-16.3025],[123.26869,-16.30871]]],[[[124.37142,-16.30959],[124.37066,-16.30357],[124.36885,-16.30799],[124.37142,-16.30959]]],[[[124.19828,-16.30053],[124.20214,-16.30123],[124.20063,-16.29918],[124.19735,-16.29939],[124.195,-16.29661],[124.19537,-16.29893],[124.19828,-16.30053]]],[[[124.39799,-16.26191],[124.39959,-16.26189],[124.3952,-16.2593],[124.39356,-16.25997],[124.39379,-16.26133],[124.39799,-16.26191]]],[[[123.88357,-16.34957],[123.88556,-16.34981],[123.88092,-16.34379],[123.88033,-16.34537],[123.88357,-16.34957]]],[[[124.05672,-16.24017],[124.05514,-16.23568],[124.05293,-16.23408],[124.05384,-16.23816],[124.05672,-16.24017]]],[[[123.16488,-16.40037],[123.1634,-16.39662],[123.16176,-16.39626],[123.16068,-16.39851],[123.16488,-16.40037]]],[[[123.82509,-16.28471],[123.82558,-16.28189],[123.8207,-16.27846],[123.82509,-16.28471]]],[[[123.87852,-16.33643],[123.87551,-16.33267],[123.87317,-16.33277],[123.87852,-16.33643]]],[[[123.44572,-16.38688],[123.44761,-16.38509],[123.44481,-16.38393],[123.44199,-16.38492],[123.44572,-16.38688]]],[[[123.4088,-16.17106],[123.41278,-16.17054],[123.4135,-16.16907],[123.40918,-16.16858],[123.4088,-16.17106]]],[[[123.87333,-16.34159],[123.87486,-16.34069],[123.87452,-16.33933],[123.87172,-16.33841],[123.87089,-16.33965],[123.87333,-16.34159]]],[[[123.44729,-16.19404],[123.44951,-16.19113],[123.44802,-16.19038],[123.44602,-16.1907],[123.44729,-16.19404]]],[[[124.19831,-16.33383],[124.20103,-16.3316],[124.20106,-16.32897],[124.19774,-16.33194],[124.19831,-16.33383]]],[[[124.26796,-16.39246],[124.266,-16.38827],[124.26446,-16.39063],[124.26796,-16.39246]]],[[[123.44126,-16.22394],[123.44373,-16.22204],[123.44283,-16.21886],[123.44165,-16.21942],[123.44233,-16.22146],[123.44057,-16.2219],[123.44126,-16.22394]]],[[[123.4199,-16.17253],[123.42156,-16.16994],[123.41876,-16.16924],[123.41815,-16.17149],[123.4199,-16.17253]]],[[[123.30711,-16.30709],[123.3097,-16.30497],[123.30925,-16.3036],[123.30596,-16.30448],[123.30711,-16.30709]]],[[[123.80852,-16.23621],[123.80879,-16.23146],[123.80763,-16.23044],[123.80633,-16.23235],[123.80852,-16.23621]]],[[[123.81081,-16.18434],[123.81153,-16.18288],[123.80851,-16.18025],[123.80826,-16.1824],[123.81081,-16.18434]]],[[[123.30964,-16.38771],[123.31223,-16.38684],[123.31002,-16.38557],[123.30708,-16.38611],[123.30964,-16.38771]]],[[[123.40284,-16.35471],[123.40767,-16.35091],[123.40356,-16.35211],[123.40284,-16.35471]]],[[[123.48357,-16.39536],[123.48441,-16.39401],[123.48231,-16.39287],[123.48007,-16.3942],[123.48357,-16.39536]]],[[[123.45711,-16.18889],[123.45791,-16.18713],[123.45681,-16.18602],[123.45327,-16.18689],[123.45711,-16.18889]]],[[[123.4146,-16.31412],[123.41778,-16.3128],[123.41122,-16.31319],[123.4146,-16.31412]]],[[[124.06247,-16.23791],[124.06415,-16.23529],[124.06088,-16.2347],[124.06029,-16.23571],[124.06247,-16.23791]]],[[[123.57149,-16.17232],[123.57244,-16.17052],[123.57036,-16.1679],[123.57149,-16.17232]]],[[[123.85256,-16.28955],[123.8535,-16.28798],[123.84895,-16.28726],[123.85022,-16.2892],[123.85256,-16.28955]]],[[[123.41074,-16.27995],[123.41041,-16.27757],[123.40563,-16.27526],[123.41074,-16.27995]]],[[[123.80405,-16.26771],[123.8035,-16.26364],[123.80163,-16.26272],[123.80405,-16.26771]]],[[[123.88148,-16.33181],[123.88243,-16.33012],[123.87953,-16.32716],[123.88148,-16.33181]]],[[[123.84317,-16.30757],[123.84227,-16.30315],[123.8404,-16.3019],[123.84317,-16.30757]]],[[[123.43454,-16.38067],[123.43526,-16.3783],[123.43174,-16.37917],[123.43454,-16.38067]]],[[[123.46007,-16.27942],[123.46384,-16.27663],[123.4641,-16.27425],[123.46007,-16.27942]]],[[[123.46827,-16.39149],[123.469,-16.3889],[123.46655,-16.38763],[123.46827,-16.39149]]],[[[123.40221,-16.29004],[123.40223,-16.28767],[123.39991,-16.28617],[123.40221,-16.29004]]],[[[124.09617,-16.25866],[124.09738,-16.25808],[124.09232,-16.25638],[124.09617,-16.25866]]],[[[123.87776,-16.34411],[123.87824,-16.34241],[123.87602,-16.34161],[123.87659,-16.3441],[123.87776,-16.34411]]],[[[123.44664,-16.29396],[123.44852,-16.2933],[123.44856,-16.28968],[123.44664,-16.29396]]],[[[123.11932,-16.40089],[123.12214,-16.40025],[123.11852,-16.39908],[123.11932,-16.40089]]],[[[123.86657,-16.23291],[123.86647,-16.23178],[123.86273,-16.23096],[123.86657,-16.23291]]],[[[124.02726,-16.24104],[124.02949,-16.23992],[124.02504,-16.24046],[124.02726,-16.24104]]],[[[123.30419,-16.30604],[123.30398,-16.304],[123.30128,-16.30488],[123.30419,-16.30604]]],[[[123.52372,-16.28732],[123.52725,-16.28543],[123.52479,-16.28484],[123.52372,-16.28732]]],[[[123.78412,-16.23014],[123.78483,-16.22857],[123.78226,-16.22832],[123.78202,-16.22956],[123.78412,-16.23014]]],[[[123.80296,-16.17196],[123.80367,-16.17084],[123.8017,-16.16901],[123.80133,-16.17082],[123.80296,-16.17196]]],[[[123.48255,-16.29655],[123.48397,-16.29465],[123.4834,-16.29294],[123.4821,-16.29406],[123.48255,-16.29655]]],[[[123.56044,-16.32743],[123.56339,-16.32954],[123.55858,-16.32595],[123.56044,-16.32743]]],[[[123.57453,-16.20977],[123.57349,-16.20818],[123.57115,-16.20838],[123.57453,-16.20977]]],[[[123.50666,-16.38076],[123.50802,-16.38059],[123.50281,-16.37937],[123.50666,-16.38076]]],[[[124.23658,-16.29554],[124.23811,-16.29397],[124.23695,-16.29272],[124.23658,-16.29554]]],[[[123.86201,-16.32229],[123.86145,-16.3198],[123.85923,-16.31831],[123.86201,-16.32229]]],[[[123.32804,-16.39739],[123.32841,-16.39604],[123.32549,-16.39522],[123.32804,-16.39739]]],[[[123.42463,-16.34146],[123.42651,-16.34046],[123.42536,-16.33876],[123.42463,-16.34146]]],[[[123.78442,-16.2783],[123.7856,-16.27684],[123.78304,-16.27535],[123.78442,-16.2783]]],[[[123.3161,-16.30853],[123.31782,-16.30765],[123.31554,-16.30638],[123.31494,-16.30807],[123.3161,-16.30853]]],[[[123.58036,-16.26238],[123.5798,-16.25978],[123.57814,-16.26169],[123.58036,-16.26238]]],[[[123.49179,-16.2365],[123.49274,-16.2356],[123.48994,-16.2349],[123.49179,-16.2365]]],[[[123.341,-16.17855],[123.3406,-16.17638],[123.33925,-16.17797],[123.341,-16.17855]]],[[[123.613,-16.35838],[123.61406,-16.35771],[123.61115,-16.35656],[123.613,-16.35838]]],[[[123.56901,-16.33757],[123.57019,-16.33634],[123.56786,-16.33507],[123.56901,-16.33757]]],[[[124.10749,-16.23528],[124.10878,-16.23461],[124.10833,-16.23291],[124.10749,-16.23528]]],[[[123.6174,-16.3199],[123.61858,-16.31912],[123.61672,-16.31763],[123.6174,-16.3199]]],[[[124.08204,-16.25462],[124.08477,-16.25323],[124.08193,-16.25326],[124.08204,-16.25462]]],[[[124.01275,-16.24139],[124.01486,-16.24084],[124.01135,-16.24048],[124.01275,-16.24139]]],[[[123.48044,-16.28512],[123.48069,-16.28342],[123.47905,-16.2833],[123.48044,-16.28512]]],[[[123.41044,-16.3437],[123.40976,-16.34155],[123.40846,-16.34244],[123.41044,-16.3437]]],[[[123.41149,-16.37876],[123.41185,-16.37763],[123.40892,-16.37817],[123.41149,-16.37876]]],[[[123.44934,-16.19396],[123.4506,-16.19312],[123.44966,-16.19117],[123.44934,-16.19396]]],[[[123.57518,-16.34158],[123.57565,-16.34045],[123.57333,-16.33862],[123.57518,-16.34158]]],[[[124.19486,-16.332],[124.19606,-16.32944],[124.19494,-16.32896],[124.19486,-16.332]]],[[[123.56496,-16.33245],[123.56579,-16.33178],[123.56365,-16.32992],[123.56496,-16.33245]]],[[[123.56746,-16.33993],[123.56714,-16.33733],[123.56619,-16.33834],[123.56746,-16.33993]]],[[[123.30388,-16.30242],[123.30425,-16.30062],[123.3025,-16.30037],[123.30388,-16.30242]]],[[[123.80946,-16.20683],[123.80878,-16.20445],[123.80783,-16.20557],[123.80946,-16.20683]]],[[[123.09353,-16.29447],[123.09156,-16.29241],[123.09082,-16.29343],[123.09353,-16.29447]]],[[[123.33825,-16.17814],[123.33879,-16.17704],[123.33728,-16.17614],[123.33825,-16.17814]]],[[[123.1309,-16.39141],[123.13116,-16.3896],[123.12986,-16.39095],[123.1309,-16.39141]]],[[[123.81745,-16.18744],[123.81828,-16.18677],[123.81688,-16.18597],[123.81745,-16.18744]]],[[[123.55289,-16.21003],[123.55372,-16.20891],[123.55149,-16.20889],[123.55289,-16.21003]]],[[[124.56343,-16.34393],[124.56552,-16.3427],[124.56308,-16.34291],[124.56343,-16.34393]]],[[[123.49518,-16.38224],[123.49799,-16.38193],[123.49554,-16.38123],[123.49518,-16.38224]]],[[[123.55342,-16.21512],[123.55484,-16.21423],[123.55344,-16.21388],[123.55342,-16.21512]]],[[[124.08833,-16.25839],[124.08967,-16.25796],[124.08787,-16.25703],[124.08833,-16.25839]]],[[[124.1031,-16.23302],[124.10372,-16.23136],[124.10267,-16.23124],[124.1031,-16.23302]]],[[[123.52388,-16.18513],[123.52529,-16.18469],[123.52319,-16.1841],[123.52388,-16.18513]]],[[[123.51096,-16.39719],[123.51225,-16.39675],[123.51015,-16.39628],[123.51096,-16.39719]]],[[[123.47173,-16.24197],[123.4714,-16.2405],[123.47022,-16.24082],[123.47173,-16.24197]]],[[[123.83946,-16.25837],[123.84053,-16.25725],[123.839,-16.25746],[123.83946,-16.25837]]],[[[123.58385,-16.21732],[123.58616,-16.21722],[123.58346,-16.21645],[123.58385,-16.21732]]],[[[123.87778,-16.23627],[123.87857,-16.23564],[123.87662,-16.23525],[123.87778,-16.23627]]],[[[124.00386,-16.24145],[124.00468,-16.241],[124.00293,-16.24076],[124.00386,-16.24145]]],[[[124.50364,-15.38464],[124.50199,-15.39125],[124.50305,-15.39186],[124.50078,-15.39338],[124.50748,-15.40085],[124.50787,-15.39943],[124.51064,-15.40106],[124.51312,-15.40066],[124.51196,-15.39469],[124.51597,-15.39597],[124.51523,-15.3915],[124.51773,-15.38811],[124.5141,-15.38505],[124.5158,-15.38372],[124.52039,-15.38227],[124.52018,-15.38643],[124.52291,-15.38648],[124.5246,-15.38429],[124.52772,-15.38806],[124.53175,-15.38338],[124.53431,-15.38537],[124.5364,-15.38119],[124.53323,-15.37865],[124.53023,-15.37987],[124.52883,-15.37864],[124.52255,-15.37965],[124.52429,-15.37572],[124.52875,-15.37598],[124.52557,-15.37239],[124.52723,-15.37125],[124.52678,-15.36854],[124.52954,-15.37068],[124.52938,-15.368],[124.52706,-15.36621],[124.52728,-15.35955],[124.53154,-15.36771],[124.53163,-15.3714],[124.53604,-15.37366],[124.53465,-15.37499],[124.53662,-15.37714],[124.54042,-15.37064],[124.54174,-15.37223],[124.54518,-15.36144],[124.54593,-15.36543],[124.54827,-15.3656],[124.54572,-15.36722],[124.54577,-15.3706],[124.54747,-15.37296],[124.55197,-15.36974],[124.54922,-15.37399],[124.55125,-15.37471],[124.54827,-15.37538],[124.54611,-15.3814],[124.54706,-15.38755],[124.55113,-15.38851],[124.55344,-15.38728],[124.5536,-15.38912],[124.55608,-15.38868],[124.55607,-15.38675],[124.55797,-15.38768],[124.56166,-15.38383],[124.5627,-15.3847],[124.56406,-15.38198],[124.56595,-15.38382],[124.56819,-15.37927],[124.56747,-15.37106],[124.569,-15.37508],[124.57273,-15.3787],[124.5832,-15.37393],[124.58588,-15.37574],[124.59105,-15.36901],[124.59123,-15.37245],[124.58821,-15.3772],[124.58981,-15.38191],[124.58787,-15.37969],[124.58578,-15.38229],[124.57868,-15.38366],[124.57891,-15.38185],[124.57588,-15.38197],[124.56843,-15.38492],[124.56762,-15.38853],[124.56553,-15.39012],[124.56378,-15.38888],[124.56251,-15.39193],[124.55761,-15.39149],[124.55517,-15.39431],[124.55622,-15.39578],[124.5596,-15.396],[124.56019,-15.40052],[124.55553,-15.39895],[124.54937,-15.40494],[124.54774,-15.40393],[124.54518,-15.40597],[124.54379,-15.41049],[124.5389,-15.41287],[124.54194,-15.42043],[124.54311,-15.42077],[124.54369,-15.41862],[124.54463,-15.42224],[124.54736,-15.42501],[124.543,-15.42326],[124.54382,-15.42766],[124.54115,-15.43321],[124.54184,-15.42789],[124.54043,-15.42066],[124.53693,-15.4166],[124.5324,-15.42508],[124.53192,-15.4183],[124.5296,-15.41921],[124.52947,-15.41322],[124.52866,-15.41627],[124.52633,-15.41639],[124.5254,-15.41842],[124.5233,-15.41605],[124.52156,-15.4225],[124.51958,-15.42182],[124.51749,-15.42476],[124.51377,-15.42635],[124.52041,-15.43108],[124.51308,-15.43335],[124.51086,-15.43223],[124.51075,-15.43426],[124.51763,-15.44115],[124.5239,-15.43564],[124.52486,-15.44057],[124.52707,-15.44102],[124.52789,-15.44328],[124.52428,-15.44634],[124.52114,-15.44702],[124.52464,-15.44837],[124.54467,-15.44608],[124.55236,-15.44698],[124.55608,-15.44528],[124.55806,-15.44256],[124.56016,-15.4447],[124.56539,-15.44232],[124.56656,-15.44424],[124.57343,-15.44017],[124.57412,-15.43836],[124.57175,-15.43747],[124.57552,-15.437],[124.57726,-15.43507],[124.58658,-15.43359],[124.59157,-15.42839],[124.59961,-15.42702],[124.60868,-15.4209],[124.61264,-15.42089],[124.61324,-15.42688],[124.61557,-15.42733],[124.61824,-15.4254],[124.62393,-15.41624],[124.62929,-15.41714],[124.63102,-15.41307],[124.63324,-15.41476],[124.63731,-15.40989],[124.64069,-15.41034],[124.64277,-15.40638],[124.65475,-15.39969],[124.65416,-15.39698],[124.64682,-15.3953],[124.64054,-15.39712],[124.62912,-15.39341],[124.62451,-15.39356],[124.62597,-15.3907],[124.62095,-15.38709],[124.61952,-15.38159],[124.62594,-15.37952],[124.62617,-15.37477],[124.62125,-15.36246],[124.6167,-15.35953],[124.61531,-15.36202],[124.61344,-15.35716],[124.60877,-15.35265],[124.60853,-15.347],[124.60502,-15.34181],[124.5992,-15.34114],[124.5956,-15.34578],[124.59141,-15.34545],[124.59002,-15.34669],[124.58004,-15.34267],[124.5864,-15.34319],[124.58709,-15.33912],[124.58941,-15.33641],[124.58824,-15.33381],[124.58893,-15.3285],[124.58685,-15.32581],[124.58671,-15.32263],[124.58705,-15.31878],[124.59007,-15.31595],[124.58995,-15.31224],[124.58805,-15.31494],[124.58529,-15.31336],[124.58205,-15.31352],[124.5797,-15.31123],[124.57281,-15.31537],[124.57144,-15.31317],[124.56877,-15.31508],[124.5668,-15.32017],[124.55981,-15.31939],[124.55622,-15.31427],[124.56061,-15.31081],[124.55896,-15.30623],[124.56293,-15.30493],[124.5613,-15.3029],[124.56396,-15.29736],[124.56314,-15.29656],[124.565,-15.29419],[124.56594,-15.29803],[124.56769,-15.29871],[124.56873,-15.29532],[124.56628,-15.29159],[124.56825,-15.2882],[124.56754,-15.28244],[124.56906,-15.2813],[124.56254,-15.28041],[124.56765,-15.27724],[124.56765,-15.27577],[124.56485,-15.2743],[124.56834,-15.27091],[124.56833,-15.26695],[124.56215,-15.26176],[124.55807,-15.25522],[124.55958,-15.25262],[124.56295,-15.25374],[124.56935,-15.25057],[124.56748,-15.24876],[124.57039,-15.24785],[124.57132,-15.24537],[124.56503,-15.24583],[124.55806,-15.24979],[124.5519,-15.25715],[124.55175,-15.2644],[124.54971,-15.26461],[124.54574,-15.26145],[124.54179,-15.26462],[124.54354,-15.26495],[124.54296,-15.26631],[124.53796,-15.26982],[124.53715,-15.27276],[124.53994,-15.27411],[124.5396,-15.27705],[124.54188,-15.28009],[124.53984,-15.2801],[124.53611,-15.27592],[124.53378,-15.2783],[124.53378,-15.2748],[124.52761,-15.273],[124.52552,-15.27955],[124.5225,-15.28283],[124.52237,-15.27492],[124.51597,-15.27674],[124.51423,-15.27968],[124.51167,-15.27753],[124.51063,-15.28138],[124.50783,-15.28036],[124.50457,-15.28161],[124.49935,-15.29151],[124.49482,-15.29221],[124.49286,-15.29651],[124.4952,-15.29989],[124.4966,-15.29955],[124.49812,-15.30135],[124.49928,-15.29976],[124.4974,-15.29661],[124.49973,-15.29772],[124.50239,-15.29633],[124.50022,-15.3019],[124.50439,-15.30432],[124.50915,-15.30375],[124.51659,-15.29877],[124.51415,-15.30386],[124.5159,-15.30397],[124.51904,-15.30171],[124.52345,-15.29391],[124.5209,-15.29945],[124.52067,-15.30555],[124.53112,-15.30308],[124.53557,-15.30361],[124.52545,-15.3069],[124.5247,-15.30853],[124.5187,-15.30849],[124.51894,-15.3119],[124.51731,-15.31053],[124.51522,-15.31358],[124.51533,-15.30985],[124.51346,-15.30996],[124.51392,-15.3068],[124.50997,-15.30748],[124.50299,-15.31167],[124.50554,-15.30737],[124.49839,-15.30767],[124.49996,-15.31952],[124.50345,-15.32298],[124.50673,-15.32296],[124.50849,-15.32894],[124.5107,-15.32872],[124.51653,-15.33187],[124.51711,-15.33379],[124.50954,-15.33211],[124.50547,-15.33799],[124.50028,-15.33657],[124.50494,-15.3267],[124.50128,-15.32498],[124.49836,-15.32653],[124.49614,-15.3236],[124.493,-15.32452],[124.49077,-15.32104],[124.48915,-15.32363],[124.48763,-15.32285],[124.48301,-15.32663],[124.48372,-15.32732],[124.48165,-15.32772],[124.48078,-15.33634],[124.48215,-15.34063],[124.4891,-15.34843],[124.49417,-15.35181],[124.49589,-15.35006],[124.49212,-15.35821],[124.48862,-15.35771],[124.49094,-15.35446],[124.49053,-15.35085],[124.48916,-15.35283],[124.48683,-15.34872],[124.48299,-15.34919],[124.48104,-15.34549],[124.48042,-15.34694],[124.47538,-15.3457],[124.47621,-15.35367],[124.47338,-15.35524],[124.46503,-15.35309],[124.46083,-15.35582],[124.46191,-15.35673],[124.45997,-15.36285],[124.46099,-15.36977],[124.46317,-15.36934],[124.46774,-15.37463],[124.47192,-15.3748],[124.47462,-15.37202],[124.47465,-15.36784],[124.47816,-15.36307],[124.48262,-15.36496],[124.48068,-15.36837],[124.48159,-15.37235],[124.47812,-15.37775],[124.4804,-15.38075],[124.47993,-15.38703],[124.47807,-15.38988],[124.47388,-15.39024],[124.47246,-15.39474],[124.47385,-15.39681],[124.47039,-15.4018],[124.46486,-15.40339],[124.46492,-15.40506],[124.46996,-15.40405],[124.47718,-15.40663],[124.4813,-15.40415],[124.48643,-15.40561],[124.48778,-15.40279],[124.48346,-15.39867],[124.48712,-15.39393],[124.48194,-15.39297],[124.48481,-15.38854],[124.48441,-15.38675],[124.48568,-15.38575],[124.48843,-15.38734],[124.48867,-15.3854],[124.49026,-15.38708],[124.49326,-15.38593],[124.49236,-15.38179],[124.49089,-15.3813],[124.49242,-15.38083],[124.49592,-15.38417],[124.49887,-15.38326],[124.49789,-15.38005],[124.50325,-15.37843],[124.50366,-15.37617],[124.49976,-15.37215],[124.50377,-15.3743],[124.50645,-15.36861],[124.50826,-15.36872],[124.51003,-15.36666],[124.50589,-15.37322],[124.50403,-15.38071],[124.50208,-15.38162],[124.50364,-15.38464]]],[[[124.37808,-15.32244],[124.38366,-15.32029],[124.38461,-15.32524],[124.3868,-15.32601],[124.3845,-15.32772],[124.38556,-15.32998],[124.38731,-15.3311],[124.38812,-15.32917],[124.38926,-15.33189],[124.39188,-15.33244],[124.3908,-15.32894],[124.39383,-15.32936],[124.3945,-15.32463],[124.39845,-15.3228],[124.39517,-15.31819],[124.3948,-15.31322],[124.39643,-15.31299],[124.39757,-15.30711],[124.39896,-15.30654],[124.39864,-15.31343],[124.40283,-15.31285],[124.4085,-15.30424],[124.41078,-15.29429],[124.41279,-15.29285],[124.41272,-15.29472],[124.41469,-15.29304],[124.41312,-15.29665],[124.41449,-15.29893],[124.41372,-15.30037],[124.41525,-15.3003],[124.41379,-15.30298],[124.41734,-15.30442],[124.42115,-15.30375],[124.41876,-15.3073],[124.42749,-15.30557],[124.42231,-15.30897],[124.42153,-15.31266],[124.41952,-15.31197],[124.41824,-15.31635],[124.42287,-15.31673],[124.42403,-15.3149],[124.43654,-15.31103],[124.43879,-15.30949],[124.43889,-15.30636],[124.4403,-15.30762],[124.44332,-15.30657],[124.44135,-15.31001],[124.43682,-15.31191],[124.43172,-15.31676],[124.43303,-15.31782],[124.43049,-15.32184],[124.43303,-15.32288],[124.43836,-15.31777],[124.43768,-15.31965],[124.44016,-15.31978],[124.44057,-15.31755],[124.44314,-15.31559],[124.44191,-15.31179],[124.4437,-15.31353],[124.4472,-15.31271],[124.44834,-15.30993],[124.44948,-15.31254],[124.45168,-15.31247],[124.45425,-15.3107],[124.45407,-15.3088],[124.45615,-15.30937],[124.45635,-15.30471],[124.46196,-15.30578],[124.4627,-15.30264],[124.4577,-15.29577],[124.45491,-15.29669],[124.45296,-15.3005],[124.45203,-15.29981],[124.45045,-15.30187],[124.4492,-15.29502],[124.44188,-15.29822],[124.4493,-15.29231],[124.44987,-15.29039],[124.44857,-15.28531],[124.44623,-15.28328],[124.44574,-15.27741],[124.4419,-15.27811],[124.44387,-15.2764],[124.44216,-15.27221],[124.44472,-15.27508],[124.44773,-15.274],[124.44888,-15.27706],[124.45284,-15.27896],[124.45536,-15.27048],[124.45718,-15.26965],[124.4529,-15.26631],[124.45136,-15.26101],[124.44494,-15.25787],[124.44434,-15.25336],[124.44176,-15.24976],[124.43921,-15.25157],[124.43737,-15.2561],[124.43342,-15.25747],[124.42875,-15.2549],[124.4283,-15.25682],[124.42457,-15.25751],[124.42157,-15.26182],[124.4175,-15.26387],[124.41604,-15.27415],[124.40839,-15.28164],[124.40713,-15.28515],[124.40398,-15.28516],[124.3997,-15.28948],[124.39819,-15.28993],[124.39666,-15.28768],[124.39457,-15.2878],[124.39222,-15.28454],[124.39094,-15.28477],[124.38665,-15.28795],[124.38165,-15.28774],[124.37958,-15.29442],[124.37815,-15.28606],[124.36931,-15.28836],[124.36507,-15.29985],[124.3635,-15.29993],[124.36448,-15.30273],[124.36641,-15.30293],[124.36707,-15.30836],[124.35949,-15.30602],[124.36047,-15.29145],[124.35559,-15.29214],[124.35002,-15.29567],[124.34702,-15.30268],[124.34331,-15.30586],[124.34286,-15.30982],[124.34951,-15.31363],[124.35268,-15.31915],[124.35258,-15.32221],[124.35677,-15.32275],[124.35829,-15.32501],[124.36784,-15.32395],[124.3738,-15.32935],[124.37543,-15.329],[124.37494,-15.32516],[124.3777,-15.3242],[124.37808,-15.32244]]],[[[124.80856,-15.23778],[124.80624,-15.23722],[124.80461,-15.23949],[124.80589,-15.24484],[124.80381,-15.24412],[124.80277,-15.24548],[124.80383,-15.24909],[124.80232,-15.25023],[124.80071,-15.25678],[124.79885,-15.25781],[124.79975,-15.26011],[124.79443,-15.25782],[124.79269,-15.26053],[124.79248,-15.26765],[124.79599,-15.27533],[124.79193,-15.28099],[124.79079,-15.28732],[124.79371,-15.29126],[124.7993,-15.29441],[124.80479,-15.29982],[124.80655,-15.3031],[124.81179,-15.30613],[124.81249,-15.30523],[124.80817,-15.30196],[124.81353,-15.30195],[124.81119,-15.29947],[124.81479,-15.29765],[124.81478,-15.2937],[124.81232,-15.28952],[124.81524,-15.29189],[124.8192,-15.29188],[124.82187,-15.2904],[124.82163,-15.28905],[124.82617,-15.28779],[124.82209,-15.28543],[124.82663,-15.28621],[124.82779,-15.28395],[124.82861,-15.28677],[124.83163,-15.28552],[124.83615,-15.2802],[124.83814,-15.28132],[124.83836,-15.27895],[124.8341,-15.27249],[124.8422,-15.28007],[124.84545,-15.27633],[124.84451,-15.27204],[124.84882,-15.27463],[124.85044,-15.2709],[124.85078,-15.26705],[124.84797,-15.26254],[124.85368,-15.26479],[124.85588,-15.26286],[124.85737,-15.25619],[124.85212,-15.25021],[124.85106,-15.24626],[124.84756,-15.24435],[124.84116,-15.24392],[124.83637,-15.23771],[124.83195,-15.23637],[124.83044,-15.23762],[124.8336,-15.24637],[124.83022,-15.24202],[124.8279,-15.24531],[124.82696,-15.24068],[124.82509,-15.23978],[124.82522,-15.24317],[124.82264,-15.23775],[124.82067,-15.23922],[124.8174,-15.23562],[124.81286,-15.23484],[124.81181,-15.23292],[124.81331,-15.22986],[124.81145,-15.22862],[124.80889,-15.22976],[124.80739,-15.23315],[124.80891,-15.23518],[124.80856,-15.23778]]],[[[123.76638,-16.15483],[123.7766,-16.16025],[123.76826,-16.15349],[123.75918,-16.14901],[123.77065,-16.14797],[123.77806,-16.14238],[123.77839,-16.14476],[123.7745,-16.14812],[123.77879,-16.15301],[123.78904,-16.15982],[123.79115,-16.15695],[123.7829,-16.15112],[123.7828,-16.14863],[123.78957,-16.15015],[123.79301,-16.14487],[123.79743,-16.1475],[123.79273,-16.1365],[123.79087,-16.13524],[123.79038,-16.13773],[123.78899,-16.13602],[123.7877,-16.13646],[123.78446,-16.13225],[123.78741,-16.129],[123.79081,-16.12812],[123.78966,-16.12517],[123.7872,-16.12561],[123.78535,-16.12344],[123.78619,-16.12096],[123.79181,-16.12056],[123.79148,-16.11694],[123.78871,-16.11364],[123.78694,-16.11532],[123.78135,-16.11222],[123.77761,-16.11253],[123.77619,-16.11399],[123.77711,-16.11547],[123.78085,-16.11595],[123.78165,-16.11799],[123.77753,-16.12158],[123.77691,-16.12564],[123.76874,-16.12422],[123.76549,-16.12182],[123.76033,-16.12314],[123.75334,-16.11992],[123.74936,-16.1209],[123.74668,-16.1193],[123.74578,-16.11579],[123.74237,-16.11757],[123.73632,-16.11379],[123.73339,-16.11478],[123.73208,-16.11783],[123.73139,-16.11601],[123.72858,-16.11667],[123.72731,-16.1153],[123.73023,-16.11521],[123.73201,-16.1124],[123.71066,-16.10624],[123.70178,-16.10639],[123.70772,-16.10802],[123.70631,-16.10937],[123.70934,-16.11075],[123.70746,-16.11186],[123.70245,-16.10945],[123.68901,-16.10877],[123.6829,-16.112],[123.68849,-16.11402],[123.68416,-16.11495],[123.68498,-16.11552],[123.69644,-16.11482],[123.70541,-16.11897],[123.70614,-16.11569],[123.70919,-16.11391],[123.70811,-16.11775],[123.7102,-16.11867],[123.70937,-16.12002],[123.71345,-16.12186],[123.71999,-16.12236],[123.72138,-16.12497],[123.72605,-16.1258],[123.72591,-16.12851],[123.73511,-16.133],[123.73675,-16.13211],[123.73814,-16.1337],[123.73743,-16.13471],[123.74589,-16.14416],[123.7474,-16.14451],[123.74766,-16.14237],[123.74989,-16.14137],[123.74974,-16.14521],[123.75207,-16.14613],[123.75762,-16.15318],[123.7638,-16.15527],[123.76611,-16.15856],[123.76638,-16.15483]]],[[[124.58592,-15.95111],[124.58456,-15.94689],[124.58614,-15.94558],[124.58882,-15.94591],[124.58882,-15.94444],[124.5868,-15.9415],[124.58752,-15.93891],[124.58507,-15.93868],[124.5865,-15.9372],[124.59114,-15.93732],[124.59218,-15.93268],[124.59521,-15.93008],[124.59671,-15.92307],[124.59554,-15.92081],[124.58982,-15.92173],[124.59249,-15.91573],[124.59669,-15.91087],[124.5941,-15.90534],[124.58338,-15.91281],[124.5835,-15.91518],[124.58116,-15.91406],[124.58056,-15.9172],[124.5786,-15.91429],[124.58139,-15.91123],[124.57836,-15.91045],[124.57637,-15.91147],[124.57555,-15.90989],[124.57345,-15.91068],[124.57078,-15.91735],[124.57487,-15.91735],[124.57289,-15.92017],[124.57616,-15.92051],[124.57464,-15.92209],[124.57044,-15.92368],[124.56428,-15.929],[124.56124,-15.92912],[124.54561,-15.93683],[124.54318,-15.94429],[124.53607,-15.95504],[124.53154,-15.96578],[124.53458,-15.96645],[124.53797,-15.96181],[124.54099,-15.96712],[124.54297,-15.96429],[124.54427,-15.96644],[124.54918,-15.96756],[124.55408,-15.9645],[124.55898,-15.96427],[124.56108,-15.96166],[124.562,-15.95528],[124.56527,-15.95454],[124.56537,-15.9533],[124.56713,-15.95284],[124.5676,-15.95397],[124.5736,-15.95217],[124.57577,-15.95407],[124.57611,-15.94943],[124.57768,-15.94872],[124.58335,-15.9536],[124.58592,-15.95111]]],[[[124.28167,-15.29356],[124.28048,-15.28588],[124.27779,-15.28454],[124.27638,-15.27969],[124.26802,-15.28593],[124.26603,-15.28244],[124.25895,-15.288],[124.2544,-15.28621],[124.24977,-15.29278],[124.23325,-15.29713],[124.23047,-15.3003],[124.23293,-15.30379],[124.23073,-15.30696],[124.23203,-15.31159],[124.23125,-15.31937],[124.23336,-15.32126],[124.23881,-15.32182],[124.24231,-15.32016],[124.24196,-15.3143],[124.24748,-15.31115],[124.24913,-15.30814],[124.25169,-15.30892],[124.25328,-15.30701],[124.2553,-15.31065],[124.25819,-15.308],[124.25521,-15.30557],[124.25688,-15.30166],[124.25805,-15.30168],[124.26113,-15.3087],[124.26581,-15.30492],[124.26182,-15.31134],[124.26574,-15.31171],[124.2659,-15.30966],[124.26891,-15.31084],[124.2721,-15.30636],[124.27245,-15.3095],[124.27609,-15.31265],[124.28064,-15.3121],[124.28092,-15.30927],[124.28649,-15.30574],[124.28567,-15.30451],[124.28695,-15.30258],[124.28133,-15.29616],[124.28167,-15.29356]]],[[[124.19418,-15.92067],[124.19003,-15.91668],[124.18889,-15.92369],[124.19282,-15.93373],[124.18949,-15.93047],[124.18709,-15.92331],[124.18534,-15.92454],[124.18681,-15.93093],[124.19069,-15.93679],[124.19058,-15.94052],[124.19518,-15.9492],[124.19566,-15.95451],[124.20108,-15.96499],[124.20447,-15.96656],[124.23391,-15.9712],[124.2352,-15.96871],[124.23314,-15.95268],[124.22737,-15.94969],[124.2163,-15.95572],[124.21131,-15.95434],[124.20955,-15.95186],[124.20799,-15.94226],[124.20423,-15.93584],[124.2055,-15.93007],[124.20331,-15.92502],[124.20493,-15.92349],[124.20047,-15.91999],[124.19916,-15.9232],[124.20169,-15.92503],[124.20126,-15.9263],[124.1949,-15.91887],[124.19418,-15.92067]]],[[[124.0704,-16.10851],[124.06999,-16.11073],[124.06816,-16.11087],[124.06885,-16.11257],[124.06675,-16.1121],[124.06697,-16.11493],[124.06255,-16.11315],[124.06497,-16.11616],[124.06516,-16.11987],[124.06801,-16.11641],[124.07208,-16.11994],[124.07245,-16.11666],[124.07892,-16.11105],[124.0796,-16.11411],[124.0776,-16.11545],[124.07806,-16.11658],[124.08052,-16.11671],[124.08147,-16.11446],[124.0859,-16.11675],[124.08653,-16.11008],[124.08444,-16.10656],[124.08528,-16.10465],[124.08806,-16.10817],[124.0866,-16.1029],[124.08748,-16.09915],[124.08806,-16.10019],[124.08938,-16.09951],[124.09115,-16.10103],[124.09008,-16.10589],[124.09176,-16.10636],[124.09433,-16.10371],[124.09121,-16.10864],[124.09284,-16.11046],[124.09224,-16.11283],[124.09537,-16.11554],[124.09724,-16.11426],[124.10039,-16.11616],[124.102,-16.11451],[124.09922,-16.11018],[124.10064,-16.09672],[124.09484,-16.09024],[124.08925,-16.08727],[124.07516,-16.0818],[124.06916,-16.08142],[124.07089,-16.09172],[124.07642,-16.09314],[124.06569,-16.09867],[124.06295,-16.1036],[124.05781,-16.10543],[124.06127,-16.10969],[124.06282,-16.10979],[124.06153,-16.10687],[124.0665,-16.10282],[124.06398,-16.10666],[124.06486,-16.10838],[124.07027,-16.10594],[124.07069,-16.10766],[124.07286,-16.10744],[124.0704,-16.10851]]],[[[123.54796,-16.09988],[123.55711,-16.09657],[123.54951,-16.08509],[123.54871,-16.08259],[123.55028,-16.07707],[123.55755,-16.07476],[123.56254,-16.07864],[123.56407,-16.07809],[123.56015,-16.07229],[123.55536,-16.07146],[123.55188,-16.06849],[123.54929,-16.07039],[123.54475,-16.06888],[123.54047,-16.06398],[123.54096,-16.06184],[123.544,-16.06175],[123.54319,-16.06095],[123.5376,-16.0583],[123.53,-16.05835],[123.52553,-16.06136],[123.52537,-16.06622],[123.52241,-16.06981],[123.5259,-16.07142],[123.52361,-16.07898],[123.52564,-16.08668],[123.53219,-16.08629],[123.53273,-16.09127],[123.53853,-16.09573],[123.53552,-16.09242],[123.53545,-16.08756],[123.5379,-16.08871],[123.53788,-16.09097],[123.54033,-16.091],[123.53873,-16.08725],[123.5405,-16.08602],[123.5427,-16.08729],[123.54389,-16.08538],[123.54791,-16.09332],[123.55244,-16.09596],[123.55079,-16.09821],[123.54727,-16.09897],[123.54796,-16.09988]]],[[[124.45101,-15.96349],[124.44901,-15.98462],[124.45122,-15.98393],[124.45608,-15.97521],[124.45593,-15.96674],[124.45765,-15.96075],[124.45728,-15.95657],[124.45552,-15.95545],[124.45808,-15.95363],[124.46232,-15.94457],[124.4621,-15.94028],[124.46511,-15.94024],[124.46422,-15.94183],[124.46637,-15.94362],[124.46885,-15.93607],[124.46759,-15.91755],[124.47002,-15.91415],[124.46483,-15.91745],[124.4679,-15.90953],[124.46562,-15.90948],[124.46534,-15.90816],[124.46701,-15.9084],[124.468,-15.90603],[124.46673,-15.90264],[124.46436,-15.9034],[124.4648,-15.89972],[124.46327,-15.89713],[124.46246,-15.89916],[124.46118,-15.89702],[124.45976,-15.89803],[124.46156,-15.90267],[124.4599,-15.90577],[124.46076,-15.90809],[124.45867,-15.90833],[124.45749,-15.90614],[124.45644,-15.90868],[124.45547,-15.90613],[124.45295,-15.90779],[124.45335,-15.91277],[124.45693,-15.91218],[124.45441,-15.91976],[124.46026,-15.91859],[124.45543,-15.92281],[124.45656,-15.9298],[124.45354,-15.9323],[124.45344,-15.93693],[124.45088,-15.93864],[124.4509,-15.94383],[124.45302,-15.94665],[124.45152,-15.9488],[124.45211,-15.95207],[124.45436,-15.95568],[124.45378,-15.95726],[124.45202,-15.95716],[124.45101,-15.96349]]],[[[124.36912,-15.37748],[124.37016,-15.37499],[124.36795,-15.37489],[124.36967,-15.37059],[124.36686,-15.36631],[124.35766,-15.36589],[124.35788,-15.36431],[124.35286,-15.36072],[124.3474,-15.36435],[124.34928,-15.36706],[124.34836,-15.36932],[124.3423,-15.37002],[124.34198,-15.37567],[124.33767,-15.37603],[124.34491,-15.3804],[124.34773,-15.38514],[124.35403,-15.38839],[124.35801,-15.39334],[124.36315,-15.39524],[124.36666,-15.39884],[124.36933,-15.39804],[124.37167,-15.39916],[124.37282,-15.39768],[124.36674,-15.39172],[124.37035,-15.39069],[124.37454,-15.3918],[124.37489,-15.39079],[124.37069,-15.38854],[124.36904,-15.38527],[124.36346,-15.38677],[124.36937,-15.38053],[124.36912,-15.37748]]],[[[124.3051,-15.35362],[124.30809,-15.35223],[124.3141,-15.35502],[124.31411,-15.35709],[124.3164,-15.35835],[124.3159,-15.35672],[124.31902,-15.35629],[124.32137,-15.34933],[124.32417,-15.34754],[124.32556,-15.34948],[124.32754,-15.34817],[124.32822,-15.3439],[124.33199,-15.34662],[124.33346,-15.3451],[124.33467,-15.34688],[124.33614,-15.34441],[124.33473,-15.34148],[124.33683,-15.34185],[124.33927,-15.33649],[124.34079,-15.33582],[124.34293,-15.33732],[124.34005,-15.33305],[124.34252,-15.33178],[124.34642,-15.33514],[124.34981,-15.33283],[124.34993,-15.33046],[124.34713,-15.32776],[124.34606,-15.32359],[124.34767,-15.31906],[124.34439,-15.31298],[124.34043,-15.31389],[124.33895,-15.32215],[124.33652,-15.32588],[124.3335,-15.32612],[124.33188,-15.32952],[124.32467,-15.33079],[124.32294,-15.33531],[124.32038,-15.33521],[124.31841,-15.33782],[124.31678,-15.33771],[124.31447,-15.3419],[124.3104,-15.34429],[124.3161,-15.34302],[124.30356,-15.35177],[124.3051,-15.35362]]],[[[124.09472,-16.14393],[124.09356,-16.142],[124.08781,-16.14456],[124.08681,-16.13732],[124.08388,-16.13753],[124.07925,-16.13162],[124.079,-16.13366],[124.0826,-16.13707],[124.08142,-16.13865],[124.08399,-16.13945],[124.08257,-16.14125],[124.08519,-16.14131],[124.08385,-16.14296],[124.08441,-16.14624],[124.08197,-16.14453],[124.08136,-16.1469],[124.08034,-16.14316],[124.07776,-16.14393],[124.07906,-16.14225],[124.07802,-16.14009],[124.07556,-16.14042],[124.07617,-16.13771],[124.07489,-16.13555],[124.07372,-16.13667],[124.07197,-16.13576],[124.07148,-16.1387],[124.07067,-16.13756],[124.06926,-16.13834],[124.07266,-16.13335],[124.07009,-16.1291],[124.06784,-16.13133],[124.06708,-16.13732],[124.06532,-16.13689],[124.06281,-16.13998],[124.06624,-16.14175],[124.072,-16.14191],[124.07208,-16.14336],[124.06912,-16.14264],[124.06902,-16.1443],[124.06641,-16.14488],[124.06651,-16.14714],[124.06451,-16.14961],[124.06531,-16.15233],[124.0667,-16.15336],[124.0712,-16.15228],[124.07732,-16.15443],[124.07561,-16.15569],[124.08421,-16.16194],[124.08722,-16.16372],[124.08935,-16.16203],[124.09485,-16.16538],[124.09638,-16.16476],[124.09471,-16.16173],[124.09841,-16.16406],[124.09936,-16.16314],[124.09966,-16.15731],[124.09519,-16.15409],[124.09568,-16.15637],[124.09219,-16.15476],[124.09309,-16.15149],[124.09455,-16.1528],[124.09561,-16.14962],[124.09472,-16.14393]]],[[[123.59838,-16.08833],[123.59632,-16.08814],[123.59454,-16.08574],[123.5901,-16.0864],[123.58973,-16.08396],[123.58772,-16.08288],[123.58917,-16.08149],[123.58515,-16.08113],[123.58616,-16.08406],[123.5842,-16.08535],[123.59274,-16.08818],[123.59553,-16.09268],[123.61457,-16.10328],[123.62019,-16.10322],[123.62123,-16.10515],[123.62423,-16.10477],[123.62722,-16.10714],[123.63039,-16.10206],[123.6329,-16.10452],[123.63615,-16.10563],[123.6355,-16.10322],[123.63743,-16.10503],[123.63523,-16.09846],[123.64068,-16.10014],[123.63815,-16.09772],[123.63028,-16.09452],[123.62719,-16.09409],[123.62825,-16.09576],[123.62451,-16.09642],[123.62241,-16.09434],[123.62391,-16.09333],[123.62291,-16.0918],[123.62155,-16.09273],[123.61871,-16.09135],[123.61491,-16.09353],[123.61264,-16.08917],[123.60618,-16.08704],[123.60388,-16.08442],[123.59818,-16.08469],[123.5992,-16.08589],[123.59838,-16.08833]]],[[[123.5171,-16.0268],[123.51269,-16.02382],[123.50844,-16.02429],[123.51241,-16.02834],[123.51625,-16.02974],[123.52166,-16.03815],[123.52735,-16.04284],[123.53126,-16.04897],[123.5302,-16.05043],[123.53545,-16.05139],[123.53858,-16.0539],[123.53755,-16.05118],[123.54285,-16.0475],[123.54274,-16.04625],[123.54472,-16.04729],[123.54532,-16.04571],[123.54707,-16.04652],[123.54836,-16.0454],[123.55033,-16.0479],[123.55198,-16.04645],[123.5449,-16.04039],[123.54244,-16.04082],[123.54219,-16.04308],[123.54043,-16.04408],[123.54012,-16.03967],[123.54237,-16.03675],[123.54097,-16.03595],[123.53837,-16.03886],[123.53662,-16.03874],[123.53815,-16.03717],[123.537,-16.03535],[123.53796,-16.03355],[123.53515,-16.03352],[123.53355,-16.03],[123.52707,-16.03503],[123.5279,-16.03368],[123.52593,-16.03163],[123.52748,-16.02871],[123.52339,-16.02923],[123.52201,-16.02685],[123.5294,-16.02364],[123.52697,-16.0209],[123.5238,-16.02141],[123.52476,-16.01975],[123.5221,-16.01724],[123.51623,-16.01956],[123.51854,-16.02309],[123.5171,-16.0268]]],[[[123.40028,-16.13447],[123.40226,-16.13271],[123.4015,-16.13007],[123.40619,-16.12853],[123.40633,-16.12673],[123.40808,-16.1264],[123.40843,-16.12769],[123.41228,-16.1278],[123.41317,-16.13199],[123.41505,-16.13133],[123.41349,-16.13653],[123.41459,-16.13748],[123.41735,-16.1352],[123.41725,-16.13316],[123.42253,-16.13174],[123.41986,-16.12957],[123.41887,-16.12503],[123.41825,-16.12763],[123.41429,-16.12545],[123.41431,-16.12386],[123.41651,-16.12402],[123.41117,-16.12169],[123.41167,-16.11886],[123.40957,-16.11839],[123.40815,-16.11996],[123.40642,-16.11749],[123.40536,-16.11858],[123.40346,-16.11673],[123.40258,-16.11781],[123.4015,-16.11257],[123.39888,-16.11139],[123.4018,-16.1084],[123.39577,-16.10752],[123.39516,-16.10932],[123.39277,-16.11011],[123.40047,-16.11672],[123.39998,-16.11819],[123.39457,-16.12108],[123.38991,-16.11945],[123.38896,-16.12125],[123.39537,-16.1239],[123.38914,-16.12622],[123.38878,-16.1278],[123.38921,-16.12964],[123.3924,-16.12806],[123.39565,-16.13058],[123.39694,-16.1298],[123.39597,-16.13307],[123.40028,-16.13447]]],[[[123.44213,-16.11361],[123.44285,-16.11136],[123.44678,-16.11176],[123.44322,-16.10955],[123.44195,-16.10691],[123.44372,-16.10594],[123.44376,-16.10404],[123.44082,-16.10157],[123.44273,-16.10049],[123.44184,-16.09928],[123.44032,-16.09892],[123.43933,-16.10081],[123.43724,-16.09966],[123.43916,-16.09871],[123.43697,-16.09696],[123.4362,-16.09773],[123.43601,-16.0963],[123.43753,-16.09568],[123.4351,-16.09128],[123.43814,-16.09119],[123.44145,-16.09346],[123.44154,-16.09124],[123.43898,-16.08883],[123.44282,-16.09135],[123.4466,-16.0875],[123.44639,-16.08611],[123.44007,-16.08165],[123.43823,-16.0826],[123.43722,-16.07966],[123.43382,-16.07883],[123.43437,-16.07636],[123.43255,-16.07594],[123.4323,-16.07893],[123.42864,-16.07827],[123.43205,-16.08085],[123.43233,-16.08741],[123.42999,-16.08829],[123.42473,-16.08649],[123.4245,-16.08778],[123.42799,-16.09137],[123.43284,-16.10719],[123.44213,-16.11361]]],[[[123.33228,-16.16173],[123.3338,-16.16254],[123.33063,-16.16352],[123.33541,-16.16448],[123.33585,-16.16697],[123.33751,-16.16551],[123.346,-16.16955],[123.34175,-16.16273],[123.34236,-16.16059],[123.34548,-16.16356],[123.35072,-16.16564],[123.352,-16.16412],[123.3502,-16.15983],[123.34787,-16.15872],[123.34986,-16.15285],[123.34489,-16.1527],[123.3455,-16.14943],[123.34408,-16.14848],[123.33507,-16.15226],[123.33388,-16.1544],[123.32908,-16.14986],[123.33184,-16.14849],[123.33003,-16.14681],[123.32822,-16.14756],[123.32252,-16.1449],[123.3225,-16.14694],[123.32715,-16.14936],[123.32725,-16.15083],[123.32258,-16.15078],[123.3229,-16.15282],[123.31986,-16.1529],[123.32336,-16.1543],[123.32449,-16.15725],[123.32977,-16.15617],[123.33228,-16.16173]]],[[[123.78044,-16.18015],[123.78495,-16.18561],[123.78573,-16.19116],[123.79208,-16.20081],[123.79408,-16.19925],[123.80846,-16.2006],[123.80487,-16.19571],[123.80547,-16.19447],[123.80316,-16.19039],[123.7967,-16.19155],[123.79393,-16.18964],[123.7943,-16.18682],[123.78999,-16.18463],[123.79082,-16.1834],[123.7892,-16.18112],[123.78422,-16.1804],[123.7856,-16.17861],[123.77956,-16.17325],[123.77865,-16.16951],[123.78064,-16.16987],[123.78031,-16.16772],[123.77809,-16.16702],[123.77726,-16.16354],[123.77623,-16.1661],[123.77237,-16.16506],[123.77189,-16.16652],[123.78044,-16.18015]]],[[[123.50811,-16.15876],[123.50527,-16.1619],[123.50875,-16.16476],[123.51249,-16.1649],[123.51238,-16.16108],[123.51742,-16.1637],[123.5174,-16.16495],[123.5201,-16.16441],[123.51676,-16.1594],[123.51782,-16.15873],[123.52315,-16.16296],[123.52551,-16.14908],[123.52426,-16.14579],[123.51939,-16.14089],[123.51833,-16.14122],[123.5196,-16.14383],[123.51151,-16.14545],[123.5089,-16.14916],[123.51041,-16.15053],[123.50811,-16.15876]]],[[[124.61259,-15.28305],[124.60865,-15.28422],[124.60793,-15.28693],[124.61145,-15.28466],[124.61405,-15.28483],[124.61642,-15.29174],[124.62046,-15.28883],[124.62318,-15.29021],[124.63004,-15.2812],[124.63704,-15.28189],[124.63754,-15.28416],[124.63911,-15.28447],[124.63949,-15.28207],[124.63789,-15.27565],[124.63578,-15.27331],[124.63026,-15.27419],[124.62736,-15.2768],[124.62402,-15.27412],[124.62299,-15.26868],[124.62057,-15.26588],[124.61942,-15.26608],[124.61669,-15.274],[124.61758,-15.28118],[124.61259,-15.28305]]],[[[124.85379,-15.30026],[124.85438,-15.30342],[124.85148,-15.30467],[124.84973,-15.30778],[124.84125,-15.31114],[124.84045,-15.31284],[124.84173,-15.31453],[124.8486,-15.31609],[124.84956,-15.31198],[124.8543,-15.31258],[124.85836,-15.31121],[124.86081,-15.31301],[124.86069,-15.31007],[124.86232,-15.31063],[124.85973,-15.3007],[124.86321,-15.2964],[124.86076,-15.29663],[124.86,-15.29367],[124.86352,-15.28724],[124.8599,-15.2833],[124.85712,-15.28636],[124.8569,-15.28975],[124.85399,-15.29009],[124.85121,-15.29304],[124.849,-15.29338],[124.8497,-15.29621],[124.85379,-15.30026]]],[[[123.43416,-16.16147],[123.43333,-16.16271],[123.42831,-16.16221],[123.43575,-16.16635],[123.44592,-16.16712],[123.44999,-16.16885],[123.4524,-16.16915],[123.45342,-16.16561],[123.45374,-16.16889],[123.46015,-16.17109],[123.46109,-16.17031],[123.46164,-16.16749],[123.45975,-16.16448],[123.46067,-16.16315],[123.45537,-16.15479],[123.448,-16.15753],[123.44193,-16.15691],[123.43902,-16.15507],[123.43794,-16.15789],[123.43618,-16.15844],[123.4378,-16.15992],[123.43416,-16.16147]]],[[[124.22914,-15.93358],[124.22674,-15.92706],[124.22228,-15.92222],[124.21865,-15.9194],[124.21246,-15.91864],[124.21204,-15.93366],[124.21649,-15.93737],[124.21928,-15.94304],[124.22198,-15.94337],[124.22936,-15.93902],[124.22938,-15.93523],[124.22782,-15.9344],[124.22914,-15.93358]]],[[[123.15801,-15.52182],[123.15696,-15.52123],[123.1578,-15.51472],[123.16116,-15.51598],[123.15858,-15.50918],[123.15246,-15.51189],[123.15207,-15.53087],[123.15603,-15.53562],[123.16058,-15.53348],[123.16505,-15.53332],[123.16732,-15.5277],[123.1658,-15.52325],[123.15927,-15.51609],[123.16292,-15.52331],[123.15788,-15.52328],[123.15801,-15.52182]]],[[[123.69654,-15.9339],[123.69549,-15.93763],[123.69456,-15.93537],[123.69082,-15.93527],[123.692,-15.94374],[123.68967,-15.95142],[123.69038,-15.95312],[123.68443,-15.95889],[123.6849,-15.96137],[123.6877,-15.96182],[123.68923,-15.96713],[123.68945,-15.96182],[123.69167,-15.95786],[123.69809,-15.96011],[123.7016,-15.95932],[123.70008,-15.95762],[123.69716,-15.95853],[123.69353,-15.95684],[123.69318,-15.95119],[123.69586,-15.94904],[123.69668,-15.95232],[123.70216,-15.94553],[123.69725,-15.94192],[123.70297,-15.94],[123.69864,-15.93593],[123.69758,-15.92916],[123.69431,-15.92871],[123.69151,-15.92623],[123.69093,-15.93278],[123.69654,-15.9339]]],[[[123.57313,-16.15892],[123.57435,-16.16001],[123.57429,-16.15796],[123.57912,-16.1569],[123.58175,-16.16119],[123.58504,-16.16263],[123.58785,-16.15803],[123.58695,-16.15731],[123.5887,-16.15755],[123.58865,-16.16159],[123.59066,-16.16251],[123.59382,-16.16065],[123.59338,-16.16401],[123.59522,-16.16488],[123.5956,-16.16047],[123.59085,-16.152],[123.59128,-16.14523],[123.5867,-16.14324],[123.5878,-16.14801],[123.58294,-16.14868],[123.57541,-16.14663],[123.57508,-16.15122],[123.57706,-16.15191],[123.57692,-16.15394],[123.57901,-16.15566],[123.57092,-16.1538],[123.57183,-16.15703],[123.5698,-16.15671],[123.57313,-16.15892]]],[[[123.29491,-16.03723],[123.2838,-16.03746],[123.28693,-16.03964],[123.28645,-16.04122],[123.28354,-16.03983],[123.27828,-16.04023],[123.27754,-16.04339],[123.28019,-16.04658],[123.28349,-16.04446],[123.28532,-16.04799],[123.29014,-16.04544],[123.29493,-16.04594],[123.29787,-16.04438],[123.29813,-16.04167],[123.29928,-16.04349],[123.30327,-16.04195],[123.31377,-16.03335],[123.31109,-16.03265],[123.30825,-16.03544],[123.30184,-16.03334],[123.30076,-16.03672],[123.29832,-16.03534],[123.29607,-16.03815],[123.29491,-16.03723]]],[[[124.80154,-15.22255],[124.80316,-15.21904],[124.80712,-15.22118],[124.80757,-15.21643],[124.80675,-15.21508],[124.80257,-15.21577],[124.79942,-15.21442],[124.80361,-15.21396],[124.80546,-15.2118],[124.80312,-15.20582],[124.79997,-15.20379],[124.79521,-15.20833],[124.79383,-15.2124],[124.79162,-15.21172],[124.79058,-15.21353],[124.78488,-15.21558],[124.78349,-15.21886],[124.7863,-15.22236],[124.79013,-15.22122],[124.79246,-15.22223],[124.79222,-15.21726],[124.7942,-15.21827],[124.7971,-15.21747],[124.79898,-15.22165],[124.80154,-15.22255]]],[[[124.73578,-14.91506],[124.73681,-14.91698],[124.73422,-14.92318],[124.73717,-14.93472],[124.7354,-14.9381],[124.73887,-14.94196],[124.7417,-14.93463],[124.74069,-14.92887],[124.74222,-14.92605],[124.74262,-14.91657],[124.74611,-14.9158],[124.74847,-14.91016],[124.74791,-14.907],[124.74675,-14.90643],[124.74312,-14.91058],[124.73825,-14.90875],[124.73465,-14.90952],[124.73335,-14.91346],[124.73578,-14.91506]]],[[[124.60595,-15.45221],[124.60745,-15.4461],[124.60581,-15.44305],[124.60756,-15.44441],[124.60989,-15.44045],[124.61025,-15.44531],[124.61409,-15.44767],[124.61524,-15.43761],[124.61722,-15.4375],[124.62023,-15.43207],[124.60451,-15.43356],[124.60265,-15.4356],[124.60313,-15.4382],[124.59777,-15.43696],[124.59498,-15.43979],[124.5944,-15.4416],[124.5972,-15.44476],[124.59848,-15.4425],[124.60208,-15.44136],[124.60443,-15.45074],[124.60595,-15.45221]]],[[[124.78026,-15.01594],[124.77839,-15.01199],[124.77642,-15.01256],[124.77295,-15.01787],[124.77527,-15.01787],[124.77683,-15.01998],[124.77506,-15.02533],[124.77181,-15.02906],[124.77485,-15.03538],[124.77775,-15.03244],[124.78147,-15.033],[124.7899,-15.01309],[124.78722,-15.01005],[124.78572,-15.01265],[124.78608,-15.01683],[124.78271,-15.01797],[124.78026,-15.01594]]],[[[124.50472,-15.22172],[124.50716,-15.22081],[124.50984,-15.22352],[124.51623,-15.21549],[124.51599,-15.21187],[124.51296,-15.21165],[124.50911,-15.20544],[124.50667,-15.20533],[124.50373,-15.20958],[124.49814,-15.21222],[124.49921,-15.21662],[124.50472,-15.22172]]],[[[124.86641,-15.02307],[124.86374,-15.02274],[124.86222,-15.02083],[124.86452,-15.01291],[124.85987,-15.01111],[124.85558,-15.0161],[124.84885,-15.01849],[124.84909,-15.02199],[124.84445,-15.0246],[124.85447,-15.03113],[124.85574,-15.02909],[124.85876,-15.0284],[124.85723,-15.0214],[124.85967,-15.02106],[124.86572,-15.02556],[124.86641,-15.02307]]],[[[124.62947,-15.80459],[124.64847,-15.79902],[124.65568,-15.7885],[124.63971,-15.79226],[124.63284,-15.79883],[124.62877,-15.8038],[124.62947,-15.80459]]],[[[124.74555,-14.95148],[124.75345,-14.95175],[124.75366,-14.95514],[124.75842,-14.95799],[124.75919,-14.95616],[124.76261,-14.95452],[124.76001,-14.94332],[124.75654,-14.94059],[124.75152,-14.94418],[124.74955,-14.9436],[124.74667,-14.93929],[124.74452,-14.94797],[124.74555,-14.95148]]],[[[124.45576,-16.02632],[124.45797,-16.02961],[124.46305,-16.01833],[124.4675,-16.01485],[124.47036,-16.00638],[124.46979,-16.0031],[124.46816,-16.00219],[124.46698,-16.00411],[124.46548,-16.00003],[124.46362,-15.99912],[124.46209,-16.00069],[124.46134,-16.01041],[124.45567,-16.02281],[124.45576,-16.02632]]],[[[123.40778,-16.08706],[123.41038,-16.08494],[123.41201,-16.08552],[123.41296,-16.08349],[123.41912,-16.08751],[123.41832,-16.08535],[123.41938,-16.08457],[123.41454,-16.07819],[123.41093,-16.07624],[123.39568,-16.07033],[123.38925,-16.06981],[123.39902,-16.07477],[123.39982,-16.07647],[123.39864,-16.07838],[123.40119,-16.08033],[123.40633,-16.08015],[123.40464,-16.08567],[123.40778,-16.08706]]],[[[124.38503,-15.23893],[124.38794,-15.23824],[124.39258,-15.23415],[124.38891,-15.24558],[124.3916,-15.2502],[124.39579,-15.24962],[124.39658,-15.2443],[124.39514,-15.23493],[124.39976,-15.2278],[124.39466,-15.23222],[124.39197,-15.2293],[124.3851,-15.22718],[124.38407,-15.23227],[124.38503,-15.23893]]],[[[124.4801,-15.44611],[124.48508,-15.44399],[124.48909,-15.43878],[124.49821,-15.4392],[124.5,-15.44162],[124.49896,-15.44325],[124.50131,-15.44405],[124.50471,-15.4428],[124.50482,-15.44127],[124.50044,-15.4367],[124.49291,-15.43405],[124.48995,-15.43478],[124.48945,-15.43728],[124.47176,-15.44267],[124.47092,-15.44515],[124.4801,-15.44611]]],[[[124.44731,-15.88811],[124.45011,-15.88244],[124.45255,-15.8838],[124.45588,-15.87691],[124.45326,-15.86917],[124.45153,-15.87075],[124.45009,-15.86913],[124.44481,-15.8701],[124.44307,-15.87158],[124.44383,-15.87539],[124.44198,-15.87455],[124.44228,-15.88083],[124.44366,-15.88078],[124.44612,-15.87679],[124.44632,-15.87983],[124.44793,-15.87835],[124.44731,-15.88811]]],[[[123.38411,-16.05823],[123.37956,-16.05762],[123.37803,-16.05897],[123.38223,-16.05957],[123.38814,-16.06404],[123.39549,-16.06558],[123.39839,-16.06764],[123.40809,-16.06886],[123.41471,-16.07243],[123.42008,-16.07373],[123.42418,-16.07241],[123.42338,-16.07104],[123.41893,-16.07213],[123.41755,-16.06963],[123.41368,-16.07027],[123.40871,-16.06525],[123.4059,-16.06511],[123.40522,-16.0633],[123.39552,-16.06286],[123.39414,-16.0607],[123.39076,-16.05988],[123.38827,-16.06279],[123.38468,-16.06027],[123.38411,-16.05823]]],[[[124.47201,-15.31931],[124.47898,-15.32337],[124.48094,-15.32126],[124.48378,-15.32262],[124.48945,-15.32014],[124.48597,-15.31665],[124.48398,-15.31855],[124.48137,-15.31766],[124.47967,-15.31273],[124.47686,-15.31026],[124.47015,-15.31272],[124.46936,-15.31697],[124.47201,-15.31931]]],[[[124.67191,-14.94505],[124.66974,-14.93871],[124.66777,-14.9378],[124.66184,-14.93878],[124.6608,-14.93696],[124.65871,-14.93786],[124.65763,-14.94203],[124.66537,-14.94998],[124.67258,-14.94935],[124.67191,-14.94505]]],[[[123.30745,-16.13277],[123.30615,-16.13018],[123.30445,-16.13061],[123.29922,-16.12591],[123.29617,-16.12655],[123.29296,-16.12421],[123.28997,-16.12529],[123.29043,-16.1274],[123.29428,-16.12834],[123.29601,-16.13103],[123.29707,-16.12984],[123.29856,-16.13234],[123.30138,-16.13124],[123.30301,-16.13216],[123.30006,-16.13681],[123.30256,-16.13779],[123.30357,-16.13409],[123.30534,-16.13783],[123.30779,-16.13368],[123.31162,-16.13609],[123.31736,-16.13478],[123.30942,-16.1293],[123.30745,-16.13277]]],[[[124.45162,-15.85505],[124.45117,-15.85787],[124.4535,-15.86336],[124.45597,-15.86034],[124.45351,-15.85714],[124.45373,-15.85529],[124.45542,-15.85651],[124.45463,-15.85165],[124.45299,-15.85141],[124.45485,-15.84679],[124.45324,-15.83653],[124.45171,-15.83463],[124.44757,-15.83699],[124.44783,-15.844],[124.44982,-15.84568],[124.45004,-15.85216],[124.45162,-15.85505]]],[[[124.07346,-16.17409],[124.0779,-16.17479],[124.07986,-16.16994],[124.08485,-16.16794],[124.08033,-16.16147],[124.07281,-16.1657],[124.06825,-16.16637],[124.07079,-16.17181],[124.07346,-16.17409]]],[[[123.46063,-16.15776],[123.45939,-16.15357],[123.46102,-16.15492],[123.46108,-16.15271],[123.4593,-16.1504],[123.45766,-16.15095],[123.45569,-16.14901],[123.4516,-16.14822],[123.45304,-16.1474],[123.44778,-16.1443],[123.44617,-16.1418],[123.44278,-16.14154],[123.44346,-16.1437],[123.4418,-16.14571],[123.44414,-16.14574],[123.44552,-16.14846],[123.44716,-16.14836],[123.45002,-16.15427],[123.45518,-16.15429],[123.46063,-16.15776]]],[[[124.20952,-15.94556],[124.21446,-15.95195],[124.21823,-15.9499],[124.2201,-15.94648],[124.21534,-15.93749],[124.21217,-15.93524],[124.20938,-15.93921],[124.20952,-15.94556]]],[[[124.8438,-15.34209],[124.84673,-15.34819],[124.84859,-15.3492],[124.85335,-15.34478],[124.85347,-15.34693],[124.85917,-15.34442],[124.85229,-15.337],[124.84903,-15.33779],[124.8438,-15.34209]]],[[[124.18565,-15.95739],[124.18715,-15.95646],[124.18666,-15.95126],[124.17858,-15.94542],[124.17691,-15.93797],[124.17424,-15.94475],[124.17485,-15.94837],[124.18565,-15.95739]]],[[[124.69415,-14.95592],[124.69235,-14.94676],[124.68981,-14.94426],[124.68891,-14.94007],[124.68393,-14.93733],[124.68238,-14.9432],[124.6857,-14.95022],[124.69035,-14.9507],[124.69021,-14.95386],[124.69415,-14.95592]]],[[[123.31439,-16.14386],[123.31811,-16.14169],[123.32802,-16.14351],[123.32947,-16.14054],[123.32678,-16.14042],[123.32834,-16.13878],[123.32635,-16.13872],[123.32552,-16.13535],[123.32351,-16.13467],[123.32215,-16.1362],[123.31957,-16.13594],[123.32013,-16.13866],[123.31742,-16.13795],[123.31556,-16.13963],[123.3137,-16.13894],[123.31415,-16.13759],[123.31172,-16.1379],[123.30868,-16.13523],[123.30875,-16.14194],[123.30944,-16.14274],[123.3117,-16.1396],[123.31461,-16.14064],[123.31439,-16.14386]]],[[[124.48777,-15.4654],[124.49311,-15.46165],[124.49602,-15.46141],[124.50077,-15.45687],[124.49795,-15.45169],[124.49609,-15.45113],[124.48867,-15.45817],[124.48777,-15.4654]]],[[[124.71792,-14.87215],[124.72225,-14.86687],[124.73284,-14.86286],[124.73216,-14.86037],[124.72645,-14.86339],[124.72367,-14.86236],[124.72192,-14.8637],[124.71857,-14.86142],[124.71717,-14.86209],[124.71637,-14.85881],[124.71486,-14.85959],[124.71298,-14.86297],[124.71622,-14.86468],[124.71585,-14.86784],[124.71701,-14.8683],[124.71572,-14.8701],[124.71629,-14.87203],[124.71792,-14.87215]]],[[[124.53558,-15.23954],[124.54628,-15.23387],[124.5472,-15.23161],[124.5451,-15.22743],[124.54394,-15.2271],[124.54197,-15.2297],[124.53859,-15.23004],[124.53802,-15.234],[124.53638,-15.23197],[124.53534,-15.2331],[124.53569,-15.23479],[124.53278,-15.23672],[124.53558,-15.23954]]],[[[124.18858,-15.33727],[124.19626,-15.33657],[124.20034,-15.33802],[124.20687,-15.33775],[124.20385,-15.33481],[124.20828,-15.33033],[124.19031,-15.3332],[124.18858,-15.33727]]],[[[124.47659,-15.98119],[124.48378,-15.97424],[124.48524,-15.96773],[124.48419,-15.96615],[124.4815,-15.9665],[124.47927,-15.97247],[124.4777,-15.97147],[124.47774,-15.97389],[124.4743,-15.97512],[124.47412,-15.97786],[124.47664,-15.9787],[124.47659,-15.98119]]],[[[124.22135,-15.31897],[124.21843,-15.31864],[124.21648,-15.31617],[124.21356,-15.31802],[124.21471,-15.32012],[124.22182,-15.32168],[124.22486,-15.32529],[124.22951,-15.32312],[124.22715,-15.31421],[124.22564,-15.3167],[124.22135,-15.31897]]],[[[124.64529,-15.17451],[124.6489,-15.17292],[124.65063,-15.16907],[124.64928,-15.16269],[124.64387,-15.16197],[124.64284,-15.17202],[124.64529,-15.17451]]],[[[124.7762,-14.9389],[124.77341,-14.93719],[124.7713,-14.94135],[124.77356,-14.95232],[124.77553,-14.95357],[124.77997,-14.94931],[124.77603,-14.94759],[124.7762,-14.9389]]],[[[124.88062,-14.94636],[124.87967,-14.95008],[124.88628,-14.95192],[124.8893,-14.9558],[124.89083,-14.9489],[124.88502,-14.94864],[124.88259,-14.94716],[124.88307,-14.94378],[124.88052,-14.94286],[124.88147,-14.94004],[124.87669,-14.94193],[124.88062,-14.94636]]],[[[124.29593,-15.36377],[124.29357,-15.36565],[124.29419,-15.36701],[124.29908,-15.36629],[124.30315,-15.36805],[124.3042,-15.37242],[124.30771,-15.3696],[124.30549,-15.3631],[124.30035,-15.36319],[124.2979,-15.36139],[124.29593,-15.36377]]],[[[124.56926,-15.26627],[124.57078,-15.2691],[124.5745,-15.2674],[124.57695,-15.2692],[124.57589,-15.26559],[124.57322,-15.26491],[124.57367,-15.26164],[124.56796,-15.25554],[124.56564,-15.25995],[124.56961,-15.26424],[124.56926,-15.26627]]],[[[124.00737,-16.01281],[124.02755,-16.01769],[124.02664,-16.01509],[124.02046,-16.01222],[124.00716,-16.01021],[124.0047,-16.0111],[124.00737,-16.01281]]],[[[123.36416,-16.05476],[123.36214,-16.05734],[123.35818,-16.05674],[123.36073,-16.05835],[123.36116,-16.06197],[123.36281,-16.06074],[123.36249,-16.05814],[123.37125,-16.05822],[123.37346,-16.0596],[123.37627,-16.05884],[123.37582,-16.05759],[123.37021,-16.05731],[123.36859,-16.05537],[123.36509,-16.05466],[123.37148,-16.05247],[123.36163,-16.05003],[123.36431,-16.05182],[123.36416,-16.05476]]],[[[124.88942,-15.27079],[124.90023,-15.26556],[124.89835,-15.26082],[124.8893,-15.26774],[124.88942,-15.27079]]],[[[124.47137,-15.99457],[124.47731,-15.98912],[124.47601,-15.98596],[124.47308,-15.98631],[124.47343,-15.98428],[124.47097,-15.98384],[124.46984,-15.99051],[124.47137,-15.99457]]],[[[124.07204,-15.97536],[124.07567,-15.9767],[124.07695,-15.97501],[124.07917,-15.97534],[124.07694,-15.97207],[124.07449,-15.97434],[124.07062,-15.96949],[124.06547,-15.96894],[124.06561,-15.9721],[124.06959,-15.97559],[124.07204,-15.97536]]],[[[124.86593,-14.93397],[124.86602,-14.93849],[124.86809,-14.94189],[124.87018,-14.94258],[124.87275,-14.93966],[124.86825,-14.93511],[124.86978,-14.93196],[124.86525,-14.93036],[124.86593,-14.93397]]],[[[124.34204,-15.36347],[124.34634,-15.36119],[124.34937,-15.36197],[124.35249,-15.35575],[124.34633,-15.35848],[124.34318,-15.35748],[124.34005,-15.3602],[124.34204,-15.36347]]],[[[124.49267,-15.21225],[124.49407,-15.21348],[124.49546,-15.21178],[124.49591,-15.20771],[124.49543,-15.20478],[124.49239,-15.2031],[124.48845,-15.20617],[124.49267,-15.21225]]],[[[124.92455,-14.90017],[124.92725,-14.89545],[124.92334,-14.88854],[124.92052,-14.89383],[124.9212,-14.897],[124.92455,-14.90017]]],[[[124.39134,-15.34621],[124.40122,-15.34244],[124.39738,-15.34223],[124.3962,-15.33964],[124.39212,-15.33796],[124.39096,-15.33955],[124.39156,-15.34327],[124.38959,-15.34486],[124.39134,-15.34621]]],[[[124.40902,-15.21669],[124.4204,-15.21133],[124.42085,-15.20839],[124.41458,-15.20932],[124.40808,-15.21296],[124.40762,-15.21568],[124.40902,-15.21669]]],[[[124.63141,-15.3751],[124.63304,-15.37657],[124.63537,-15.376],[124.63571,-15.36989],[124.62976,-15.36742],[124.62884,-15.37036],[124.63141,-15.3751]]],[[[124.82,-14.97991],[124.82176,-14.97653],[124.8263,-14.97599],[124.82855,-14.96934],[124.82262,-14.96942],[124.82014,-14.9754],[124.82,-14.97991]]],[[[124.10069,-16.12521],[124.09775,-16.12617],[124.09786,-16.12746],[124.10229,-16.12649],[124.10411,-16.12245],[124.10253,-16.11614],[124.09805,-16.11716],[124.09706,-16.11862],[124.09804,-16.11941],[124.09602,-16.12067],[124.09761,-16.12192],[124.10237,-16.12163],[124.10191,-16.12488],[124.10069,-16.12521]]],[[[123.5511,-16.06487],[123.55621,-16.06853],[123.55915,-16.06686],[123.56287,-16.0687],[123.55546,-16.0614],[123.55184,-16.06125],[123.55391,-16.06478],[123.5511,-16.06487]]],[[[124.41225,-15.54941],[124.41266,-15.5473],[124.41664,-15.54747],[124.4152,-15.54263],[124.41147,-15.54087],[124.40869,-15.54354],[124.41225,-15.54941]]],[[[124.90358,-14.91192],[124.90473,-14.91396],[124.90707,-14.91002],[124.90419,-14.9056],[124.90129,-14.90514],[124.89942,-14.90784],[124.90358,-14.91192]]],[[[124.06412,-16.08857],[124.06901,-16.0849],[124.06696,-16.08193],[124.06111,-16.08399],[124.06412,-16.08857]]],[[[124.69809,-14.93957],[124.69892,-14.9372],[124.69709,-14.93199],[124.69431,-14.9313],[124.69243,-14.93411],[124.69531,-14.93842],[124.69809,-14.93957]]],[[[123.3768,-16.06461],[123.38073,-16.06894],[123.386,-16.06775],[123.38276,-16.06466],[123.37518,-16.06289],[123.37459,-16.06368],[123.3768,-16.06461]]],[[[124.51767,-15.24332],[124.51849,-15.24433],[124.52116,-15.24218],[124.52199,-15.23712],[124.51899,-15.23788],[124.52066,-15.23549],[124.5163,-15.23607],[124.51695,-15.23819],[124.5182,-15.23798],[124.51767,-15.24332]]],[[[124.51719,-15.23414],[124.52149,-15.23266],[124.52137,-15.22803],[124.51962,-15.22724],[124.51474,-15.23064],[124.51719,-15.23414]]],[[[124.87177,-15.2818],[124.87095,-15.27988],[124.86746,-15.28068],[124.86536,-15.27887],[124.86403,-15.28133],[124.86712,-15.28539],[124.87177,-15.2818]]],[[[124.93203,-14.52134],[124.93054,-14.51749],[124.93149,-14.514],[124.93033,-14.51365],[124.92916,-14.51591],[124.92476,-14.51509],[124.9252,-14.51893],[124.93203,-14.52134]]],[[[124.40106,-15.53447],[124.40409,-15.53345],[124.40466,-15.53096],[124.40018,-15.52458],[124.39883,-15.52646],[124.3993,-15.53166],[124.40106,-15.53447]]],[[[124.42218,-15.2434],[124.42948,-15.23614],[124.42564,-15.23537],[124.42239,-15.23753],[124.42218,-15.2434]]],[[[123.86111,-16.13825],[123.86177,-16.13724],[123.85952,-16.13418],[123.85371,-16.1295],[123.8499,-16.12394],[123.84643,-16.12231],[123.86111,-16.13825]]],[[[124.79875,-15.01703],[124.80223,-15.01419],[124.79954,-15.00923],[124.79653,-15.01228],[124.79875,-15.01703]]],[[[124.40211,-15.25817],[124.41025,-15.25611],[124.41094,-15.2543],[124.40803,-15.25329],[124.40175,-15.25513],[124.40211,-15.25817]]],[[[124.31804,-15.33251],[124.31989,-15.32855],[124.32059,-15.32956],[124.32303,-15.32876],[124.32512,-15.32661],[124.32476,-15.32503],[124.31987,-15.32459],[124.31791,-15.32946],[124.31628,-15.33003],[124.31804,-15.33251]]],[[[124.58078,-15.26298],[124.58241,-15.26287],[124.58751,-15.25517],[124.58239,-15.25631],[124.58019,-15.26072],[124.58078,-15.26298]]],[[[124.84461,-15.01504],[124.84779,-15.01442],[124.84848,-15.01193],[124.8473,-15.00538],[124.84241,-15.00223],[124.84626,-15.00957],[124.84461,-15.01504]]],[[[124.46552,-15.97121],[124.47059,-15.9669],[124.47132,-15.96147],[124.46952,-15.96543],[124.46516,-15.96647],[124.46552,-15.97121]]],[[[123.53515,-16.15831],[123.5363,-16.15526],[123.53472,-16.15233],[123.52686,-16.14412],[123.52625,-16.14547],[123.53065,-16.14981],[123.53028,-16.15184],[123.534,-16.15458],[123.53515,-16.15831]]],[[[124.55583,-15.4959],[124.56024,-15.49115],[124.55919,-15.48844],[124.55546,-15.48912],[124.55454,-15.49511],[124.55583,-15.4959]]],[[[124.34557,-15.27107],[124.35089,-15.26622],[124.35081,-15.26437],[124.34662,-15.26507],[124.34402,-15.26712],[124.34557,-15.27107]]],[[[124.81205,-15.20894],[124.81576,-15.20283],[124.81447,-15.19967],[124.81192,-15.20137],[124.81205,-15.20894]]],[[[124.73301,-14.85541],[124.73885,-14.84946],[124.73793,-14.8481],[124.73594,-14.85035],[124.73304,-14.85033],[124.73212,-14.84897],[124.7306,-14.85054],[124.73199,-14.85055],[124.73151,-14.85314],[124.73301,-14.85541]]],[[[124.45502,-15.36204],[124.45376,-15.36287],[124.45509,-15.36968],[124.45709,-15.37049],[124.45931,-15.36707],[124.45502,-15.36204]]],[[[124.49816,-15.28677],[124.5007,-15.28258],[124.4993,-15.28135],[124.49234,-15.28522],[124.49711,-15.28554],[124.49816,-15.28677]]],[[[124.88694,-14.89614],[124.88903,-14.89536],[124.88928,-14.89186],[124.88602,-14.89309],[124.88534,-14.89116],[124.88336,-14.89093],[124.88405,-14.89296],[124.88207,-14.89397],[124.88334,-14.89556],[124.88694,-14.89614]]],[[[123.82851,-16.15102],[123.83094,-16.1542],[123.83298,-16.15297],[123.83086,-16.14968],[123.82444,-16.14805],[123.82606,-16.15055],[123.82851,-16.15102]]],[[[124.91933,-15.23907],[124.92317,-15.23668],[124.92374,-15.23454],[124.91897,-15.23387],[124.91746,-15.23659],[124.91933,-15.23907]]],[[[123.52015,-16.0621],[123.519,-16.06006],[123.50737,-16.05396],[123.51362,-16.05989],[123.52015,-16.0621]]],[[[123.8303,-16.14594],[123.8309,-16.14425],[123.82661,-16.14049],[123.82042,-16.13943],[123.8303,-16.14594]]],[[[124.74811,-15.03494],[124.74998,-15.03716],[124.75245,-15.03217],[124.74648,-15.03234],[124.74486,-15.0346],[124.74811,-15.03494]]],[[[124.78675,-15.00824],[124.78791,-15.00846],[124.79196,-15.0019],[124.78384,-15.0061],[124.78675,-15.00824]]],[[[124.59411,-15.96059],[124.5968,-15.95945],[124.59679,-15.957],[124.59433,-15.95437],[124.59177,-15.95924],[124.59411,-15.96059]]],[[[124.47034,-16.06198],[124.4734,-16.05759],[124.47046,-16.05733],[124.46923,-16.05492],[124.46862,-16.0606],[124.47034,-16.06198]]],[[[124.24459,-15.32371],[124.24669,-15.32438],[124.24866,-15.32223],[124.24365,-15.31999],[124.24226,-15.32282],[124.24459,-15.32371]]],[[[124.03777,-16.06105],[124.03895,-16.05835],[124.03687,-16.05528],[124.03476,-16.05583],[124.03416,-16.05922],[124.03777,-16.06105]]],[[[124.2918,-15.28623],[124.29071,-15.28988],[124.29516,-15.28625],[124.29443,-15.28233],[124.29306,-15.28261],[124.2918,-15.28623]]],[[[124.5017,-15.93983],[124.50638,-15.93621],[124.49887,-15.9375],[124.4976,-15.93898],[124.5017,-15.93983]]],[[[124.66984,-15.27605],[124.67286,-15.27367],[124.66959,-15.27232],[124.66645,-15.27289],[124.66622,-15.27436],[124.66984,-15.27605]]],[[[123.76779,-16.11144],[123.7726,-16.10978],[123.76957,-16.10851],[123.7643,-16.10938],[123.76779,-16.11144]]],[[[123.45001,-16.09741],[123.45122,-16.09233],[123.44784,-16.09162],[123.44722,-16.09569],[123.45001,-16.09741]]],[[[124.34275,-15.91248],[124.3453,-15.90829],[124.34504,-15.90388],[124.34341,-15.90445],[124.34285,-15.90954],[124.34145,-15.91034],[124.34275,-15.91248]]],[[[124.40091,-15.5449],[124.40213,-15.53888],[124.40096,-15.5364],[124.39934,-15.54275],[124.40091,-15.5449]]],[[[123.71015,-16.15156],[123.71075,-16.15032],[123.70622,-16.14622],[123.70331,-16.14551],[123.71015,-16.15156]]],[[[124.49052,-15.94737],[124.49233,-15.94587],[124.49259,-15.9425],[124.48793,-15.94222],[124.49052,-15.94737]]],[[[124.32074,-15.36526],[124.32272,-15.36446],[124.32247,-15.36232],[124.3206,-15.35995],[124.31792,-15.36003],[124.32074,-15.36526]]],[[[124.67666,-15.15535],[124.67339,-15.15163],[124.67049,-15.15435],[124.67386,-15.15446],[124.67608,-15.15807],[124.67666,-15.15535]]],[[[123.54128,-16.02804],[123.54327,-16.02828],[123.54418,-16.03089],[123.5455,-16.02706],[123.5405,-16.02453],[123.54128,-16.02804]]],[[[123.93437,-16.06961],[123.93589,-16.06985],[123.93451,-16.0669],[123.93582,-16.06397],[123.9335,-16.06147],[123.93311,-16.06712],[123.93437,-16.06961]]],[[[124.83329,-15.02418],[124.83596,-15.02451],[124.837,-15.02225],[124.8327,-15.01966],[124.83329,-15.02418]]],[[[124.53363,-15.11422],[124.5384,-15.11286],[124.5377,-15.1106],[124.53491,-15.11038],[124.53247,-15.11298],[124.53363,-15.11422]]],[[[124.77063,-14.85766],[124.77101,-14.85405],[124.76761,-14.85277],[124.76761,-14.85657],[124.77063,-14.85766]]],[[[124.46347,-15.39566],[124.46544,-15.39486],[124.46589,-15.39169],[124.46124,-15.39352],[124.46347,-15.39566]]],[[[124.68373,-14.91395],[124.68664,-14.91262],[124.68515,-14.90967],[124.6813,-14.91213],[124.68152,-14.91371],[124.68373,-14.91395]]],[[[124.71931,-14.90909],[124.72305,-14.90629],[124.71969,-14.90491],[124.71828,-14.90648],[124.71931,-14.90909]]],[[[124.93877,-15.07541],[124.93993,-15.07247],[124.93643,-15.07056],[124.93691,-15.07463],[124.93877,-15.07541]]],[[[123.54111,-15.98771],[123.54053,-15.98556],[123.53842,-15.98534],[123.53597,-15.98816],[123.53854,-15.99008],[123.53913,-15.98793],[123.54111,-15.98771]]],[[[123.43988,-16.12817],[123.4428,-16.12798],[123.44328,-16.12674],[123.43852,-16.12296],[123.4386,-16.12726],[123.43988,-16.12817]]],[[[124.61931,-15.32461],[124.62256,-15.32088],[124.62314,-15.31782],[124.62011,-15.31941],[124.61931,-15.32461]]],[[[124.82657,-15.22859],[124.82947,-15.22587],[124.82911,-15.22327],[124.82562,-15.22339],[124.82657,-15.22859]]],[[[123.35219,-16.05871],[123.35315,-16.05703],[123.35082,-16.05565],[123.34485,-16.05649],[123.35219,-16.05871]]],[[[124.5858,-15.51167],[124.58953,-15.51031],[124.5901,-15.50794],[124.58556,-15.50885],[124.5858,-15.51167]]],[[[123.64598,-16.10841],[123.64521,-16.10343],[123.64461,-16.10524],[123.6402,-16.10596],[123.64598,-16.10841]]],[[[124.46923,-15.39026],[124.47027,-15.38788],[124.46874,-15.38551],[124.46619,-15.38801],[124.46923,-15.39026]]],[[[124.45475,-15.88557],[124.45399,-15.88311],[124.45217,-15.88445],[124.45599,-15.89066],[124.45672,-15.88927],[124.45475,-15.88557]]],[[[124.5994,-15.47728],[124.6029,-15.47704],[124.60254,-15.47501],[124.59998,-15.474],[124.59812,-15.47592],[124.5994,-15.47728]]],[[[124.48497,-15.23126],[124.4881,-15.22966],[124.4817,-15.2289],[124.48054,-15.2306],[124.48497,-15.23126]]],[[[124.61166,-15.45468],[124.61248,-15.45366],[124.6106,-15.44926],[124.60933,-15.45389],[124.61166,-15.45468]]],[[[124.06785,-16.08065],[124.06917,-16.08024],[124.06731,-16.07641],[124.06567,-16.07511],[124.06408,-16.0758],[124.06785,-16.08065]]],[[[124.65459,-15.17155],[124.65645,-15.1711],[124.65295,-15.1667],[124.65157,-15.17043],[124.65459,-15.17155]]],[[[124.5371,-15.24439],[124.53966,-15.2401],[124.53524,-15.24248],[124.5371,-15.24439]]],[[[123.27262,-16.04413],[123.27451,-16.0429],[123.27373,-16.03939],[123.27137,-16.04106],[123.27262,-16.04413]]],[[[123.6787,-16.1114],[123.68198,-16.10996],[123.67743,-16.10902],[123.67473,-16.11012],[123.6787,-16.1114]]],[[[124.57191,-15.25192],[124.57586,-15.25033],[124.57621,-15.24886],[124.57214,-15.24921],[124.57191,-15.25192]]],[[[123.55465,-16.03584],[123.55514,-16.03359],[123.55306,-16.03119],[123.55094,-16.03276],[123.55465,-16.03584]]],[[[123.36556,-16.04347],[123.36487,-16.04211],[123.3566,-16.03976],[123.35891,-16.04205],[123.36556,-16.04347]]],[[[124.46466,-15.3218],[124.46406,-15.31864],[124.46104,-15.31888],[124.46198,-15.32114],[124.46466,-15.3218]]],[[[124.67239,-15.47231],[124.67577,-15.46948],[124.67436,-15.46768],[124.67227,-15.46971],[124.67239,-15.47231]]],[[[124.46002,-15.53172],[124.46153,-15.52946],[124.45917,-15.52518],[124.46002,-15.53172]]],[[[124.60838,-15.03252],[124.61011,-15.02958],[124.60802,-15.02767],[124.60849,-15.02992],[124.60616,-15.03117],[124.60838,-15.03252]]],[[[124.88994,-14.89909],[124.88843,-14.89897],[124.88561,-14.90404],[124.88958,-14.90101],[124.88994,-14.89909]]],[[[123.36734,-16.06372],[123.36898,-16.06295],[123.36841,-16.06192],[123.36491,-16.06133],[123.36373,-16.06256],[123.36734,-16.06372]]],[[[124.18119,-15.94148],[124.1796,-15.94157],[124.17896,-15.94447],[124.18081,-15.94609],[124.18189,-15.94554],[124.18119,-15.94148]]],[[[124.45537,-15.39156],[124.45605,-15.38727],[124.45361,-15.38875],[124.45362,-15.39089],[124.45537,-15.39156]]],[[[124.493,-15.2319],[124.49613,-15.23019],[124.49612,-15.22827],[124.49449,-15.22794],[124.493,-15.2319]]],[[[124.25994,-15.21468],[124.26156,-15.21241],[124.25958,-15.20982],[124.25994,-15.21468]]],[[[124.92958,-14.54493],[124.93042,-14.54019],[124.92798,-14.54165],[124.92958,-14.54493]]],[[[124.66549,-15.15345],[124.66664,-15.14791],[124.66455,-15.15086],[124.66549,-15.15345]]],[[[123.3537,-16.03714],[123.35325,-16.03555],[123.34823,-16.03539],[123.3537,-16.03714]]],[[[123.44507,-16.1003],[123.44671,-16.0993],[123.44486,-16.09725],[123.44239,-16.09926],[123.44507,-16.1003]]],[[[124.72548,-14.90766],[124.72665,-14.90721],[124.72643,-14.90439],[124.72352,-14.90584],[124.72548,-14.90766]]],[[[124.45864,-15.89838],[124.45464,-15.89796],[124.45677,-15.90032],[124.45864,-15.89838]]],[[[123.8342,-16.15569],[123.83655,-16.15413],[123.8354,-16.15197],[123.83312,-16.15316],[123.8342,-16.15569]]],[[[124.66856,-15.47537],[124.66972,-15.47424],[124.66819,-15.46882],[124.66856,-15.47537]]],[[[124.52603,-15.2322],[124.52509,-15.22701],[124.5237,-15.23051],[124.52603,-15.2322]]],[[[124.66181,-15.85662],[124.66227,-15.85447],[124.66028,-15.85335],[124.65865,-15.8547],[124.66181,-15.85662]]],[[[124.47091,-15.31194],[124.47603,-15.3094],[124.47115,-15.3103],[124.47091,-15.31194]]],[[[123.79773,-16.16796],[123.79961,-16.16685],[123.7953,-16.16489],[123.79505,-16.16681],[123.79773,-16.16796]]],[[[123.46537,-16.13972],[123.46376,-16.13733],[123.46026,-16.13594],[123.46537,-16.13972]]],[[[124.93588,-14.53864],[124.9359,-14.53582],[124.93405,-14.53479],[124.93437,-14.53829],[124.93588,-14.53864]]],[[[124.62104,-15.4263],[124.62325,-15.42551],[124.62278,-15.42404],[124.6194,-15.42484],[124.62104,-15.4263]]],[[[124.81307,-15.22817],[124.81691,-15.22624],[124.81481,-15.22579],[124.81237,-15.22715],[124.81307,-15.22817]]],[[[124.74866,-15.34196],[124.7502,-15.34108],[124.74989,-15.33825],[124.74694,-15.34143],[124.74866,-15.34196]]],[[[123.77004,-16.16458],[123.77052,-16.16357],[123.76727,-16.16049],[123.7676,-16.16276],[123.77004,-16.16458]]],[[[124.46984,-15.39674],[124.47074,-15.39154],[124.46889,-15.39358],[124.46984,-15.39674]]],[[[123.63492,-15.87488],[123.63831,-15.87228],[123.63819,-15.86991],[123.63574,-15.87172],[123.63492,-15.87488]]],[[[124.35795,-15.35369],[124.36098,-15.35436],[124.36342,-15.3531],[124.359,-15.35222],[124.35795,-15.35369]]],[[[124.92268,-14.51384],[124.92337,-14.51475],[124.92408,-14.51272],[124.92027,-14.50965],[124.92268,-14.51384]]],[[[124.6556,-15.46455],[124.6563,-15.46342],[124.65373,-15.46127],[124.6535,-15.46353],[124.6556,-15.46455]]],[[[124.05647,-16.07768],[124.05439,-16.07405],[124.05449,-16.07721],[124.05647,-16.07768]]],[[[124.41367,-15.25398],[124.41914,-15.25237],[124.41529,-15.25205],[124.41367,-15.25398]]],[[[123.34865,-16.04025],[123.35497,-16.03918],[123.34878,-16.03867],[123.34865,-16.04025]]],[[[124.54198,-15.37467],[124.54164,-15.3736],[124.53937,-15.37438],[124.53983,-15.37751],[124.54198,-15.37467]]],[[[124.6002,-15.48871],[124.60195,-15.48758],[124.60252,-15.48475],[124.6002,-15.48871]]],[[[123.36047,-16.03845],[123.36036,-16.03743],[123.35569,-16.03682],[123.36047,-16.03845]]],[[[124.37989,-15.23421],[124.38163,-15.23307],[124.38127,-15.23036],[124.37989,-15.23421]]],[[[124.90923,-15.10578],[124.91016,-15.10487],[124.90666,-15.10149],[124.90631,-15.10273],[124.90923,-15.10578]]],[[[124.71971,-15.07766],[124.7207,-15.07323],[124.71913,-15.07505],[124.71971,-15.07766]]],[[[124.64519,-15.39282],[124.64343,-15.38932],[124.64227,-15.39146],[124.64519,-15.39282]]],[[[123.29647,-16.12],[123.29533,-16.11784],[123.29346,-16.1176],[123.29437,-16.11953],[123.29647,-16.12]]],[[[124.90782,-14.9229],[124.9083,-14.91985],[124.90585,-14.9221],[124.90782,-14.9229]]],[[[124.3818,-15.69185],[124.38127,-15.69464],[124.38352,-15.69249],[124.38107,-15.69024],[124.3818,-15.69185]]],[[[124.44082,-15.65641],[124.44203,-15.6541],[124.43932,-15.65527],[124.44082,-15.65641]]],[[[124.48614,-15.20889],[124.48693,-15.20459],[124.48508,-15.20754],[124.48614,-15.20889]]],[[[124.42131,-15.9329],[124.42082,-15.92884],[124.41954,-15.93065],[124.42131,-15.9329]]],[[[124.33336,-15.3198],[124.33486,-15.31877],[124.33299,-15.31607],[124.33336,-15.3198]]],[[[124.67908,-14.93267],[124.68083,-14.93076],[124.67991,-14.92929],[124.67908,-14.93267]]],[[[124.5712,-14.99026],[124.57191,-14.98745],[124.57075,-14.98699],[124.56946,-14.9889],[124.5712,-14.99026]]],[[[124.82663,-15.01334],[124.82767,-15.01165],[124.82604,-15.00984],[124.82663,-15.01334]]],[[[124.67498,-14.9366],[124.67708,-14.93548],[124.67453,-14.93423],[124.67498,-14.9366]]],[[[124.59071,-15.34353],[124.5928,-15.34273],[124.59268,-15.34149],[124.58989,-15.3424],[124.59071,-15.34353]]],[[[124.47505,-15.34457],[124.47782,-15.34407],[124.47598,-15.34408],[124.47426,-15.34178],[124.47505,-15.34457]]],[[[124.19488,-15.95679],[124.19276,-15.95367],[124.1924,-15.95531],[124.19488,-15.95679]]],[[[124.64606,-15.41858],[124.64792,-15.41631],[124.64745,-15.41485],[124.64606,-15.41858]]],[[[124.06375,-15.97663],[124.0641,-15.97471],[124.06141,-15.97528],[124.06375,-15.97663]]],[[[123.69169,-15.97469],[123.69332,-15.9704],[123.69029,-15.97357],[123.69169,-15.97469]]],[[[124.5687,-15.92222],[124.57207,-15.91882],[124.56997,-15.9195],[124.5687,-15.92222]]],[[[124.93181,-14.91218],[124.93033,-14.90664],[124.92962,-14.90912],[124.93181,-14.91218]]],[[[123.65572,-16.15744],[123.65457,-16.15495],[123.65292,-16.15685],[123.65572,-16.15744]]],[[[123.44378,-16.07689],[123.44553,-16.07758],[123.44216,-16.07472],[123.44215,-16.07642],[123.44378,-16.07689]]],[[[124.64014,-15.4291],[124.64177,-15.42706],[124.63956,-15.42774],[124.64014,-15.4291]]],[[[123.28779,-16.03614],[123.2892,-16.03514],[123.2864,-16.03432],[123.28779,-16.03614]]],[[[124.57688,-15.29587],[124.57851,-15.2944],[124.57792,-15.29214],[124.57688,-15.29587]]],[[[124.94047,-15.06208],[124.94267,-15.06015],[124.94232,-15.05834],[124.94047,-15.06208]]],[[[124.53469,-14.99003],[124.53575,-14.98789],[124.53413,-14.98664],[124.53469,-14.99003]]],[[[124.94691,-15.36857],[124.94807,-15.36574],[124.94632,-15.36665],[124.94691,-15.36857]]],[[[124.65912,-15.16906],[124.66017,-15.16702],[124.65749,-15.16759],[124.65912,-15.16906]]],[[[124.9376,-14.91605],[124.9339,-14.91287],[124.93377,-14.91445],[124.9376,-14.91605]]],[[[124.87176,-15.27911],[124.87234,-15.27692],[124.87,-15.27677],[124.87176,-15.27911]]],[[[124.59701,-15.97516],[124.59484,-15.97435],[124.59526,-15.97678],[124.59701,-15.97516]]],[[[124.75416,-14.99016],[124.75417,-14.98869],[124.75056,-14.98867],[124.75416,-14.99016]]],[[[123.46847,-16.13353],[123.46757,-16.13047],[123.4672,-16.13261],[123.46847,-16.13353]]],[[[124.86361,-15.31492],[124.86454,-15.31266],[124.8621,-15.3138],[124.86361,-15.31492]]],[[[124.8181,-15.31459],[124.81577,-15.31177],[124.81624,-15.31414],[124.8181,-15.31459]]],[[[123.45624,-16.14054],[123.4579,-16.13863],[123.45427,-16.13882],[123.45624,-16.14054]]],[[[124.3492,-15.34989],[124.35083,-15.34875],[124.34977,-15.34649],[124.3492,-15.34989]]],[[[124.40241,-15.33911],[124.40212,-15.34093],[124.40391,-15.33963],[124.40262,-15.33803],[124.40241,-15.33911]]],[[[124.21196,-15.33087],[124.21359,-15.33018],[124.21318,-15.32773],[124.21196,-15.33087]]],[[[124.51703,-15.11877],[124.5191,-15.11625],[124.51668,-15.11746],[124.51703,-15.11877]]],[[[124.65668,-15.16692],[124.65528,-15.16466],[124.654,-15.16534],[124.65668,-15.16692]]],[[[124.42435,-15.2534],[124.42573,-15.25079],[124.42411,-15.25159],[124.42435,-15.2534]]],[[[124.69724,-15.20402],[124.69817,-15.20153],[124.69643,-15.20255],[124.69724,-15.20402]]],[[[123.75597,-16.11338],[123.75691,-16.11294],[123.75389,-16.11043],[123.75597,-16.11338]]],[[[123.47363,-16.14454],[123.47237,-16.14159],[123.47108,-16.14192],[123.47363,-16.14454]]],[[[123.43422,-16.1557],[123.43599,-16.15425],[123.43318,-16.154],[123.43422,-16.1557]]],[[[123.42487,-16.13165],[123.42524,-16.12985],[123.42384,-16.12915],[123.42487,-16.13165]]],[[[124.6807,-15.76178],[124.68314,-15.75895],[124.68034,-15.76065],[124.6807,-15.76178]]],[[[124.62686,-15.5082],[124.62836,-15.50766],[124.6268,-15.5063],[124.62587,-15.50765],[124.62686,-15.5082]]],[[[123.418,-16.1404],[123.41906,-16.13985],[123.4185,-16.13769],[123.418,-16.1404]]],[[[124.46181,-15.23216],[124.4632,-15.22989],[124.46169,-15.23058],[124.46181,-15.23216]]],[[[124.66805,-15.15571],[124.66921,-15.15469],[124.66723,-15.15334],[124.66677,-15.15515],[124.66805,-15.15571]]],[[[124.6682,-15.42486],[124.6696,-15.42237],[124.6675,-15.42373],[124.6682,-15.42486]]],[[[123.29142,-16.13329],[123.29004,-16.13101],[123.2891,-16.13168],[123.29142,-16.13329]]],[[[124.59624,-15.48748],[124.59658,-15.4851],[124.59525,-15.48492],[124.59624,-15.48748]]],[[[123.35377,-16.16533],[123.35693,-16.16491],[123.35361,-16.16383],[123.35377,-16.16533]]],[[[124.66976,-15.85604],[124.66902,-15.85722],[124.67023,-15.85838],[124.67047,-15.85492],[124.66976,-15.85604]]],[[[124.03888,-16.05258],[124.04052,-16.0518],[124.03983,-16.05067],[124.03854,-16.05111],[124.03888,-16.05258]]],[[[124.67381,-15.47819],[124.6752,-15.47728],[124.6738,-15.47581],[124.67381,-15.47819]]],[[[124.6158,-15.02257],[124.61638,-15.02121],[124.61486,-15.01986],[124.6158,-15.02257]]],[[[124.43923,-15.32793],[124.43968,-15.32601],[124.43863,-15.32568],[124.43806,-15.32748],[124.43923,-15.32793]]],[[[124.4818,-15.46799],[124.48526,-15.46588],[124.48374,-15.46563],[124.4818,-15.46799]]],[[[124.65245,-15.46049],[124.65396,-15.45834],[124.65186,-15.45936],[124.65245,-15.46049]]],[[[124.54705,-15.40339],[124.54831,-15.40091],[124.54644,-15.40227],[124.54705,-15.40339]]],[[[124.43827,-15.37199],[124.43955,-15.37119],[124.43791,-15.37029],[124.43827,-15.37199]]],[[[124.41692,-15.30974],[124.41855,-15.30854],[124.41643,-15.30861],[124.41692,-15.30974]]],[[[123.43115,-16.07711],[123.43116,-16.07575],[123.42906,-16.07551],[123.43115,-16.07711]]],[[[123.3293,-16.16128],[123.3274,-16.16098],[123.32876,-16.16271],[123.3293,-16.16128]]],[[[124.63839,-15.42786],[124.63944,-15.42639],[124.63816,-15.42582],[124.63839,-15.42786]]],[[[123.34713,-16.15114],[123.34971,-16.1506],[123.34703,-16.15001],[123.34713,-16.15114]]],[[[124.60417,-15.26182],[124.60509,-15.25944],[124.60358,-15.26001],[124.60417,-15.26182]]],[[[124.63941,-15.41418],[124.64127,-15.41282],[124.63871,-15.4135],[124.63941,-15.41418]]],[[[124.81624,-14.96623],[124.8158,-14.96329],[124.81509,-14.96554],[124.81624,-14.96623]]],[[[124.61442,-15.4888],[124.61559,-15.4883],[124.61429,-15.48688],[124.61442,-15.4888]]],[[[124.92847,-14.90641],[124.92918,-14.90471],[124.92766,-14.90516],[124.92847,-14.90641]]],[[[124.93776,-15.39428],[124.93955,-15.39277],[124.93688,-15.39391],[124.93776,-15.39428]]],[[[124.80421,-15.30458],[124.80153,-15.30445],[124.80285,-15.30577],[124.80421,-15.30458]]],[[[124.43882,-15.53434],[124.44014,-15.53312],[124.43794,-15.53278],[124.43882,-15.53434]]],[[[123.39361,-16.13486],[123.39492,-16.13329],[123.39281,-16.13383],[123.39361,-16.13486]]],[[[124.85513,-15.33535],[124.85597,-15.33461],[124.85479,-15.33357],[124.85513,-15.33535]]],[[[123.32169,-16.16101],[123.3224,-16.15929],[123.32131,-16.15837],[123.32169,-16.16101]]],[[[124.36442,-15.35616],[124.36648,-15.35499],[124.36328,-15.35589],[124.36442,-15.35616]]],[[[124.46123,-15.323],[124.46041,-15.32131],[124.45971,-15.32233],[124.46123,-15.323]]],[[[124.69988,-15.25875],[124.69942,-15.25658],[124.69985,-15.25993],[124.69988,-15.25875]]],[[[123.45974,-16.14159],[123.45917,-16.14011],[123.45764,-16.14078],[123.45974,-16.14159]]],[[[123.46383,-16.14196],[123.46338,-16.13966],[123.46256,-16.14037],[123.46383,-16.14196]]],[[[124.61165,-15.91807],[124.61304,-15.91705],[124.61176,-15.9166],[124.61165,-15.91807]]],[[[124.70037,-15.19588],[124.70176,-15.19406],[124.70036,-15.19418],[124.70037,-15.19588]]],[[[124.34058,-15.92435],[124.34175,-15.92378],[124.34116,-15.92242],[124.34058,-15.92435]]],[[[124.88572,-15.02562],[124.88653,-15.02472],[124.88525,-15.02382],[124.88572,-15.02562]]],[[[124.51347,-15.12198],[124.51242,-15.12369],[124.51396,-15.1232],[124.51347,-15.12198]]],[[[123.4306,-16.1558],[123.43215,-16.1548],[123.43014,-16.15455],[123.4306,-16.1558]]],[[[124.93159,-14.53907],[124.93182,-14.53794],[124.93031,-14.5385],[124.93159,-14.53907]]],[[[124.77132,-15.01856],[124.77143,-15.01731],[124.76992,-15.01788],[124.77132,-15.01856]]],[[[123.51253,-16.01523],[123.51336,-16.01445],[123.5122,-16.01387],[123.51253,-16.01523]]],[[[123.61954,-16.12311],[123.62002,-16.12187],[123.61861,-16.12254],[123.61954,-16.12311]]],[[[124.84384,-15.28384],[124.84311,-15.28297],[124.84331,-15.28493],[124.84384,-15.28384]]],[[[125.16844,-15.51665],[125.16914,-15.51586],[125.16645,-15.51395],[125.16623,-15.51599],[125.16844,-15.51665]]],[[[125.15501,-15.50982],[125.15372,-15.50779],[125.15186,-15.5078],[125.15501,-15.50982]]],[[[125.16608,-15.52232],[125.1671,-15.52243],[125.16606,-15.52119],[125.16608,-15.52232]]],[[[125.00321,-15.50226],[125.00239,-15.50091],[125.00165,-15.5017],[125.00321,-15.50226]]],[[[124.95249,-15.36483],[124.95493,-15.3629],[124.96028,-15.36198],[124.97363,-15.35165],[124.98038,-15.3522],[124.98351,-15.34981],[124.9843,-15.34303],[124.98138,-15.34022],[124.97649,-15.33978],[124.97417,-15.34306],[124.96685,-15.34501],[124.96244,-15.34875],[124.9536,-15.35206],[124.94956,-15.35896],[124.94945,-15.36179],[124.95249,-15.36483]]],[[[125.0054,-15.43888],[125.00843,-15.43875],[125.01238,-15.4358],[125.01481,-15.43195],[125.01421,-15.42981],[125.01259,-15.43162],[125.01018,-15.4312],[125.0092,-15.42904],[125.00736,-15.43333],[125.00387,-15.43414],[125.0054,-15.43888]]],[[[125.05918,-15.43428],[125.05882,-15.43225],[125.05591,-15.43169],[125.05918,-15.43428]]],[[[124.99683,-15.33192],[124.99741,-15.33067],[124.9945,-15.33023],[124.99485,-15.33181],[124.99683,-15.33192]]],[[[125.13546,-15.4855],[125.13522,-15.48403],[125.13242,-15.48427],[125.13546,-15.4855]]],[[[125.13348,-15.33357],[125.13673,-15.33163],[125.13266,-15.33312],[125.13348,-15.33357]]],[[[125.0011,-15.43872],[125.00236,-15.43539],[125.00073,-15.43686],[125.0011,-15.43872]]],[[[125.02287,-15.32347],[125.02146,-15.32144],[125.01533,-15.32982],[125.01456,-15.33489],[125.00481,-15.34805],[124.99807,-15.35169],[124.9932,-15.35633],[124.99021,-15.36651],[124.99174,-15.37114],[124.99501,-15.37327],[124.99549,-15.37576],[125.00783,-15.37651],[125.01388,-15.37524],[125.01944,-15.36958],[125.02358,-15.3568],[125.03156,-15.34253],[125.03246,-15.3362],[125.03639,-15.32873],[125.03451,-15.32343],[125.03264,-15.32219],[125.02624,-15.32244],[125.02646,-15.32029],[125.02425,-15.31962],[125.02287,-15.32347]]],[[[128.26412,-15.31609],[128.26698,-15.32697],[128.28118,-15.3385],[128.27799,-15.32455],[128.27414,-15.31526],[128.26673,-15.31012],[128.26224,-15.30889],[128.26412,-15.31609]]],[[[128.25096,-15.29341],[128.26208,-15.30131],[128.26582,-15.29863],[128.26121,-15.29214],[128.25181,-15.28398],[128.24803,-15.28194],[128.2438,-15.28218],[128.2455,-15.28701],[128.25096,-15.29341]]],[[[128.27158,-15.29634],[128.27708,-15.30669],[128.28354,-15.3136],[128.28853,-15.31675],[128.28708,-15.31049],[128.2817,-15.30065],[128.27552,-15.29629],[128.27196,-15.2951],[128.27158,-15.29634]]],[[[125.04373,-15.31805],[125.04718,-15.32],[125.04905,-15.32327],[125.05274,-15.31354],[125.05307,-15.30947],[125.0519,-15.30834],[125.04876,-15.30711],[125.04341,-15.30928],[125.0425,-15.31414],[125.04018,-15.31539],[125.04373,-15.31805]]],[[[125.008,-15.21213],[125.01115,-15.21392],[125.01556,-15.21154],[125.01636,-15.20701],[125.0125,-15.20183],[125.00657,-15.20321],[125.00541,-15.20479],[125.00567,-15.20954],[125.008,-15.21213]]],[[[128.27117,-15.28224],[128.26125,-15.27813],[128.26799,-15.28798],[128.27337,-15.28991],[128.27562,-15.28619],[128.27117,-15.28224]]],[[[125.01099,-15.32306],[125.01636,-15.32587],[125.01926,-15.32371],[125.02027,-15.31965],[125.01795,-15.3166],[125.0147,-15.31706],[125.00991,-15.32043],[125.00983,-15.32295],[125.01099,-15.32306]]],[[[128.09285,-15.23684],[128.10316,-15.22866],[128.09489,-15.2302],[128.09271,-15.23405],[128.09285,-15.23684]]],[[[128.10274,-15.27083],[128.10552,-15.27205],[128.11,-15.26987],[128.11063,-15.26819],[128.10573,-15.2659],[128.10334,-15.26791],[128.10274,-15.27083]]],[[[128.28406,-15.31603],[128.28797,-15.32566],[128.28862,-15.31755],[128.2839,-15.31478],[128.28406,-15.31603]]],[[[128.23764,-15.2613],[128.23997,-15.26464],[128.24231,-15.26529],[128.24011,-15.26147],[128.23753,-15.25987],[128.23764,-15.2613]]],[[[125.01869,-15.20814],[125.01833,-15.20475],[125.01752,-15.20667],[125.01869,-15.20814]]],[[[125.02227,-15.31895],[125.02436,-15.31736],[125.02191,-15.31749],[125.02227,-15.31895]]],[[[125.02057,-15.21231],[125.02033,-15.2105],[125.0194,-15.2113],[125.02057,-15.21231]]],[[[128.12744,-15.15699],[128.16315,-15.17074],[128.19582,-15.19375],[128.19815,-15.1933],[128.19389,-15.16639],[128.19847,-15.14888],[128.20197,-15.14245],[128.20071,-15.13137],[128.19526,-15.12356],[128.18968,-15.11903],[128.17945,-15.11381],[128.17131,-15.10679],[128.16354,-15.09739],[128.15555,-15.07726],[128.15441,-15.06652],[128.15571,-15.05737],[128.15235,-15.05171],[128.147,-15.05012],[128.14781,-15.04865],[128.14596,-15.04763],[128.1363,-15.04716],[128.12956,-15.04082],[128.1248,-15.04035],[128.12268,-15.04837],[128.12836,-15.0598],[128.12482,-15.08093],[128.12225,-15.08397],[128.12525,-15.09551],[128.12279,-15.10398],[128.11567,-15.11086],[128.11402,-15.12159],[128.11575,-15.12815],[128.11935,-15.13279],[128.11944,-15.14274],[128.12385,-15.14783],[128.12744,-15.15699]]],[[[125.17751,-15.05024],[125.178,-15.04623],[125.17251,-15.0397],[125.17353,-15.03472],[125.16957,-15.03316],[125.16583,-15.02911],[125.16386,-15.02945],[125.16489,-15.02696],[125.16687,-15.02741],[125.16849,-15.02548],[125.16661,-15.02052],[125.16313,-15.02279],[125.16146,-15.02613],[125.15815,-15.02507],[125.15641,-15.02609],[125.15666,-15.03095],[125.15898,-15.03015],[125.15865,-15.03286],[125.15379,-15.03864],[125.15718,-15.0427],[125.15789,-15.04631],[125.15662,-15.04823],[125.15232,-15.04881],[125.14717,-15.0398],[125.14451,-15.04173],[125.14476,-15.04704],[125.14755,-15.04703],[125.15036,-15.05244],[125.14888,-15.05877],[125.15251,-15.06452],[125.15553,-15.06484],[125.15646,-15.0636],[125.15786,-15.06551],[125.15949,-15.06505],[125.16077,-15.0672],[125.16093,-15.0768],[125.16409,-15.07961],[125.16445,-15.08277],[125.16677,-15.08299],[125.1668,-15.08063],[125.1699,-15.0806],[125.17398,-15.07801],[125.17489,-15.07889],[125.17374,-15.08104],[125.17119,-15.08173],[125.16992,-15.08478],[125.17065,-15.09065],[125.17229,-15.09404],[125.17581,-15.09568],[125.17532,-15.09765],[125.17086,-15.10157],[125.16852,-15.10167],[125.1658,-15.09858],[125.16487,-15.09926],[125.16643,-15.1101],[125.16876,-15.11145],[125.16831,-15.11495],[125.17052,-15.11506],[125.17113,-15.11968],[125.17509,-15.12204],[125.18218,-15.12167],[125.1873,-15.12335],[125.19624,-15.1206],[125.19774,-15.1163],[125.20373,-15.11311],[125.20642,-15.10983],[125.21663,-15.10538],[125.21278,-15.10246],[125.21487,-15.102],[125.21288,-15.09839],[125.21766,-15.1021],[125.21872,-15.10458],[125.2208,-15.1022],[125.22887,-15.09956],[125.22636,-15.09698],[125.22277,-15.09925],[125.2166,-15.09781],[125.22298,-15.09451],[125.22567,-15.08778],[125.22988,-15.08425],[125.22884,-15.08127],[125.2308,-15.07821],[125.23088,-15.07064],[125.22737,-15.06512],[125.22341,-15.06446],[125.21517,-15.06686],[125.2133,-15.06416],[125.20341,-15.06296],[125.20223,-15.05765],[125.19839,-15.05823],[125.19133,-15.06357],[125.18979,-15.05793],[125.18851,-15.05782],[125.18542,-15.06721],[125.18077,-15.06825],[125.17553,-15.0651],[125.1757,-15.05974],[125.17747,-15.05798],[125.17642,-15.05629],[125.17815,-15.05425],[125.17751,-15.05024]]],[[[124.91104,-15.02126],[124.91617,-15.02475],[124.91595,-15.02916],[124.92083,-15.02801],[124.92351,-15.03139],[124.92248,-15.03445],[124.92644,-15.03805],[124.92876,-15.03737],[124.93188,-15.03273],[124.93516,-15.03825],[124.93678,-15.03757],[124.93818,-15.03915],[124.94143,-15.03812],[124.93924,-15.04287],[124.93973,-15.0492],[124.94414,-15.04647],[124.94389,-15.04297],[124.94773,-15.04409],[124.95247,-15.03718],[124.95943,-15.03072],[124.9586,-15.02858],[124.95419,-15.02848],[124.95441,-15.02532],[124.9514,-15.02871],[124.9485,-15.0274],[124.94639,-15.02444],[124.94672,-15.02063],[124.94544,-15.0189],[124.94659,-15.01574],[124.95122,-15.01098],[124.9583,-15.00689],[124.95864,-15.00542],[124.95363,-15.00261],[124.94876,-15.00466],[124.9484,-15.00138],[124.94492,-15.00354],[124.94319,-15.00716],[124.94413,-15.01009],[124.93927,-15.01552],[124.93731,-15.01496],[124.93681,-15.01102],[124.93899,-15.00254],[124.93371,-15.00709],[124.93122,-15.00855],[124.93029,-15.00765],[124.93143,-15.00256],[124.94047,-14.98992],[124.9428,-14.98857],[124.94345,-14.98642],[124.93967,-14.9872],[124.943,-14.98221],[124.94016,-14.9828],[124.93635,-14.97793],[124.94057,-14.96982],[124.94617,-14.96544],[124.94328,-14.96385],[124.93932,-14.96507],[124.93504,-14.96109],[124.9361,-14.95884],[124.93494,-14.95771],[124.93856,-14.9549],[124.93833,-14.94791],[124.9363,-14.94676],[124.93139,-14.94798],[124.93012,-14.94616],[124.93129,-14.94425],[124.92759,-14.94163],[124.92392,-14.93134],[124.92702,-14.92812],[124.92662,-14.92661],[124.92303,-14.92399],[124.91723,-14.92238],[124.91441,-14.92948],[124.9182,-14.93662],[124.91713,-14.94135],[124.92549,-14.94275],[124.93011,-14.94831],[124.92824,-14.95112],[124.92498,-14.95156],[124.92462,-14.9537],[124.9223,-14.95403],[124.92224,-14.96374],[124.92002,-14.97014],[124.91243,-14.97385],[124.90511,-14.97291],[124.90208,-14.97493],[124.89813,-14.9748],[124.89652,-14.97129],[124.89851,-14.96859],[124.89773,-14.96181],[124.89433,-14.96132],[124.89226,-14.96505],[124.89005,-14.96538],[124.88938,-14.95939],[124.88786,-14.96164],[124.8879,-14.96921],[124.88256,-14.9746],[124.87918,-14.9756],[124.87987,-14.97798],[124.88301,-14.97652],[124.88521,-14.97846],[124.88334,-14.97946],[124.88274,-14.98296],[124.87821,-14.98384],[124.8768,-14.98632],[124.87714,-14.9879],[124.8819,-14.98962],[124.88337,-14.99685],[124.88138,-14.99854],[124.88056,-15.00275],[124.87844,-15.00417],[124.8817,-15.00462],[124.88685,-15],[124.88757,-14.99349],[124.89143,-14.98786],[124.89269,-14.99227],[124.89105,-14.99441],[124.89406,-14.99634],[124.90166,-14.98757],[124.90146,-14.98317],[124.90574,-14.98556],[124.91425,-14.9803],[124.92112,-14.98054],[124.91865,-14.98382],[124.91875,-14.98687],[124.91479,-14.98843],[124.91352,-14.9873],[124.91212,-14.98898],[124.91175,-14.9918],[124.91382,-14.99611],[124.90581,-14.99426],[124.89774,-15.00446],[124.90229,-15.00965],[124.90577,-15.00839],[124.90715,-15.00478],[124.91075,-15.00454],[124.91693,-15.01017],[124.92053,-15.00892],[124.92065,-15.01051],[124.91265,-15.01549],[124.9137,-15.01719],[124.91196,-15.01787],[124.91104,-15.02126]]],[[[124.96426,-15.08268],[124.96204,-15.07975],[124.95927,-15.08518],[124.95463,-15.08802],[124.95234,-15.09853],[124.95397,-15.09875],[124.95617,-15.0957],[124.96291,-15.09443],[124.97125,-15.08684],[124.97654,-15.07089],[124.98418,-15.06273],[124.98497,-15.0555],[124.97936,-15.04817],[124.97678,-15.0405],[124.97166,-15.0404],[124.96911,-15.04199],[124.96669,-15.04787],[124.96776,-15.05273],[124.96462,-15.05421],[124.96132,-15.06244],[124.95688,-15.06666],[124.95608,-15.07141],[124.95841,-15.07208],[124.96223,-15.06698],[124.96213,-15.07252],[124.96471,-15.0785],[124.96426,-15.08268]]],[[[128.18932,-15.20433],[128.18715,-15.19647],[128.17815,-15.18873],[128.16409,-15.18063],[128.15688,-15.17909],[128.15294,-15.18011],[128.18888,-15.2122],[128.18932,-15.20433]]],[[[124.94225,-15.07179],[124.94482,-15.07528],[124.9469,-15.07302],[124.95085,-15.07244],[124.952,-15.06837],[124.95755,-15.06022],[124.95868,-15.05129],[124.96204,-15.04642],[124.96203,-15.04439],[124.95911,-15.04123],[124.95319,-15.04362],[124.94359,-15.0571],[124.94835,-15.05584],[124.94894,-15.05697],[124.94836,-15.05844],[124.94511,-15.05867],[124.94396,-15.06365],[124.94873,-15.06296],[124.95117,-15.06442],[124.94513,-15.0659],[124.94363,-15.06772],[124.94269,-15.06625],[124.94025,-15.0666],[124.93992,-15.07021],[124.94225,-15.07179]]],[[[125.24774,-15.09463],[125.249,-15.09112],[125.25261,-15.09235],[125.25456,-15.08658],[125.24777,-15.0778],[125.24185,-15.0794],[125.23758,-15.08586],[125.23315,-15.08283],[125.23063,-15.08498],[125.23006,-15.09403],[125.22787,-15.09607],[125.23032,-15.09877],[125.2352,-15.09784],[125.2382,-15.09275],[125.24309,-15.09533],[125.24774,-15.09463]]],[[[128.10316,-15.17208],[128.10334,-15.17669],[128.1016,-15.17786],[128.0994,-15.18572],[128.09863,-15.19581],[128.0998,-15.19662],[128.1078,-15.1916],[128.11428,-15.17145],[128.1119,-15.16717],[128.10698,-15.16458],[128.10419,-15.16762],[128.10316,-15.17208]]],[[[125.44991,-15.14009],[125.45306,-15.1412],[125.46294,-15.14092],[125.47667,-15.15046],[125.48066,-15.14952],[125.48142,-15.14037],[125.4778,-15.13734],[125.46409,-15.13877],[125.45466,-15.13667],[125.44862,-15.13727],[125.44991,-15.14009]]],[[[125.35441,-15.02332],[125.3557,-15.02478],[125.35514,-15.02817],[125.36107,-15.02995],[125.36462,-15.02022],[125.36309,-15.01628],[125.36494,-15.01514],[125.36678,-15.01038],[125.36085,-15.01019],[125.35553,-15.0145],[125.35624,-15.0171],[125.35417,-15.02061],[125.35441,-15.02332]]],[[[125.35048,-15.07808],[125.3464,-15.07907],[125.34798,-15.08118],[125.34664,-15.082],[125.34776,-15.08299],[125.34683,-15.08424],[125.35773,-15.0861],[125.36118,-15.08452],[125.35941,-15.083],[125.36316,-15.08248],[125.36668,-15.07866],[125.36469,-15.07862],[125.36311,-15.07404],[125.36141,-15.07443],[125.35979,-15.07175],[125.35617,-15.0727],[125.35455,-15.07747],[125.3521,-15.07574],[125.35279,-15.07784],[125.35048,-15.07808]]],[[[125.33474,-15.10508],[125.33823,-15.10484],[125.33611,-15.09988],[125.33689,-15.09423],[125.33082,-15.08951],[125.33042,-15.10013],[125.33474,-15.10508]]],[[[124.9713,-15.19519],[124.97301,-15.18569],[124.97161,-15.18479],[124.96626,-15.18639],[124.96477,-15.19125],[124.96652,-15.19464],[124.9713,-15.19519]]],[[[125.37299,-15.12703],[125.37615,-15.12962],[125.38382,-15.13026],[125.38288,-15.12834],[125.3696,-15.12287],[125.37008,-15.12513],[125.37299,-15.12703]]],[[[124.97639,-15.18896],[124.98068,-15.18397],[124.98078,-15.18092],[124.97886,-15.17903],[124.97601,-15.18003],[124.97514,-15.18304],[124.97639,-15.18896]]],[[[125.44477,-15.13492],[125.45546,-15.13441],[125.453,-15.13171],[125.45021,-15.13139],[125.43918,-15.13382],[125.44477,-15.13492]]],[[[125.30273,-15.07349],[125.30493,-15.07269],[125.30631,-15.06997],[125.29966,-15.06356],[125.30038,-15.06966],[125.30273,-15.07349]]],[[[125.42213,-15.14057],[125.43142,-15.13804],[125.42513,-15.13637],[125.42281,-15.13774],[125.42213,-15.14057]]],[[[128.11276,-15.00449],[128.11427,-15.00665],[128.11974,-15.00475],[128.1145,-15.00297],[128.11342,-15.00128],[128.11276,-15.00449]]],[[[125.10462,-15.00889],[125.10983,-15.00582],[125.10994,-15.00401],[125.10356,-15.00494],[125.10206,-15.00788],[125.10462,-15.00889]]],[[[125.03936,-15.17056],[125.04308,-15.16908],[125.04481,-15.16704],[125.04388,-15.16523],[125.03912,-15.16819],[125.03936,-15.17056]]],[[[125.44283,-15.14103],[125.44712,-15.13965],[125.44397,-15.13808],[125.43944,-15.1389],[125.44283,-15.14103]]],[[[125.26106,-15.08644],[125.26328,-15.08699],[125.26432,-15.08586],[125.26093,-15.08192],[125.25966,-15.0843],[125.26106,-15.08644]]],[[[125.25654,-15.08747],[125.25898,-15.08724],[125.25896,-15.08475],[125.25698,-15.08408],[125.25548,-15.08556],[125.25654,-15.08747]]],[[[125.28325,-15.02973],[125.28677,-15.0331],[125.28329,-15.02725],[125.28325,-15.02973]]],[[[125.28132,-15.02366],[125.28378,-15.02702],[125.28338,-15.02297],[125.28132,-15.02366]]],[[[125.0976,-14.98906],[125.09842,-14.9867],[125.09738,-14.985],[125.09586,-14.98714],[125.0976,-14.98906]]],[[[125.29497,-15.0568],[125.29519,-15.05387],[125.29297,-15.05263],[125.29497,-15.0568]]],[[[125.2501,-15.03204],[125.25544,-15.02919],[125.25265,-15.02965],[125.2501,-15.03204]]],[[[125.27377,-14.99002],[125.27623,-14.99054],[125.27774,-14.98935],[125.27577,-14.9881],[125.27338,-14.98901],[125.27377,-14.99002]]],[[[125.23036,-15.00083],[125.23263,-15.00075],[125.23268,-14.99936],[125.23048,-14.9989],[125.22902,-15.00039],[125.23036,-15.00083]]],[[[125.34195,-15.08011],[125.34309,-15.0798],[125.34155,-15.07763],[125.3389,-15.07682],[125.34195,-15.08011]]],[[[125.351,-15.12296],[125.35216,-15.12217],[125.35076,-15.12104],[125.3489,-15.12207],[125.351,-15.12296]]],[[[125.33065,-15.05162],[125.33224,-15.04963],[125.33035,-15.04818],[125.33065,-15.05162]]],[[[125.2823,-14.99961],[125.28337,-14.99825],[125.28152,-14.99746],[125.2823,-14.99961]]],[[[125.47162,-15.00369],[125.47235,-15.00263],[125.47048,-15.00162],[125.47162,-15.00369]]],[[[125.12539,-15.08394],[125.12608,-15.08168],[125.12492,-15.08225],[125.12539,-15.08394]]],[[[125.19706,-15.12195],[125.19775,-15.12025],[125.19613,-15.12162],[125.19706,-15.12195]]],[[[128.44523,-14.89512],[128.44834,-14.90417],[128.45343,-14.91289],[128.46722,-14.9283],[128.47319,-14.91204],[128.47239,-14.90718],[128.46695,-14.89858],[128.45338,-14.88803],[128.44608,-14.87987],[128.44304,-14.88653],[128.44523,-14.89512]]],[[[128.30336,-14.75114],[128.30174,-14.75147],[128.303,-14.75611],[128.31005,-14.7628],[128.314,-14.76191],[128.31622,-14.75785],[128.31982,-14.75786],[128.32237,-14.75991],[128.32703,-14.75597],[128.33097,-14.75711],[128.3319,-14.75813],[128.33073,-14.75982],[128.33201,-14.76084],[128.33422,-14.75938],[128.33111,-14.75236],[128.31988,-14.74136],[128.31627,-14.74271],[128.31684,-14.74576],[128.31384,-14.74191],[128.31408,-14.73931],[128.31106,-14.73828],[128.30933,-14.73568],[128.30445,-14.73679],[128.29528,-14.73461],[128.29481,-14.73823],[128.30072,-14.74401],[128.29711,-14.74569],[128.30476,-14.74742],[128.30848,-14.74596],[128.30616,-14.74912],[128.30361,-14.74809],[128.30336,-14.75114]]],[[[125.22937,-14.9951],[125.22839,-14.99787],[125.2412,-14.99938],[125.24528,-14.99383],[125.24727,-14.99297],[125.24808,-14.99461],[125.25121,-14.99249],[125.24846,-14.98326],[125.24975,-14.98145],[125.25199,-14.9836],[125.25334,-14.98031],[125.25195,-14.98008],[125.25347,-14.97794],[125.24918,-14.968],[125.24779,-14.9676],[125.24779,-14.97109],[125.24582,-14.97225],[125.24676,-14.97414],[125.24472,-14.97372],[125.24546,-14.97554],[125.24354,-14.97461],[125.24466,-14.97863],[125.24194,-14.97711],[125.24173,-14.97857],[125.24058,-14.97676],[125.23888,-14.97772],[125.24205,-14.98487],[125.24043,-14.98545],[125.23791,-14.98367],[125.23646,-14.98504],[125.23686,-14.98758],[125.23403,-14.98897],[125.23357,-14.98611],[125.2306,-14.98658],[125.23107,-14.98894],[125.22848,-14.99036],[125.22937,-14.9951]]],[[[125.19528,-14.94492],[125.1963,-14.94751],[125.19412,-14.9495],[125.19434,-14.9521],[125.18974,-14.95542],[125.19017,-14.95911],[125.18816,-14.95966],[125.18668,-14.9626],[125.19214,-14.96258],[125.19723,-14.96749],[125.202,-14.96642],[125.20135,-14.96386],[125.20695,-14.9588],[125.20105,-14.95302],[125.20604,-14.95439],[125.20559,-14.94953],[125.20848,-14.9527],[125.20687,-14.94851],[125.2019,-14.94387],[125.20117,-14.94051],[125.19628,-14.94043],[125.19528,-14.94492]]],[[[125.0273,-14.79261],[125.03016,-14.78945],[125.02965,-14.78732],[125.03204,-14.78202],[125.02635,-14.77352],[125.02567,-14.77036],[125.02732,-14.76641],[125.02581,-14.76528],[125.01812,-14.77213],[125.02007,-14.77666],[125.01716,-14.77788],[125.01703,-14.78014],[125.01784,-14.78127],[125.02382,-14.77999],[125.02311,-14.78173],[125.0244,-14.78333],[125.02307,-14.78503],[125.02192,-14.78402],[125.02048,-14.78693],[125.02209,-14.79067],[125.02604,-14.79001],[125.02556,-14.79238],[125.0273,-14.79261]]],[[[125.18147,-14.8529],[125.17904,-14.85199],[125.18019,-14.85391],[125.17727,-14.85763],[125.17761,-14.85989],[125.17622,-14.85943],[125.17819,-14.86124],[125.1776,-14.86361],[125.18026,-14.86599],[125.17943,-14.86848],[125.18649,-14.8755],[125.18708,-14.8728],[125.18953,-14.87134],[125.18779,-14.8693],[125.18896,-14.8675],[125.18537,-14.86455],[125.18564,-14.85676],[125.18414,-14.8528],[125.18148,-14.85121],[125.18147,-14.8529]]],[[[128.43285,-14.87429],[128.44002,-14.88595],[128.44272,-14.87862],[128.44099,-14.8742],[128.43288,-14.8657],[128.42812,-14.8632],[128.42765,-14.86557],[128.43285,-14.87429]]],[[[125.14016,-14.76516],[125.13988,-14.76928],[125.1414,-14.76712],[125.14427,-14.76765],[125.14542,-14.76471],[125.14353,-14.75761],[125.137,-14.74901],[125.13677,-14.75232],[125.13414,-14.75314],[125.1356,-14.75581],[125.13476,-14.75797],[125.13763,-14.75959],[125.13743,-14.76237],[125.13827,-14.76115],[125.14004,-14.7621],[125.14243,-14.75976],[125.1428,-14.76169],[125.14016,-14.76516]]],[[[125.17101,-14.9394],[125.17348,-14.93971],[125.17415,-14.94369],[125.1763,-14.94417],[125.17649,-14.93908],[125.17551,-14.94],[125.17483,-14.93792],[125.17629,-14.9265],[125.1749,-14.92593],[125.17064,-14.9272],[125.17101,-14.9394]]],[[[125.12676,-14.76116],[125.12923,-14.75974],[125.12938,-14.75725],[125.13144,-14.75911],[125.13356,-14.75637],[125.13351,-14.75213],[125.13163,-14.75164],[125.12969,-14.74727],[125.12773,-14.74906],[125.12803,-14.75347],[125.12594,-14.75583],[125.12445,-14.75494],[125.12374,-14.75707],[125.12676,-14.76116]]],[[[125.13513,-14.67002],[125.14465,-14.66735],[125.1449,-14.66464],[125.14698,-14.66499],[125.14757,-14.66375],[125.14374,-14.66294],[125.14072,-14.66395],[125.14027,-14.66202],[125.13818,-14.66111],[125.1362,-14.66302],[125.13758,-14.66585],[125.1363,-14.6663],[125.13492,-14.66471],[125.13154,-14.66639],[125.12981,-14.66537],[125.13119,-14.6682],[125.13513,-14.67002]]],[[[125.14288,-14.80803],[125.14755,-14.80162],[125.14734,-14.79631],[125.14584,-14.79495],[125.14047,-14.80147],[125.14288,-14.80803]]],[[[125.22827,-14.91281],[125.22968,-14.90853],[125.22877,-14.90322],[125.22622,-14.90219],[125.22399,-14.90952],[125.22827,-14.91281]]],[[[125.17856,-14.95585],[125.1768,-14.95358],[125.17548,-14.96032],[125.17937,-14.96484],[125.17997,-14.96032],[125.17856,-14.95585]]],[[[125.0293,-14.81283],[125.0328,-14.80912],[125.03269,-14.80709],[125.03455,-14.80642],[125.0341,-14.80439],[125.03154,-14.80415],[125.03049,-14.8055],[125.02814,-14.81125],[125.0293,-14.81283]]],[[[125.20648,-14.67224],[125.20881,-14.66965],[125.20535,-14.66433],[125.20383,-14.66794],[125.20648,-14.67224]]],[[[125.17407,-14.83786],[125.17747,-14.841],[125.17782,-14.83832],[125.17921,-14.83822],[125.17794,-14.83686],[125.17833,-14.83362],[125.17648,-14.83286],[125.17478,-14.83429],[125.17546,-14.83668],[125.17407,-14.83786]]],[[[125.1999,-14.8501],[125.19978,-14.85162],[125.20259,-14.85188],[125.2058,-14.84594],[125.20428,-14.8457],[125.1999,-14.8501]]],[[[128.77425,-14.772],[128.77768,-14.77212],[128.77647,-14.77174],[128.77677,-14.76983],[128.77881,-14.76831],[128.76944,-14.76747],[128.77365,-14.76963],[128.77425,-14.772]]],[[[125.13271,-14.66493],[125.13447,-14.66053],[125.13158,-14.65883],[125.12959,-14.6613],[125.13087,-14.66255],[125.13016,-14.66379],[125.13271,-14.66493]]],[[[125.18915,-14.68075],[125.19368,-14.67998],[125.19288,-14.6767],[125.19161,-14.67601],[125.18962,-14.67951],[125.18847,-14.67837],[125.18475,-14.67949],[125.18915,-14.68075]]],[[[125.02273,-14.96999],[125.02368,-14.96694],[125.02287,-14.96479],[125.02078,-14.96467],[125.01949,-14.96828],[125.02273,-14.96999]]],[[[124.97812,-14.71513],[124.97987,-14.713],[124.97663,-14.71219],[124.97617,-14.70993],[124.97316,-14.70969],[124.97812,-14.71513]]],[[[125.20769,-14.91906],[125.21548,-14.91581],[125.21107,-14.91579],[125.20723,-14.91759],[125.20769,-14.91906]]],[[[125.14252,-14.91823],[125.14253,-14.91507],[125.13918,-14.91268],[125.14252,-14.91823]]],[[[125.25066,-14.89133],[125.25333,-14.89044],[125.25345,-14.8892],[125.24904,-14.88929],[125.25066,-14.89133]]],[[[125.14669,-14.77687],[125.14785,-14.7741],[125.14603,-14.77145],[125.1452,-14.7745],[125.14669,-14.77687]]],[[[125.20441,-14.98385],[125.20662,-14.9842],[125.20768,-14.98002],[125.2043,-14.98148],[125.20569,-14.98307],[125.20441,-14.98385]]],[[[125.16991,-14.84077],[125.17166,-14.83977],[125.17108,-14.83762],[125.16786,-14.83939],[125.16991,-14.84077]]],[[[125.16011,-14.96211],[125.16338,-14.95795],[125.16059,-14.9585],[125.15931,-14.96019],[125.16011,-14.96211]]],[[[128.63511,-14.72278],[128.63673,-14.7255],[128.63638,-14.72278],[128.63291,-14.7195],[128.6329,-14.72165],[128.63511,-14.72278]]],[[[125.20179,-14.68306],[125.20294,-14.68645],[125.20227,-14.68012],[125.20179,-14.68306]]],[[[125.21671,-14.94141],[125.21807,-14.94297],[125.22059,-14.9424],[125.21929,-14.94036],[125.2162,-14.94053],[125.21671,-14.94141]]],[[[125.21086,-14.87273],[125.2109,-14.87029],[125.20874,-14.869],[125.20857,-14.87119],[125.21086,-14.87273]]],[[[125.19305,-14.69205],[125.19468,-14.69161],[125.19434,-14.68969],[125.1919,-14.69036],[125.19305,-14.69205]]],[[[125.18097,-14.8239],[125.1831,-14.824],[125.18033,-14.82083],[125.18097,-14.8239]]],[[[125.17416,-14.79585],[125.17522,-14.79304],[125.17395,-14.79156],[125.17416,-14.79585]]],[[[125.18234,-14.9627],[125.18468,-14.96031],[125.18223,-14.96011],[125.18118,-14.9618],[125.18234,-14.9627]]],[[[125.18319,-14.83021],[125.18286,-14.82502],[125.18203,-14.82931],[125.18319,-14.83021]]],[[[125.18017,-14.83099],[125.18145,-14.83009],[125.18111,-14.82795],[125.17855,-14.82884],[125.18017,-14.83099]]],[[[125.27595,-14.98489],[125.27396,-14.98676],[125.2752,-14.98785],[125.27643,-14.98744],[125.27595,-14.98489]]],[[[125.14948,-14.92176],[125.15111,-14.91973],[125.15019,-14.91871],[125.14763,-14.91961],[125.14948,-14.92176]]],[[[125.18629,-14.81953],[125.18515,-14.81632],[125.18405,-14.81772],[125.18629,-14.81953]]],[[[125.15273,-14.78414],[125.15378,-14.78369],[125.15309,-14.78143],[125.15181,-14.78255],[125.15273,-14.78414]]],[[[125.31489,-14.88772],[125.31594,-14.88648],[125.31444,-14.88535],[125.31374,-14.88726],[125.31489,-14.88772]]],[[[125.14534,-14.77151],[125.14453,-14.76773],[125.14396,-14.77004],[125.14534,-14.77151]]],[[[125.20411,-14.87628],[125.20565,-14.87535],[125.20259,-14.87427],[125.20411,-14.87628]]],[[[125.01804,-14.78794],[125.01863,-14.78546],[125.01641,-14.78759],[125.01804,-14.78794]]],[[[125.1437,-14.77969],[125.14579,-14.77914],[125.14499,-14.7771],[125.1437,-14.77969]]],[[[125.21353,-14.94284],[125.21296,-14.94004],[125.21236,-14.94188],[125.21353,-14.94284]]],[[[125.24973,-14.98531],[125.25069,-14.9862],[125.25181,-14.98423],[125.24973,-14.98531]]],[[[125.15078,-14.78051],[125.15194,-14.78018],[125.15148,-14.77803],[125.15078,-14.78051]]],[[[125.26071,-14.9799],[125.26224,-14.9802],[125.26219,-14.97814],[125.26071,-14.9799]]],[[[125.24245,-14.67272],[125.24315,-14.6708],[125.24211,-14.67012],[125.24245,-14.67272]]],[[[125.13299,-14.91898],[125.13265,-14.91717],[125.13114,-14.91773],[125.13299,-14.91898]]],[[[125.27376,-14.9254],[125.274,-14.92438],[125.27249,-14.92438],[125.27376,-14.9254]]],[[[125.17968,-14.83525],[125.17915,-14.83361],[125.1786,-14.83493],[125.17968,-14.83525]]],[[[125.1343,-14.64653],[125.13429,-14.64822],[125.13604,-14.64744],[125.13509,-14.65195],[125.13741,-14.65298],[125.13892,-14.65208],[125.14586,-14.6564],[125.14993,-14.65416],[125.15213,-14.65553],[125.15053,-14.651],[125.1518,-14.65214],[125.15251,-14.64932],[125.15078,-14.6457],[125.15264,-14.64525],[125.15242,-14.64266],[125.14953,-14.64084],[125.15001,-14.63734],[125.14758,-14.63586],[125.15338,-14.63453],[125.15291,-14.63633],[125.155,-14.63657],[125.15548,-14.63138],[125.16362,-14.62769],[125.16515,-14.62374],[125.16701,-14.62273],[125.16737,-14.6198],[125.17004,-14.61958],[125.17706,-14.63181],[125.18088,-14.63442],[125.18543,-14.62857],[125.18602,-14.62507],[125.18371,-14.62371],[125.1857,-14.61987],[125.18443,-14.61682],[125.18664,-14.61638],[125.18897,-14.61311],[125.18603,-14.61195],[125.18528,-14.60994],[125.19097,-14.60804],[125.19225,-14.60545],[125.19585,-14.60546],[125.19761,-14.60186],[125.19911,-14.60299],[125.19736,-14.60558],[125.19981,-14.61287],[125.20371,-14.6091],[125.20635,-14.61058],[125.20791,-14.60709],[125.21067,-14.60733],[125.21093,-14.60428],[125.21429,-14.60723],[125.21315,-14.60124],[125.21478,-14.5999],[125.21502,-14.59696],[125.21178,-14.59571],[125.21266,-14.59435],[125.21086,-14.59356],[125.21044,-14.59142],[125.2112,-14.59627],[125.20783,-14.59716],[125.2075,-14.59332],[125.20641,-14.59198],[125.2052,-14.59307],[125.20288,-14.58923],[125.19611,-14.59024],[125.20289,-14.58562],[125.2066,-14.58609],[125.20859,-14.58305],[125.19733,-14.58345],[125.19989,-14.58222],[125.19782,-14.57849],[125.20047,-14.58143],[125.20338,-14.58122],[125.20373,-14.57919],[125.20223,-14.57828],[125.20432,-14.57614],[125.20284,-14.57128],[125.1989,-14.57093],[125.20089,-14.5663],[125.19963,-14.56246],[125.19523,-14.56097],[125.19241,-14.56921],[125.18719,-14.56952],[125.18384,-14.56544],[125.18094,-14.56566],[125.18386,-14.56036],[125.18272,-14.55754],[125.18154,-14.56013],[125.1805,-14.55967],[125.18239,-14.55234],[125.18425,-14.55111],[125.18471,-14.55291],[125.18703,-14.551],[125.19016,-14.55203],[125.19455,-14.55634],[125.19527,-14.5507],[125.19771,-14.5506],[125.19969,-14.54756],[125.20108,-14.54779],[125.19901,-14.54326],[125.19728,-14.54247],[125.19775,-14.53998],[125.19937,-14.54123],[125.20309,-14.53899],[125.2024,-14.53729],[125.20461,-14.53685],[125.20543,-14.53493],[125.20357,-14.53402],[125.2059,-14.5329],[125.20429,-14.53019],[125.20533,-14.5294],[125.20279,-14.5286],[125.20406,-14.52759],[125.20152,-14.52555],[125.20384,-14.52601],[125.20431,-14.52488],[125.20592,-14.52737],[125.20894,-14.52648],[125.20895,-14.52355],[125.20559,-14.52297],[125.21059,-14.5205],[125.21176,-14.51735],[125.21168,-14.50809],[125.20821,-14.50661],[125.20995,-14.50616],[125.20649,-14.50231],[125.20963,-14.50119],[125.20905,-14.49983],[125.21056,-14.49894],[125.20767,-14.49655],[125.21521,-14.49749],[125.21614,-14.49569],[125.21279,-14.4924],[125.20815,-14.49272],[125.20476,-14.4997],[125.20783,-14.48786],[125.20495,-14.48378],[125.20157,-14.48603],[125.20183,-14.4805],[125.19799,-14.48274],[125.1994,-14.47834],[125.19547,-14.47641],[125.19176,-14.47786],[125.18968,-14.4748],[125.19027,-14.473],[125.1861,-14.4723],[125.18517,-14.4732],[125.18632,-14.47445],[125.18284,-14.47534],[125.18014,-14.48391],[125.18156,-14.47556],[125.17902,-14.47464],[125.18099,-14.47386],[125.18146,-14.47194],[125.18285,-14.4733],[125.18413,-14.47229],[125.18566,-14.46519],[125.18371,-14.46077],[125.18499,-14.4592],[125.18395,-14.45773],[125.18164,-14.45783],[125.17831,-14.45014],[125.1776,-14.45239],[125.17424,-14.45215],[125.17124,-14.45067],[125.16987,-14.44683],[125.1672,-14.44738],[125.16779,-14.44479],[125.16537,-14.43992],[125.16523,-14.44692],[125.1635,-14.4442],[125.16336,-14.45019],[125.16209,-14.44962],[125.16275,-14.45639],[125.15905,-14.45412],[125.15869,-14.45694],[125.15744,-14.45242],[125.15361,-14.45364],[125.15385,-14.45003],[125.15118,-14.45273],[125.15222,-14.45273],[125.15232,-14.45522],[125.1508,-14.45837],[125.15265,-14.45917],[125.15313,-14.45703],[125.15405,-14.45748],[125.15541,-14.46449],[125.16048,-14.47118],[125.15875,-14.46959],[125.15932,-14.47219],[125.15619,-14.47127],[125.15204,-14.46741],[125.1511,-14.46967],[125.15365,-14.47058],[125.15167,-14.4726],[125.15444,-14.47341],[125.15582,-14.47624],[125.14819,-14.47157],[125.14529,-14.47325],[125.14112,-14.47267],[125.14064,-14.47527],[125.13925,-14.47481],[125.13797,-14.47706],[125.13588,-14.47604],[125.13634,-14.47852],[125.13437,-14.47795],[125.13274,-14.47975],[125.13086,-14.48516],[125.12819,-14.48481],[125.12563,-14.48717],[125.12424,-14.48615],[125.12341,-14.49179],[125.12155,-14.49201],[125.12119,-14.49438],[125.11806,-14.49391],[125.1207,-14.50024],[125.11663,-14.5026],[125.11987,-14.50374],[125.11765,-14.50712],[125.12091,-14.50589],[125.12448,-14.5102],[125.12378,-14.51155],[125.12634,-14.51009],[125.129,-14.51112],[125.12702,-14.51315],[125.13166,-14.51215],[125.12982,-14.51896],[125.13174,-14.52028],[125.1293,-14.52095],[125.13263,-14.52909],[125.13739,-14.52731],[125.13451,-14.52368],[125.13845,-14.52437],[125.13892,-14.52302],[125.13649,-14.52177],[125.13985,-14.52156],[125.13939,-14.52009],[125.14223,-14.51585],[125.14078,-14.52201],[125.14205,-14.52292],[125.14536,-14.52401],[125.14983,-14.51957],[125.14667,-14.52565],[125.14992,-14.52533],[125.15316,-14.52704],[125.14921,-14.52849],[125.14967,-14.53393],[125.14863,-14.52803],[125.14387,-14.53016],[125.14414,-14.54614],[125.14208,-14.54335],[125.14151,-14.53884],[125.13977,-14.53906],[125.13964,-14.54335],[125.13659,-14.54236],[125.13638,-14.54537],[125.13443,-14.54515],[125.13719,-14.54684],[125.13729,-14.54842],[125.14119,-14.55009],[125.13796,-14.55429],[125.13911,-14.55746],[125.14316,-14.5585],[125.14523,-14.5628],[125.1516,-14.56576],[125.14637,-14.56709],[125.14291,-14.56414],[125.13929,-14.56966],[125.13534,-14.57032],[125.13532,-14.5737],[125.13767,-14.57524],[125.13474,-14.57483],[125.1341,-14.57671],[125.13475,-14.57257],[125.13349,-14.56997],[125.13837,-14.56706],[125.13885,-14.56412],[125.1362,-14.5588],[125.13227,-14.55754],[125.13436,-14.55552],[125.13218,-14.55167],[125.12882,-14.55087],[125.12625,-14.55503],[125.12647,-14.55763],[125.12427,-14.55502],[125.12009,-14.55738],[125.11801,-14.55455],[125.11803,-14.55206],[125.12012,-14.54981],[125.11943,-14.54834],[125.11851,-14.548],[125.11838,-14.55082],[125.11676,-14.54946],[125.1142,-14.55171],[125.11281,-14.55125],[125.11087,-14.54537],[125.11188,-14.55147],[125.10781,-14.5545],[125.10745,-14.55676],[125.10642,-14.55472],[125.10514,-14.55494],[125.10794,-14.55202],[125.1055,-14.5511],[125.10251,-14.54702],[125.10042,-14.5478],[125.10032,-14.54396],[125.09833,-14.54678],[125.09613,-14.5462],[125.09774,-14.5505],[125.09576,-14.55196],[125.09677,-14.55885],[125.10107,-14.55673],[125.09862,-14.56044],[125.10252,-14.56836],[125.09697,-14.56619],[125.09605,-14.56348],[125.09423,-14.56727],[125.09494,-14.57033],[125.09768,-14.5721],[125.09726,-14.57737],[125.0954,-14.57951],[125.09783,-14.58099],[125.0978,-14.58541],[125.09549,-14.58606],[125.09816,-14.58796],[125.09663,-14.58945],[125.09823,-14.59364],[125.09598,-14.59846],[125.09853,-14.60527],[125.09735,-14.60797],[125.09919,-14.61114],[125.0971,-14.61249],[125.09676,-14.61068],[125.09478,-14.61282],[125.09848,-14.61453],[125.09732,-14.61543],[125.10101,-14.6194],[125.09696,-14.61825],[125.09748,-14.6243],[125.09263,-14.62591],[125.10178,-14.62922],[125.10014,-14.63226],[125.10743,-14.63546],[125.10638,-14.63703],[125.10198,-14.63679],[125.10568,-14.63895],[125.10532,-14.64042],[125.1081,-14.6428],[125.11067,-14.6392],[125.11415,-14.63854],[125.11394,-14.63436],[125.1114,-14.63096],[125.11279,-14.63119],[125.11269,-14.62792],[125.11499,-14.63267],[125.11605,-14.62963],[125.11513,-14.62691],[125.1164,-14.62827],[125.11849,-14.62772],[125.12369,-14.63226],[125.12392,-14.63395],[125.12624,-14.63249],[125.12949,-14.6333],[125.13122,-14.63534],[125.13017,-14.63737],[125.13261,-14.63591],[125.13636,-14.62836],[125.1348,-14.63931],[125.13223,-14.642],[125.1343,-14.64653]]],[[[126.00888,-14.28195],[126.00853,-14.28071],[126.00414,-14.28399],[125.98662,-14.28926],[125.9924,-14.30202],[125.99008,-14.30517],[125.98591,-14.30698],[125.98509,-14.31329],[125.98828,-14.31589],[125.99528,-14.31748],[125.99723,-14.32121],[125.99817,-14.32572],[125.99432,-14.33127],[125.99364,-14.33689],[125.99735,-14.33723],[126.00035,-14.34141],[126.01106,-14.3452],[126.01176,-14.34825],[126.01338,-14.34971],[126.01512,-14.34903],[126.01767,-14.35321],[126.02219,-14.35331],[126.0217,-14.33716],[126.02342,-14.32846],[126.02863,-14.32732],[126.03629,-14.33612],[126.04104,-14.33792],[126.04405,-14.33611],[126.04624,-14.33249],[126.04681,-14.32797],[126.04158,-14.31522],[126.03347,-14.31049],[126.02861,-14.30936],[126.02849,-14.30711],[126.02617,-14.30632],[126.0235,-14.30045],[126.01807,-14.30701],[126.01309,-14.30668],[126.00428,-14.30274],[126.00623,-14.29178],[126.00889,-14.28749],[126.00888,-14.28195]]],[[[125.71775,-14.47699],[125.72029,-14.47947],[125.73282,-14.4759],[125.73525,-14.47737],[125.74132,-14.46948],[125.7501,-14.46679],[125.7551,-14.4598],[125.75394,-14.45731],[125.75035,-14.4555],[125.75685,-14.45168],[125.75604,-14.44795],[125.75385,-14.44535],[125.75291,-14.45212],[125.74908,-14.452],[125.75025,-14.44681],[125.7491,-14.44534],[125.74504,-14.4459],[125.74319,-14.44341],[125.74448,-14.43563],[125.73881,-14.42918],[125.73986,-14.42704],[125.74392,-14.42784],[125.74601,-14.42299],[125.75041,-14.4248],[125.75273,-14.42311],[125.75181,-14.42142],[125.75401,-14.42233],[125.75413,-14.41646],[125.74858,-14.41159],[125.74487,-14.41317],[125.74013,-14.40955],[125.73723,-14.40999],[125.73156,-14.40806],[125.72773,-14.40975],[125.7261,-14.41392],[125.72251,-14.41482],[125.72342,-14.42204],[125.72238,-14.42283],[125.72608,-14.42238],[125.72283,-14.42791],[125.72932,-14.42758],[125.7241,-14.43062],[125.72583,-14.43299],[125.72153,-14.441],[125.72314,-14.44563],[125.72719,-14.44981],[125.72533,-14.45184],[125.71814,-14.45375],[125.71837,-14.4586],[125.71604,-14.46334],[125.71707,-14.46886],[125.7159,-14.47213],[125.71753,-14.47326],[125.71775,-14.47699]]],[[[125.53025,-14.42835],[125.53107,-14.42542],[125.5298,-14.42259],[125.52759,-14.42665],[125.52539,-14.42755],[125.52328,-14.4333],[125.52085,-14.43363],[125.5191,-14.43724],[125.51527,-14.43994],[125.5156,-14.44468],[125.51143,-14.44444],[125.51119,-14.44715],[125.51281,-14.4493],[125.51687,-14.44875],[125.51733,-14.44988],[125.51129,-14.45494],[125.51279,-14.45562],[125.51662,-14.45405],[125.51741,-14.45992],[125.52353,-14.46728],[125.52245,-14.48037],[125.52407,-14.48173],[125.52348,-14.485],[125.52799,-14.48964],[125.53125,-14.48954],[125.53543,-14.48628],[125.54272,-14.49092],[125.54898,-14.49218],[125.55094,-14.49095],[125.55499,-14.49141],[125.55929,-14.49424],[125.56208,-14.49019],[125.56267,-14.48624],[125.55642,-14.47933],[125.55122,-14.47695],[125.54021,-14.47692],[125.53813,-14.47454],[125.54149,-14.4697],[125.54128,-14.46439],[125.54313,-14.46316],[125.54232,-14.46202],[125.54499,-14.46135],[125.54315,-14.45819],[125.54431,-14.45582],[125.54142,-14.45423],[125.54004,-14.4496],[125.53031,-14.44754],[125.53809,-14.44429],[125.5374,-14.44124],[125.53128,-14.43355],[125.5321,-14.43107],[125.53025,-14.42835]]],[[[125.2491,-14.62239],[125.24384,-14.61435],[125.23731,-14.6229],[125.23213,-14.62307],[125.235,-14.63111],[125.23287,-14.62977],[125.23138,-14.62575],[125.22778,-14.6275],[125.23102,-14.62909],[125.22788,-14.62942],[125.2274,-14.63483],[125.2252,-14.63392],[125.22403,-14.63505],[125.22565,-14.63709],[125.22557,-14.64082],[125.22087,-14.6368],[125.218,-14.63667],[125.21965,-14.63893],[125.21661,-14.64265],[125.21889,-14.64383],[125.21645,-14.64507],[125.2117,-14.64256],[125.2125,-14.64573],[125.20936,-14.6482],[125.20749,-14.64632],[125.20436,-14.65224],[125.20898,-14.65644],[125.21153,-14.65611],[125.2143,-14.65951],[125.21872,-14.65806],[125.21896,-14.65614],[125.22115,-14.65886],[125.22068,-14.66044],[125.22835,-14.65844],[125.23022,-14.65494],[125.23277,-14.6545],[125.22989,-14.64862],[125.23141,-14.6475],[125.23442,-14.64841],[125.23375,-14.64242],[125.23203,-14.64047],[125.23481,-14.63866],[125.23611,-14.6328],[125.23688,-14.63715],[125.24138,-14.6391],[125.24291,-14.6437],[125.24811,-14.64937],[125.24636,-14.65162],[125.24798,-14.65298],[125.25066,-14.64972],[125.25228,-14.65108],[125.25576,-14.65086],[125.25659,-14.64545],[125.25877,-14.64795],[125.26309,-14.644],[125.26308,-14.64638],[125.2653,-14.6439],[125.26703,-14.64616],[125.26635,-14.64097],[125.26061,-14.63545],[125.25444,-14.63281],[125.25572,-14.63212],[125.25467,-14.63155],[125.25512,-14.62616],[125.25227,-14.62398],[125.25064,-14.62465],[125.2491,-14.62239]]],[[[125.9501,-14.33673],[125.94316,-14.33605],[125.94813,-14.33955],[125.94905,-14.34564],[125.94418,-14.3567],[125.93774,-14.35798],[125.93479,-14.36086],[125.9378,-14.36448],[125.94243,-14.36437],[125.94301,-14.36584],[125.93791,-14.36922],[125.93466,-14.37429],[125.92679,-14.3744],[125.92505,-14.37304],[125.92354,-14.37541],[125.92423,-14.37721],[125.92667,-14.37597],[125.93315,-14.37722],[125.93743,-14.3875],[125.94125,-14.38897],[125.94449,-14.38875],[125.94739,-14.38638],[125.95017,-14.38029],[125.95655,-14.3742],[125.95597,-14.37082],[125.95853,-14.36337],[125.95599,-14.35863],[125.95981,-14.35367],[125.96016,-14.35096],[125.96513,-14.34779],[125.97047,-14.34792],[125.96654,-14.3416],[125.96632,-14.33009],[125.96447,-14.32907],[125.9617,-14.32331],[125.95938,-14.32218],[125.95266,-14.32658],[125.9537,-14.32917],[125.95764,-14.33076],[125.9589,-14.33505],[125.95103,-14.33763],[125.9501,-14.33673]]],[[[127.84005,-14.46407],[127.84567,-14.47653],[127.84972,-14.47926],[127.85262,-14.47905],[127.85868,-14.47366],[127.86218,-14.46837],[127.8614,-14.46271],[127.86626,-14.46443],[127.86847,-14.46388],[127.86837,-14.4615],[127.87499,-14.45883],[127.87244,-14.43723],[127.86526,-14.43459],[127.86331,-14.4304],[127.85436,-14.43453],[127.8523,-14.45102],[127.84346,-14.45595],[127.8387,-14.45649],[127.84005,-14.46407]]],[[[125.45205,-14.49755],[125.46073,-14.50209],[125.46443,-14.50662],[125.46745,-14.50595],[125.46962,-14.51058],[125.47334,-14.51195],[125.47589,-14.51083],[125.47613,-14.50688],[125.47879,-14.51061],[125.47972,-14.50915],[125.48261,-14.51028],[125.48495,-14.506],[125.48994,-14.5041],[125.4903,-14.49857],[125.49227,-14.50139],[125.49365,-14.49903],[125.49469,-14.50185],[125.49714,-14.49971],[125.49507,-14.49373],[125.49552,-14.49948],[125.49319,-14.49812],[125.4923,-14.4944],[125.48985,-14.49382],[125.48949,-14.49811],[125.48509,-14.49437],[125.48499,-14.49313],[125.48742,-14.49461],[125.48892,-14.49303],[125.48831,-14.4881],[125.48742,-14.48782],[125.48811,-14.49179],[125.48581,-14.48986],[125.48117,-14.49154],[125.48581,-14.48797],[125.4836,-14.48726],[125.48409,-14.48478],[125.48036,-14.4868],[125.4799,-14.48962],[125.47757,-14.49164],[125.47848,-14.49435],[125.47442,-14.49739],[125.47141,-14.49467],[125.47015,-14.4906],[125.46727,-14.4889],[125.46402,-14.48912],[125.45534,-14.4822],[125.45106,-14.48061],[125.44491,-14.48082],[125.44455,-14.48296],[125.44779,-14.48546],[125.4495,-14.49438],[125.45205,-14.49755]]],[[[126.00881,-14.23575],[125.99963,-14.23725],[125.99396,-14.24131],[125.99349,-14.24368],[125.99476,-14.24515],[125.99962,-14.24391],[126.00652,-14.24931],[126.01218,-14.24343],[126.0145,-14.24455],[126.02098,-14.2424],[126.02399,-14.24488],[126.02966,-14.24272],[126.03082,-14.24419],[126.03139,-14.24215],[126.03371,-14.2426],[126.03521,-14.24124],[126.03637,-14.24237],[126.03601,-14.23763],[126.04318,-14.23343],[126.04075,-14.23152],[126.0323,-14.2295],[126.03102,-14.22747],[126.02581,-14.22782],[126.02349,-14.22545],[126.0184,-14.22523],[126.01679,-14.22795],[126.01239,-14.2266],[126.0132,-14.23089],[126.00881,-14.23575]]],[[[124.99173,-14.52899],[124.99292,-14.52166],[124.99571,-14.52144],[124.99991,-14.51672],[124.99879,-14.50825],[124.9983,-14.50715],[124.99642,-14.50777],[124.99859,-14.50305],[124.99536,-14.49942],[124.99248,-14.49275],[124.99357,-14.48575],[124.99045,-14.48449],[124.98869,-14.48753],[124.98999,-14.49738],[124.98442,-14.4976],[124.98349,-14.50608],[124.97987,-14.5082],[124.97638,-14.50577],[124.97711,-14.50922],[124.9786,-14.5118],[124.98101,-14.51185],[124.98204,-14.51582],[124.97956,-14.52419],[124.98201,-14.52409],[124.98188,-14.52558],[124.98477,-14.52805],[124.98571,-14.52659],[124.98352,-14.52387],[124.98365,-14.52104],[124.98542,-14.52033],[124.98885,-14.5272],[124.99173,-14.52899]]],[[[125.99534,-14.3765],[125.99407,-14.37356],[125.99478,-14.36295],[125.99038,-14.36092],[125.98296,-14.3643],[125.9803,-14.36791],[125.97775,-14.36892],[125.97705,-14.37366],[125.97357,-14.37907],[125.97357,-14.38404],[125.97101,-14.38821],[125.97564,-14.3907],[125.98005,-14.38585],[125.9843,-14.38882],[125.98642,-14.38597],[125.9833,-14.38134],[125.9833,-14.3775],[125.98608,-14.37649],[125.99349,-14.3792],[125.99534,-14.3765]]],[[[125.27619,-14.58794],[125.27888,-14.58208],[125.27865,-14.58118],[125.27737,-14.58207],[125.27729,-14.57214],[125.27151,-14.56873],[125.27175,-14.56613],[125.26793,-14.56375],[125.26526,-14.56374],[125.26315,-14.56904],[125.26684,-14.57616],[125.26137,-14.58043],[125.2606,-14.57815],[125.25675,-14.57567],[125.25442,-14.57758],[125.25442,-14.57928],[125.26146,-14.58585],[125.2632,-14.58631],[125.26553,-14.58417],[125.26772,-14.5878],[125.27596,-14.58591],[125.27619,-14.58794]]],[[[124.97781,-14.41757],[124.98403,-14.42404],[124.97992,-14.41341],[124.98132,-14.41014],[124.98053,-14.40618],[124.98531,-14.40158],[124.98464,-14.39683],[124.98592,-14.39514],[124.98118,-14.39343],[124.98073,-14.39105],[124.97795,-14.39025],[124.97786,-14.38675],[124.97347,-14.38345],[124.97298,-14.38751],[124.96973,-14.38874],[124.97065,-14.39066],[124.96796,-14.39562],[124.95935,-14.40167],[124.96643,-14.39933],[124.96874,-14.40002],[124.97328,-14.39756],[124.97685,-14.4021],[124.97239,-14.41156],[124.97781,-14.41757]]],[[[124.97822,-14.44829],[124.97508,-14.45155],[124.97749,-14.45495],[124.98389,-14.45047],[124.99481,-14.44601],[124.99391,-14.44126],[124.99554,-14.44014],[124.98459,-14.42732],[124.9805,-14.43396],[124.97552,-14.43315],[124.97249,-14.4372],[124.97816,-14.43926],[124.97952,-14.44401],[124.97822,-14.44829]]],[[[125.28933,-14.27795],[125.29045,-14.28891],[125.29682,-14.28927],[125.29889,-14.29165],[125.29853,-14.29414],[125.30155,-14.29245],[125.30271,-14.29314],[125.30226,-14.28986],[125.30471,-14.28411],[125.30795,-14.28582],[125.30993,-14.283],[125.31019,-14.27476],[125.30221,-14.27304],[125.29584,-14.27369],[125.29307,-14.26973],[125.29293,-14.27537],[125.28933,-14.27795]]],[[[125.24981,-14.42842],[125.25977,-14.42857],[125.26383,-14.42565],[125.26813,-14.42488],[125.26999,-14.42262],[125.27165,-14.41461],[125.2662,-14.41482],[125.26157,-14.41062],[125.25994,-14.41513],[125.25392,-14.41127],[125.25298,-14.41398],[125.24743,-14.4152],[125.24532,-14.41891],[125.24624,-14.42005],[125.25168,-14.42097],[125.25401,-14.4185],[125.25632,-14.41896],[125.24981,-14.42842]]],[[[125.21157,-14.31478],[125.21889,-14.31064],[125.2219,-14.31042],[125.2283,-14.30413],[125.22822,-14.29634],[125.22372,-14.29158],[125.22235,-14.28672],[125.22003,-14.28716],[125.2177,-14.29076],[125.21686,-14.29832],[125.21137,-14.30824],[125.21042,-14.31207],[125.21157,-14.31478]]],[[[126.57658,-14.21183],[126.57614,-14.21669],[126.57881,-14.21973],[126.58414,-14.22152],[126.58333,-14.2196],[126.58647,-14.22275],[126.59098,-14.22364],[126.59281,-14.2164],[126.5849,-14.20773],[126.58686,-14.20671],[126.58569,-14.20196],[126.58047,-14.20074],[126.57826,-14.19691],[126.57537,-14.19873],[126.57886,-14.20414],[126.57808,-14.21025],[126.57658,-14.21183]]],[[[125.26837,-14.48122],[125.27061,-14.48331],[125.27219,-14.4827],[125.27301,-14.4783],[125.27048,-14.47208],[125.26679,-14.468],[125.26589,-14.46404],[125.26252,-14.46335],[125.2601,-14.46063],[125.25488,-14.46129],[125.24861,-14.46454],[125.24812,-14.47199],[125.25369,-14.47055],[125.26075,-14.47452],[125.25971,-14.47181],[125.26283,-14.47329],[125.26481,-14.4707],[125.26837,-14.48122]]],[[[127.81165,-14.37757],[127.81525,-14.37692],[127.81631,-14.37387],[127.81967,-14.37389],[127.81752,-14.36529],[127.82295,-14.36893],[127.82331,-14.36668],[127.82067,-14.36169],[127.81304,-14.35747],[127.81086,-14.35293],[127.8098,-14.35654],[127.80539,-14.35754],[127.8063,-14.36059],[127.80509,-14.36951],[127.81165,-14.37757]]],[[[125.9844,-14.44668],[125.98845,-14.44894],[125.99471,-14.44815],[126.00274,-14.44314],[126.0047,-14.43817],[125.99646,-14.43506],[125.98801,-14.43568],[125.98592,-14.43663],[125.98267,-14.4416],[125.98278,-14.44645],[125.9844,-14.44668]]],[[[125.73095,-14.19282],[125.73767,-14.19035],[125.73988,-14.18392],[125.73781,-14.17737],[125.73573,-14.17556],[125.73018,-14.17465],[125.72636,-14.17701],[125.72253,-14.18287],[125.72598,-14.19123],[125.72783,-14.19146],[125.7298,-14.18898],[125.73189,-14.18955],[125.73038,-14.19112],[125.73095,-14.19282]]],[[[125.99423,-14.32165],[125.99284,-14.32018],[125.98914,-14.32063],[125.9764,-14.32818],[125.97384,-14.33461],[125.97627,-14.33789],[125.97789,-14.338],[125.9794,-14.33586],[125.97801,-14.33405],[125.97905,-14.33315],[125.98276,-14.33755],[125.98704,-14.33316],[125.98693,-14.3309],[125.99126,-14.32954],[125.99423,-14.32165]]],[[[125.50502,-14.4351],[125.51699,-14.43494],[125.51689,-14.43264],[125.52285,-14.42367],[125.52217,-14.42266],[125.51975,-14.42528],[125.51647,-14.42391],[125.51346,-14.42582],[125.51177,-14.42484],[125.50862,-14.42765],[125.50392,-14.4246],[125.50081,-14.43041],[125.50502,-14.4351]]],[[[125.42135,-14.56361],[125.41914,-14.56484],[125.42285,-14.56632],[125.42274,-14.56339],[125.42472,-14.56136],[125.43378,-14.55811],[125.43576,-14.55485],[125.43425,-14.55123],[125.42604,-14.54804],[125.42499,-14.54928],[125.42684,-14.55042],[125.42186,-14.55096],[125.41916,-14.55886],[125.42299,-14.56011],[125.4195,-14.56213],[125.41973,-14.56349],[125.42135,-14.56361]]],[[[125.58222,-14.36411],[125.58338,-14.36285],[125.5813,-14.36099],[125.58441,-14.3628],[125.58601,-14.35868],[125.58403,-14.35235],[125.57976,-14.34793],[125.57747,-14.34832],[125.57315,-14.35951],[125.57505,-14.35966],[125.57563,-14.36266],[125.57678,-14.36165],[125.57773,-14.36517],[125.58121,-14.36525],[125.58283,-14.36868],[125.58557,-14.36968],[125.58567,-14.36707],[125.58402,-14.36686],[125.58222,-14.36411]]],[[[125.42838,-14.54173],[125.42627,-14.54454],[125.4381,-14.54706],[125.44123,-14.54312],[125.44171,-14.53962],[125.43675,-14.53464],[125.43698,-14.53193],[125.4342,-14.53113],[125.43014,-14.53383],[125.43047,-14.53869],[125.42838,-14.54173]]],[[[125.67546,-14.3681],[125.67407,-14.36607],[125.66967,-14.36775],[125.66908,-14.36955],[125.66987,-14.37825],[125.67068,-14.3796],[125.67242,-14.37848],[125.67323,-14.38153],[125.6745,-14.37972],[125.67798,-14.38007],[125.68111,-14.3759],[125.68136,-14.37037],[125.67893,-14.36833],[125.67546,-14.3681]]],[[[125.68067,-14.16494],[125.68079,-14.16133],[125.67826,-14.1576],[125.67813,-14.16053],[125.67582,-14.16267],[125.67234,-14.16289],[125.66932,-14.16672],[125.67522,-14.17068],[125.67741,-14.17362],[125.67555,-14.1752],[125.67625,-14.17588],[125.68261,-14.17725],[125.68204,-14.17194],[125.68321,-14.16844],[125.68067,-14.16494]]],[[[126.57434,-14.22674],[126.57747,-14.22786],[126.58638,-14.22477],[126.57407,-14.21703],[126.57483,-14.20425],[126.5692,-14.21399],[126.57049,-14.2184],[126.5742,-14.22064],[126.57434,-14.22674]]],[[[125.78655,-14.17036],[125.78933,-14.17082],[125.79269,-14.16834],[125.7942,-14.16067],[125.79005,-14.15648],[125.7801,-14.15522],[125.77801,-14.15793],[125.78749,-14.16449],[125.78817,-14.16743],[125.78655,-14.17036]]],[[[127.70428,-14.23914],[127.70173,-14.2407],[127.70365,-14.24457],[127.70727,-14.24587],[127.70878,-14.24333],[127.71212,-14.24428],[127.7124,-14.24062],[127.71632,-14.23851],[127.71573,-14.23356],[127.7119,-14.23323],[127.71017,-14.23455],[127.71047,-14.23604],[127.70774,-14.23705],[127.70581,-14.23575],[127.70428,-14.23914]]],[[[125.44209,-14.56841],[125.4392,-14.56807],[125.43627,-14.57596],[125.43278,-14.57967],[125.43474,-14.58284],[125.43787,-14.58341],[125.4424,-14.58038],[125.44358,-14.57496],[125.44173,-14.5718],[125.44209,-14.56841]]],[[[125.49953,-14.51078],[125.5058,-14.50854],[125.49955,-14.50582],[125.50013,-14.50413],[125.50385,-14.50402],[125.50512,-14.502],[125.50398,-14.49985],[125.49747,-14.50084],[125.49179,-14.50636],[125.49559,-14.51032],[125.49953,-14.51078]]],[[[125.23682,-14.42622],[125.23786,-14.42972],[125.24156,-14.42962],[125.24379,-14.42613],[125.24402,-14.42241],[125.2401,-14.4198],[125.2392,-14.41415],[125.23758,-14.41358],[125.23682,-14.42622]]],[[[125.19706,-14.47233],[125.20631,-14.46634],[125.20155,-14.4608],[125.19913,-14.46154],[125.19539,-14.4659],[125.19931,-14.46617],[125.19648,-14.46851],[125.19706,-14.47233]]],[[[126.28564,-14.17128],[126.29049,-14.16675],[126.2965,-14.16696],[126.29916,-14.16413],[126.29683,-14.16029],[126.29162,-14.15952],[126.28944,-14.16427],[126.28563,-14.16767],[126.28564,-14.17128]]],[[[125.40666,-14.34409],[125.40874,-14.34478],[125.41095,-14.34275],[125.4112,-14.33654],[125.40936,-14.33383],[125.40403,-14.33437],[125.40413,-14.33844],[125.40666,-14.34409]]],[[[125.31611,-14.27332],[125.32041,-14.26803],[125.31985,-14.26419],[125.31847,-14.26226],[125.3136,-14.26134],[125.31611,-14.27332]]],[[[125.7144,-14.35543],[125.71996,-14.35397],[125.72078,-14.35206],[125.71696,-14.35306],[125.71453,-14.34956],[125.70886,-14.34718],[125.70862,-14.35327],[125.71139,-14.35542],[125.71325,-14.35452],[125.7144,-14.35543]]],[[[125.31624,-14.29748],[125.31637,-14.29579],[125.31323,-14.29702],[125.31031,-14.30434],[125.32145,-14.29964],[125.3196,-14.29693],[125.31775,-14.29816],[125.31624,-14.29748]]],[[[125.92006,-14.32641],[125.91861,-14.32941],[125.92624,-14.32857],[125.92804,-14.32612],[125.93428,-14.32915],[125.93055,-14.32672],[125.93056,-14.3241],[125.92866,-14.32184],[125.92709,-14.32347],[125.92061,-14.32503],[125.92006,-14.32641]]],[[[125.23304,-14.44382],[125.23654,-14.44191],[125.2391,-14.43808],[125.23656,-14.43333],[125.23425,-14.43445],[125.23481,-14.43671],[125.23133,-14.44031],[125.23304,-14.44382]]],[[[125.66629,-14.1789],[125.66397,-14.17856],[125.66374,-14.18014],[125.6598,-14.18171],[125.66153,-14.18318],[125.66755,-14.18297],[125.66732,-14.18082],[125.67057,-14.17801],[125.66953,-14.17609],[125.6722,-14.17474],[125.6707,-14.17056],[125.66803,-14.17428],[125.66814,-14.17834],[125.66629,-14.1789]]],[[[125.30216,-14.65284],[125.30647,-14.64744],[125.29952,-14.6438],[125.29973,-14.64812],[125.29672,-14.64932],[125.30216,-14.65284]]],[[[124.99799,-14.48396],[125.00368,-14.48162],[125.00685,-14.47509],[125.00558,-14.4735],[125.00106,-14.47404],[125.00079,-14.48003],[124.99614,-14.48328],[124.99799,-14.48396]]],[[[125.77144,-14.32563],[125.77329,-14.32654],[125.77214,-14.32417],[125.7733,-14.32191],[125.77087,-14.32224],[125.7674,-14.31953],[125.76138,-14.32377],[125.76276,-14.3255],[125.76855,-14.32382],[125.76912,-14.32608],[125.77144,-14.32563]]],[[[125.34132,-14.50192],[125.34215,-14.49797],[125.34469,-14.49877],[125.34541,-14.4929],[125.33785,-14.49807],[125.3382,-14.50202],[125.34119,-14.50486],[125.34132,-14.50192]]],[[[127.73094,-14.26355],[127.73454,-14.26278],[127.73433,-14.25905],[127.72923,-14.25868],[127.72693,-14.25641],[127.72518,-14.25696],[127.72494,-14.25978],[127.72806,-14.26048],[127.73094,-14.26355]]],[[[125.40669,-14.5429],[125.41435,-14.53988],[125.41146,-14.53896],[125.41088,-14.53546],[125.40891,-14.53523],[125.40508,-14.53894],[125.40461,-14.54154],[125.40669,-14.5429]]],[[[125.32107,-14.55627],[125.32339,-14.55582],[125.32686,-14.55821],[125.32953,-14.55675],[125.33013,-14.55348],[125.32839,-14.55133],[125.32642,-14.55211],[125.32618,-14.55493],[125.32156,-14.55051],[125.32107,-14.55627]]],[[[125.25631,-14.48117],[125.25528,-14.4762],[125.25162,-14.47665],[125.25051,-14.47968],[125.25658,-14.48771],[125.25631,-14.48117]]],[[[126.59081,-14.21159],[126.5888,-14.20132],[126.58357,-14.19671],[126.5815,-14.19954],[126.58555,-14.20043],[126.58811,-14.20336],[126.58709,-14.20788],[126.59081,-14.21159]]],[[[125.82643,-14.26681],[125.82804,-14.26851],[125.83071,-14.26637],[125.82772,-14.25418],[125.82633,-14.25519],[125.82643,-14.26681]]],[[[125.92988,-14.64309],[125.93197,-14.64772],[125.93406,-14.64422],[125.93313,-14.64061],[125.92803,-14.63891],[125.92707,-14.64079],[125.92988,-14.64309]]],[[[125.27224,-14.64844],[125.27306,-14.64777],[125.27467,-14.64947],[125.27747,-14.64699],[125.27598,-14.64157],[125.27133,-14.64325],[125.27074,-14.6464],[125.27224,-14.64844]]],[[[125.49253,-14.48683],[125.49415,-14.48672],[125.49693,-14.49001],[125.49809,-14.48944],[125.49498,-14.48661],[125.49683,-14.48346],[125.49394,-14.48334],[125.49301,-14.48141],[125.48918,-14.48366],[125.48941,-14.48637],[125.49253,-14.48683]]],[[[125.90587,-14.51781],[125.90392,-14.51889],[125.90421,-14.52162],[125.9033,-14.52081],[125.90107,-14.52339],[125.90935,-14.52372],[125.90871,-14.51916],[125.90587,-14.51781]]],[[[125.33548,-14.51511],[125.3414,-14.51491],[125.33816,-14.51027],[125.33527,-14.50924],[125.3334,-14.51352],[125.33548,-14.51511]]],[[[125.82591,-14.23228],[125.83031,-14.22969],[125.8273,-14.22596],[125.82545,-14.22641],[125.82545,-14.2281],[125.82278,-14.23035],[125.82371,-14.23205],[125.82591,-14.23228]]],[[[125.42798,-14.41133],[125.43065,-14.40965],[125.43194,-14.40542],[125.42835,-14.40513],[125.42382,-14.40918],[125.42798,-14.41133]]],[[[125.65519,-14.62015],[125.65366,-14.62382],[125.65455,-14.62688],[125.65799,-14.62105],[125.6587,-14.61298],[125.65519,-14.62015]]],[[[126.00276,-14.34974],[126.00504,-14.34973],[126.00504,-14.34566],[125.99919,-14.34377],[125.99884,-14.34513],[126.00276,-14.34974]]],[[[125.40344,-14.36903],[125.40751,-14.36521],[125.40729,-14.36261],[125.40067,-14.36586],[125.40344,-14.36903]]],[[[125.16133,-14.6496],[125.15984,-14.65152],[125.16168,-14.65297],[125.1622,-14.65079],[125.16418,-14.65095],[125.16518,-14.64762],[125.16661,-14.64712],[125.16494,-14.64668],[125.16352,-14.64356],[125.16089,-14.64743],[125.16133,-14.6496]]],[[[125.76389,-14.21569],[125.76923,-14.21118],[125.76669,-14.20768],[125.76495,-14.20858],[125.76389,-14.21569]]],[[[125.65558,-14.60814],[125.65732,-14.60611],[125.65791,-14.60126],[125.65304,-14.60294],[125.65558,-14.60814]]],[[[125.41045,-14.52722],[125.40556,-14.53375],[125.40637,-14.53545],[125.41102,-14.53174],[125.41348,-14.52429],[125.41045,-14.52722]]],[[[126.05002,-14.20436],[126.04621,-14.20226],[126.0444,-14.20357],[126.04596,-14.20795],[126.04977,-14.20737],[126.05002,-14.20436]]],[[[125.43585,-14.56309],[125.43781,-14.56196],[125.43969,-14.55554],[125.43354,-14.56003],[125.43585,-14.56309]]],[[[125.09349,-14.63957],[125.0957,-14.63891],[125.0935,-14.63765],[125.09363,-14.63585],[125.09537,-14.63518],[125.09631,-14.6318],[125.09146,-14.63093],[125.09282,-14.6346],[125.09199,-14.63765],[125.09349,-14.63957]]],[[[125.65803,-14.19367],[125.66186,-14.19018],[125.65967,-14.18566],[125.65665,-14.18971],[125.65803,-14.19367]]],[[[125.2785,-14.55893],[125.28105,-14.55883],[125.2827,-14.55376],[125.2798,-14.55194],[125.27758,-14.55769],[125.2785,-14.55893]]],[[[125.31094,-14.2611],[125.30842,-14.25522],[125.30655,-14.25804],[125.30851,-14.26075],[125.30835,-14.26318],[125.31024,-14.26358],[125.31094,-14.2611]]],[[[124.98571,-14.47905],[124.98725,-14.47318],[124.98669,-14.4699],[124.98496,-14.46899],[124.98571,-14.47905]]],[[[125.39668,-14.55438],[125.39541,-14.55302],[125.39286,-14.55392],[125.39157,-14.55719],[125.39644,-14.55743],[125.39668,-14.55438]]],[[[125.24106,-14.61265],[125.24513,-14.61178],[125.24473,-14.60964],[125.24363,-14.611],[125.24096,-14.60926],[125.2384,-14.61049],[125.23851,-14.61309],[125.24106,-14.61265]]],[[[125.44884,-14.59262],[125.44801,-14.58607],[125.44597,-14.58565],[125.44342,-14.58885],[125.44547,-14.58899],[125.44884,-14.59262]]],[[[125.0114,-14.5379],[125.01141,-14.53496],[125.0156,-14.53193],[125.01294,-14.53011],[125.01014,-14.53462],[125.0114,-14.5379]]],[[[125.07411,-14.59262],[125.07355,-14.58833],[125.07215,-14.59036],[125.0735,-14.59917],[125.07411,-14.59262]]],[[[125.79685,-14.23031],[125.80022,-14.22625],[125.79941,-14.22478],[125.79744,-14.22489],[125.79477,-14.22974],[125.79685,-14.23031]]],[[[125.3449,-14.41003],[125.34236,-14.40596],[125.33657,-14.40696],[125.33795,-14.40854],[125.3419,-14.40754],[125.3449,-14.41003]]],[[[125.3825,-14.33682],[125.38124,-14.33365],[125.37789,-14.33566],[125.38048,-14.33884],[125.3825,-14.33682]]],[[[125.41229,-14.38995],[125.41601,-14.38906],[125.41242,-14.38611],[125.41255,-14.38362],[125.41115,-14.38588],[125.41229,-14.38995]]],[[[125.42519,-14.59726],[125.42694,-14.59399],[125.4266,-14.59049],[125.42415,-14.59466],[125.42519,-14.59726]]],[[[124.96924,-14.49933],[124.97065,-14.49584],[124.96869,-14.49357],[124.96786,-14.49752],[124.96924,-14.49933]]],[[[125.49166,-14.35125],[125.49537,-14.35115],[125.49642,-14.34957],[125.49144,-14.34843],[125.49166,-14.35125]]],[[[125.72389,-14.44953],[125.72111,-14.44524],[125.71937,-14.44647],[125.7211,-14.44975],[125.72389,-14.44953]]],[[[125.26787,-14.48742],[125.26855,-14.48651],[125.26535,-14.47962],[125.26489,-14.48233],[125.26787,-14.48742]]],[[[125.31769,-14.53108],[125.31909,-14.5277],[125.31712,-14.526],[125.31537,-14.53028],[125.31769,-14.53108]]],[[[125.63979,-14.22207],[125.64187,-14.22377],[125.64361,-14.22332],[125.64315,-14.2214],[125.63968,-14.21902],[125.63979,-14.22207]]],[[[125.3157,-14.56686],[125.31663,-14.56449],[125.31456,-14.56178],[125.31385,-14.56539],[125.3157,-14.56686]]],[[[125.08944,-14.6305],[125.09396,-14.6279],[125.09054,-14.6259],[125.08944,-14.6305]]],[[[125.25222,-14.60682],[125.25192,-14.60332],[125.24783,-14.60312],[125.24813,-14.60511],[125.25222,-14.60682]]],[[[125.52302,-14.40508],[125.52707,-14.4061],[125.52383,-14.40271],[125.52128,-14.40338],[125.52302,-14.40508]]],[[[125.22633,-14.58323],[125.22808,-14.58222],[125.22287,-14.57881],[125.22633,-14.58323]]],[[[125.24375,-14.49038],[125.24492,-14.48959],[125.24506,-14.48451],[125.2432,-14.48586],[125.24375,-14.49038]]],[[[124.98091,-14.46626],[124.98288,-14.46751],[124.97908,-14.46207],[124.98091,-14.46626]]],[[[125.77687,-14.46548],[125.77607,-14.4604],[125.77375,-14.46209],[125.77572,-14.46243],[125.77548,-14.46446],[125.77687,-14.46548]]],[[[125.21195,-14.52706],[125.21103,-14.52547],[125.20975,-14.52682],[125.2095,-14.53043],[125.21089,-14.53033],[125.21195,-14.52706]]],[[[125.09249,-14.59766],[125.09501,-14.5955],[125.09336,-14.59362],[125.09185,-14.59485],[125.09249,-14.59766]]],[[[125.72644,-14.32186],[125.72527,-14.32247],[125.72718,-14.32442],[125.72926,-14.32336],[125.72892,-14.32028],[125.72722,-14.32273],[125.72644,-14.32186]]],[[[125.42595,-14.35883],[125.4277,-14.35692],[125.42689,-14.35579],[125.42388,-14.35713],[125.42595,-14.35883]]],[[[125.19815,-14.47427],[125.20105,-14.47315],[125.20291,-14.47045],[125.1992,-14.47202],[125.19815,-14.47427]]],[[[125.42121,-14.57185],[125.4211,-14.56823],[125.41937,-14.56721],[125.42121,-14.57185]]],[[[125.68939,-14.46125],[125.69206,-14.46047],[125.69206,-14.45798],[125.68974,-14.45843],[125.68939,-14.46125]]],[[[125.83902,-14.28128],[125.841,-14.27801],[125.8403,-14.27654],[125.8381,-14.27993],[125.83902,-14.28128]]],[[[125.40384,-14.42221],[125.40559,-14.42041],[125.40327,-14.41938],[125.40245,-14.42175],[125.40384,-14.42221]]],[[[125.46398,-14.53631],[125.46643,-14.53293],[125.46236,-14.53551],[125.46398,-14.53631]]],[[[125.22694,-14.63393],[125.22568,-14.62952],[125.22566,-14.63313],[125.22694,-14.63393]]],[[[124.95607,-14.40719],[124.95807,-14.40245],[124.95609,-14.40312],[124.95607,-14.40719]]],[[[125.24785,-14.53906],[125.24994,-14.53748],[125.24682,-14.53567],[125.24785,-14.53906]]],[[[125.41655,-14.36399],[125.41818,-14.36287],[125.41749,-14.36005],[125.41655,-14.36399]]],[[[126.59662,-14.22351],[126.59695,-14.21853],[126.59569,-14.22193],[126.59662,-14.22351]]],[[[125.06528,-14.64441],[125.06668,-14.64261],[125.06576,-14.64046],[125.06447,-14.64215],[125.06528,-14.64441]]],[[[125.31693,-14.51572],[125.31764,-14.51324],[125.31485,-14.51368],[125.31693,-14.51572]]],[[[125.21195,-14.61219],[125.21069,-14.60822],[125.20987,-14.60992],[125.21195,-14.61219]]],[[[125.9448,-14.32732],[125.94259,-14.32363],[125.94213,-14.32476],[125.9448,-14.32732]]],[[[125.34454,-14.5104],[125.34721,-14.51064],[125.34629,-14.50826],[125.34442,-14.50882],[125.34454,-14.5104]]],[[[125.24124,-14.50934],[125.24252,-14.50923],[125.24276,-14.50629],[125.24055,-14.50809],[125.24124,-14.50934]]],[[[125.16791,-14.62816],[125.17023,-14.62783],[125.16908,-14.62568],[125.16699,-14.62657],[125.16791,-14.62816]]],[[[125.27821,-14.42593],[125.28019,-14.42413],[125.27949,-14.42311],[125.27776,-14.42367],[125.27821,-14.42593]]],[[[125.25528,-14.65493],[125.25668,-14.65234],[125.25447,-14.65255],[125.25528,-14.65493]]],[[[125.67704,-14.38492],[125.68018,-14.3812],[125.67762,-14.38267],[125.67704,-14.38492]]],[[[125.41405,-14.56268],[125.41533,-14.56178],[125.41475,-14.55997],[125.41266,-14.56155],[125.41405,-14.56268]]],[[[125.2483,-14.48509],[125.24888,-14.48328],[125.24726,-14.48057],[125.24645,-14.48237],[125.2483,-14.48509]]],[[[125.58878,-14.33572],[125.58809,-14.33301],[125.5867,-14.33459],[125.58878,-14.33572]]],[[[125.36877,-14.57732],[125.36855,-14.57427],[125.37052,-14.57473],[125.36949,-14.57269],[125.36785,-14.57483],[125.36877,-14.57732]]],[[[125.39487,-14.40197],[125.39569,-14.39971],[125.39465,-14.39892],[125.3936,-14.40129],[125.39487,-14.40197]]],[[[126.05309,-14.34977],[126.05335,-14.35077],[126.05573,-14.34759],[126.05368,-14.34771],[126.05309,-14.34977]]],[[[125.61347,-14.2369],[125.61482,-14.23621],[125.6144,-14.23487],[125.61174,-14.23577],[125.61347,-14.2369]]],[[[126.14618,-14.18352],[126.14802,-14.18375],[126.14852,-14.18172],[126.14609,-14.18226],[126.14618,-14.18352]]],[[[125.2199,-14.45483],[125.21991,-14.45167],[125.21818,-14.45313],[125.2199,-14.45483]]],[[[125.42201,-14.57433],[125.42364,-14.57377],[125.42307,-14.57072],[125.42201,-14.57433]]],[[[125.3115,-14.29667],[125.31417,-14.29341],[125.31162,-14.29498],[125.3115,-14.29667]]],[[[125.14111,-14.52518],[125.1439,-14.52451],[125.14054,-14.52348],[125.13984,-14.52449],[125.14111,-14.52518]]],[[[125.3072,-14.29857],[125.30919,-14.29553],[125.30733,-14.29643],[125.3072,-14.29857]]],[[[125.72394,-14.27926],[125.72556,-14.27769],[125.7236,-14.27734],[125.72278,-14.27858],[125.72394,-14.27926]]],[[[125.31322,-14.27172],[125.3138,-14.26958],[125.31254,-14.26833],[125.31322,-14.27172]]],[[[125.42348,-14.40522],[125.42271,-14.40275],[125.42095,-14.40336],[125.42348,-14.40522]]],[[[125.32155,-14.24241],[125.32249,-14.2405],[125.32029,-14.24049],[125.31993,-14.24184],[125.32155,-14.24241]]],[[[125.64261,-14.20458],[125.64111,-14.20311],[125.63902,-14.20355],[125.64261,-14.20458]]],[[[125.47407,-14.42119],[125.47511,-14.42198],[125.47604,-14.42063],[125.47465,-14.41972],[125.47407,-14.42119]]],[[[125.28628,-14.43341],[125.28745,-14.43048],[125.2856,-14.43217],[125.28628,-14.43341]]],[[[125.67901,-14.27995],[125.6774,-14.27792],[125.67693,-14.2795],[125.67901,-14.27995]]],[[[125.72328,-14.4357],[125.72397,-14.43434],[125.72189,-14.43299],[125.72119,-14.43411],[125.72328,-14.4357]]],[[[125.13618,-14.53904],[125.13758,-14.53724],[125.13607,-14.53667],[125.13618,-14.53904]]],[[[125.19132,-14.47232],[125.19236,-14.46984],[125.19051,-14.47119],[125.19132,-14.47232]]],[[[125.16688,-14.62555],[125.16851,-14.625],[125.16805,-14.62341],[125.16688,-14.62555]]],[[[125.72248,-14.31493],[125.72387,-14.31425],[125.72329,-14.3129],[125.72167,-14.31425],[125.72248,-14.31493]]],[[[127.84051,-14.37292],[127.84199,-14.37144],[127.84085,-14.37111],[127.84051,-14.37292]]],[[[125.66927,-14.28828],[125.67032,-14.28614],[125.668,-14.2876],[125.66927,-14.28828]]],[[[125.63566,-14.20603],[125.63694,-14.2049],[125.63613,-14.20321],[125.63566,-14.20603]]],[[[125.65554,-14.39472],[125.65711,-14.39457],[125.65741,-14.39292],[125.65554,-14.39472]]],[[[127.87617,-14.47168],[127.87409,-14.47306],[127.8753,-14.47355],[127.87617,-14.47168]]],[[[125.37759,-14.5051],[125.37726,-14.50351],[125.37598,-14.50362],[125.37759,-14.5051]]],[[[125.67987,-14.36077],[125.68069,-14.35908],[125.67907,-14.35976],[125.67987,-14.36077]]],[[[125.97837,-14.3912],[125.98013,-14.39097],[125.97958,-14.38958],[125.97837,-14.3912]]],[[[125.23759,-14.41087],[125.23979,-14.41031],[125.23829,-14.40963],[125.23759,-14.41087]]],[[[125.31505,-14.3353],[125.31575,-14.3344],[125.31437,-14.33371],[125.31505,-14.3353]]],[[[125.5114,-14.43688],[125.51221,-14.43564],[125.51013,-14.43631],[125.5114,-14.43688]]],[[[126.22443,-14.17733],[126.22616,-14.17665],[126.22443,-14.17631],[126.22443,-14.17733]]],[[[125.40145,-14.47695],[125.40261,-14.47684],[125.40181,-14.47537],[125.40145,-14.47695]]],[[[125.68318,-14.38595],[125.68468,-14.38584],[125.6848,-14.38449],[125.68318,-14.38595]]],[[[126.11269,-14.21507],[126.11156,-14.21507],[126.11293,-14.21649],[126.11269,-14.21507]]],[[[125.14754,-14.4613],[125.14778,-14.46005],[125.14639,-14.46061],[125.14754,-14.4613]]],[[[125.18946,-14.47186],[125.18947,-14.47051],[125.18842,-14.47118],[125.18946,-14.47186]]],[[[125.74994,-14.42649],[125.75029,-14.42537],[125.74855,-14.42581],[125.74994,-14.42649]]],[[[125.41522,-14.55828],[125.41523,-14.55704],[125.41418,-14.55794],[125.41522,-14.55828]]],[[[125.19192,-14.46374],[125.19263,-14.46284],[125.19146,-14.4625],[125.19192,-14.46374]]],[[[125.25644,-14.39276],[125.25725,-14.3922],[125.25527,-14.39253],[125.25644,-14.39276]]],[[[125.27686,-14.65454],[125.27786,-14.65418],[125.27698,-14.65341],[125.27686,-14.65454]]],[[[129.00185,-25.99859],[129.00058,-25.99859],[129.00057,-25.66115],[129.00055,-24.13744],[129.00055,-23.82166],[129.00054,-23.4403],[129.00052,-23.0209],[129.00048,-22.24681],[129.00053,-21.86665],[129.00052,-21.23199],[129.00052,-20.99855],[129.0005,-19.34311],[129.0005,-18.82219],[129.00048,-18.24076],[129.00047,-17.50472],[129.00047,-16.98013],[129.00048,-16.49576],[129.00047,-16.12394],[129.00046,-15.68099],[129.00082,-15.29882],[129.00149,-14.87959],[128.99219,-14.87764],[128.98288,-14.8776],[128.97935,-14.88065],[128.98038,-14.8787],[128.97545,-14.87685],[128.97047,-14.87714],[128.96996,-14.87964],[128.96974,-14.87217],[128.96764,-14.87433],[128.96775,-14.87818],[128.96635,-14.87791],[128.96497,-14.87712],[128.96408,-14.87229],[128.96567,-14.87169],[128.96245,-14.87048],[128.95929,-14.87071],[128.95738,-14.8745],[128.94364,-14.87249],[128.94281,-14.87105],[128.94484,-14.87114],[128.94421,-14.87011],[128.93907,-14.87086],[128.94234,-14.87309],[128.93233,-14.87078],[128.93004,-14.86419],[128.92424,-14.8629],[128.92135,-14.86538],[128.92114,-14.8641],[128.91592,-14.86176],[128.91815,-14.86066],[128.91515,-14.8612],[128.90807,-14.85606],[128.87654,-14.85742],[128.86424,-14.85936],[128.85958,-14.8617],[128.84828,-14.85925],[128.84487,-14.86105],[128.8433,-14.85978],[128.8318,-14.85945],[128.83051,-14.85762],[128.82587,-14.85606],[128.82642,-14.85426],[128.82446,-14.8563],[128.82125,-14.8554],[128.81652,-14.85157],[128.80293,-14.84901],[128.79931,-14.84513],[128.78979,-14.84379],[128.78632,-14.84486],[128.78329,-14.84092],[128.77235,-14.83917],[128.768,-14.83691],[128.75933,-14.83829],[128.75414,-14.83587],[128.74736,-14.83827],[128.73824,-14.83907],[128.7288,-14.83142],[128.72866,-14.82815],[128.72518,-14.82442],[128.72697,-14.82508],[128.7265,-14.82347],[128.72063,-14.81783],[128.70522,-14.80975],[128.70227,-14.80661],[128.70072,-14.80688],[128.69952,-14.80964],[128.69976,-14.80735],[128.69917,-14.8067],[128.6987,-14.80976],[128.69539,-14.81226],[128.69806,-14.80868],[128.69656,-14.80697],[128.69754,-14.8072],[128.69888,-14.80653],[128.70028,-14.80687],[128.69878,-14.80492],[128.69735,-14.80518],[128.69861,-14.80406],[128.69215,-14.80172],[128.69414,-14.80085],[128.69309,-14.79954],[128.68131,-14.79601],[128.65444,-14.79532],[128.63618,-14.78849],[128.62082,-14.78745],[128.61208,-14.79013],[128.62034,-14.79203],[128.62788,-14.79894],[128.62345,-14.80391],[128.61974,-14.80074],[128.61568,-14.79971],[128.61358,-14.80185],[128.61381,-14.8049],[128.61137,-14.80411],[128.60987,-14.80105],[128.60957,-14.80306],[128.60347,-14.80477],[128.60046,-14.80058],[128.59674,-14.80422],[128.59697,-14.80261],[128.59511,-14.80238],[128.59685,-14.80114],[128.59604,-14.80068],[128.5929,-14.80181],[128.58929,-14.80722],[128.58708,-14.80767],[128.58953,-14.8053],[128.5893,-14.80259],[128.58593,-14.80179],[128.58884,-14.80078],[128.5885,-14.79739],[128.58513,-14.79535],[128.58272,-14.79711],[128.57794,-14.79318],[128.57549,-14.79578],[128.57573,-14.79227],[128.57841,-14.79059],[128.57469,-14.78798],[128.57447,-14.78606],[128.56982,-14.78684],[128.57179,-14.7891],[128.57027,-14.79113],[128.56888,-14.78955],[128.56878,-14.78525],[128.56576,-14.78242],[128.56344,-14.78106],[128.55833,-14.78127],[128.55706,-14.77969],[128.55415,-14.78081],[128.55392,-14.77787],[128.55045,-14.77278],[128.54727,-14.77257],[128.55139,-14.76837],[128.55046,-14.76792],[128.54267,-14.7705],[128.52848,-14.77995],[128.52859,-14.78165],[128.53661,-14.78433],[128.5359,-14.78698],[128.53218,-14.78584],[128.52532,-14.78955],[128.51639,-14.78252],[128.50664,-14.78103],[128.48513,-14.79137],[128.48176,-14.79012],[128.48107,-14.78752],[128.47527,-14.78614],[128.47316,-14.78987],[128.46712,-14.79143],[128.46594,-14.79968],[128.4492,-14.80404],[128.4364,-14.81214],[128.43664,-14.81109],[128.43141,-14.81009],[128.43049,-14.80354],[128.42608,-14.80296],[128.41936,-14.79785],[128.41855,-14.79525],[128.41739,-14.79739],[128.4075,-14.80256],[128.40145,-14.80458],[128.39343,-14.80444],[128.38784,-14.81098],[128.37992,-14.81627],[128.38142,-14.81898],[128.38095,-14.82339],[128.38385,-14.82475],[128.38897,-14.82172],[128.39547,-14.82174],[128.41693,-14.83333],[128.42748,-14.84105],[128.43907,-14.85193],[128.44219,-14.85917],[128.45956,-14.88217],[128.46698,-14.88908],[128.46766,-14.89451],[128.47714,-14.9116],[128.47002,-14.92593],[128.47035,-14.93125],[128.47486,-14.94098],[128.48702,-14.95695],[128.50779,-14.97373],[128.51773,-14.99794],[128.51737,-15.00366],[128.51877,-15.00479],[128.51516,-15.00581],[128.51446,-15.0092],[128.51632,-15.01293],[128.51899,-15.01474],[128.51702,-15.01711],[128.51143,-15.0136],[128.50899,-15.00682],[128.51037,-14.99874],[128.50333,-14.99124],[128.50173,-14.97846],[128.49825,-14.9745],[128.4835,-14.9651],[128.47389,-14.95669],[128.44319,-14.9167],[128.42167,-14.88172],[128.41343,-14.87762],[128.40367,-14.87726],[128.40239,-14.87895],[128.40876,-14.88563],[128.41777,-14.90431],[128.41554,-14.91425],[128.4182,-14.91833],[128.41749,-14.92126],[128.41922,-14.92771],[128.43285,-14.95634],[128.43803,-14.97444],[128.44963,-14.986],[128.45588,-14.99563],[128.44862,-15.00204],[128.42999,-14.98052],[128.42456,-14.97033],[128.42135,-14.95507],[128.41892,-14.95031],[128.41428,-14.94657],[128.40859,-14.94497],[128.40105,-14.9385],[128.3955,-14.92978],[128.38785,-14.92174],[128.37977,-14.90521],[128.36866,-14.88992],[128.36216,-14.88515],[128.35821,-14.88502],[128.35484,-14.88739],[128.35423,-14.89518],[128.355,-14.90818],[128.35628,-14.90807],[128.35441,-14.91247],[128.35512,-14.94491],[128.35314,-14.94558],[128.35126,-14.95112],[128.34878,-14.96286],[128.34911,-14.96795],[128.35397,-14.97508],[128.35897,-14.97713],[128.36731,-14.98473],[128.3875,-14.99779],[128.40399,-15.02031],[128.40486,-15.02337],[128.40702,-15.0247],[128.41038,-15.03206],[128.40751,-15.03398],[128.38696,-15.00776],[128.37861,-15.00056],[128.37309,-14.99684],[128.35811,-14.99126],[128.35949,-14.99533],[128.35926,-15.01293],[128.36412,-15.04085],[128.37084,-15.05894],[128.37398,-15.06143],[128.36186,-15.06659],[128.36258,-15.06447],[128.35759,-15.05248],[128.35725,-15.04525],[128.35028,-15.03496],[128.34263,-15.00714],[128.32805,-14.97409],[128.32473,-14.95882],[128.32525,-14.94323],[128.32307,-14.93316],[128.31949,-14.9284],[128.31392,-14.92567],[128.29586,-14.93736],[128.2925,-14.96674],[128.29527,-14.97194],[128.30674,-14.98453],[128.31472,-14.99586],[128.3312,-15.03539],[128.32677,-15.039],[128.32468,-15.03606],[128.32294,-15.03097],[128.31992,-15.02825],[128.31645,-15.01514],[128.30729,-14.99459],[128.28922,-14.97407],[128.28748,-14.97372],[128.28514,-14.97654],[128.27944,-14.97822],[128.27326,-14.98305],[128.26547,-14.98257],[128.25464,-14.98931],[128.25173,-14.9936],[128.25079,-14.99145],[128.24766,-14.99369],[128.24137,-14.99457],[128.2319,-14.99941],[128.22818,-15.00314],[128.22093,-15.02415],[128.19908,-15.07079],[128.19404,-15.0935],[128.19426,-15.09689],[128.19774,-15.10187],[128.21006,-15.1124],[128.21654,-15.12123],[128.22108,-15.13084],[128.22025,-15.13852],[128.22405,-15.16543],[128.22309,-15.18091],[128.21992,-15.19515],[128.22025,-15.20374],[128.2396,-15.24751],[128.24322,-15.25192],[128.27102,-15.27129],[128.27812,-15.27854],[128.2902,-15.29585],[128.30077,-15.31971],[128.29851,-15.34762],[128.29231,-15.36366],[128.29528,-15.4013],[128.29963,-15.40119],[128.2961,-15.40345],[128.29758,-15.40696],[128.30494,-15.41013],[128.30727,-15.41398],[128.3047,-15.41894],[128.3,-15.43951],[128.29811,-15.45454],[128.29915,-15.46019],[128.30125,-15.46426],[128.31115,-15.47083],[128.31568,-15.47931],[128.32162,-15.48135],[128.3243,-15.48384],[128.32814,-15.4904],[128.32964,-15.50103],[128.33326,-15.50216],[128.33856,-15.49802],[128.34165,-15.50127],[128.33447,-15.50714],[128.33156,-15.50725],[128.32738,-15.5051],[128.32067,-15.49582],[128.3215,-15.4878],[128.31381,-15.48349],[128.30455,-15.4735],[128.30301,-15.47498],[128.29228,-15.45984],[128.29043,-15.44865],[128.2964,-15.43532],[128.29629,-15.43103],[128.29466,-15.42628],[128.28931,-15.41949],[128.28132,-15.39055],[128.28076,-15.37302],[128.27787,-15.36115],[128.28162,-15.3459],[128.27755,-15.33821],[128.26336,-15.32598],[128.26046,-15.31954],[128.25604,-15.31636],[128.25604,-15.31309],[128.2585,-15.3088],[128.25803,-15.30631],[128.23838,-15.2891],[128.2328,-15.27993],[128.21152,-15.26057],[128.18818,-15.22877],[128.16365,-15.20838],[128.14411,-15.19986],[128.13365,-15.19125],[128.12831,-15.18367],[128.12201,-15.1875],[128.11851,-15.19303],[128.11696,-15.20659],[128.11009,-15.20962],[128.11194,-15.21302],[128.11239,-15.22082],[128.11004,-15.22737],[128.11249,-15.22794],[128.11515,-15.23461],[128.11165,-15.23924],[128.10069,-15.24305],[128.10137,-15.24893],[128.10021,-15.25017],[128.10951,-15.25358],[128.11614,-15.26004],[128.1253,-15.27871],[128.12818,-15.29171],[128.12809,-15.33002],[128.12598,-15.33296],[128.12561,-15.34177],[128.12314,-15.35149],[128.12472,-15.37534],[128.12047,-15.39725],[128.11868,-15.41556],[128.11434,-15.42798],[128.10146,-15.44874],[128.09875,-15.46252],[128.09641,-15.46715],[128.08694,-15.47696],[128.07596,-15.48405],[128.06813,-15.49206],[128.06042,-15.4969],[128.05377,-15.4988],[128.03185,-15.49897],[128.01843,-15.50176],[128.00802,-15.51405],[128.00148,-15.51482],[127.99879,-15.51809],[127.99518,-15.5156],[127.99554,-15.51413],[128.0085,-15.50682],[128.00816,-15.5049],[128.01762,-15.49803],[128.0195,-15.49431],[128.02241,-15.49522],[128.03128,-15.49321],[128.03445,-15.48812],[128.03736,-15.48622],[128.04868,-15.48274],[128.05242,-15.47948],[128.07737,-15.43388],[128.08937,-15.39029],[128.08964,-15.37706],[128.08664,-15.36621],[128.06714,-15.33531],[128.06461,-15.32377],[128.06604,-15.31225],[128.05545,-15.30725],[128.04721,-15.29627],[128.04037,-15.29276],[128.04237,-15.28755],[128.04478,-15.28824],[128.0499,-15.2913],[128.05943,-15.30116],[128.06595,-15.30117],[128.07283,-15.29859],[128.08241,-15.28573],[128.09279,-15.28101],[128.08885,-15.27286],[128.09026,-15.2671],[128.08735,-15.26642],[128.08422,-15.26336],[128.08193,-15.25849],[128.08343,-15.25319],[128.08915,-15.24913],[128.08729,-15.24528],[128.08287,-15.2429],[128.08358,-15.24121],[128.08684,-15.24054],[128.08778,-15.2376],[128.08025,-15.23303],[128.08327,-15.23435],[128.08083,-15.22786],[128.09168,-15.21421],[128.09333,-15.20597],[128.09162,-15.18958],[128.09747,-15.1784],[128.09889,-15.16733],[128.09762,-15.16484],[128.08495,-15.1552],[128.08356,-15.15238],[128.08092,-15.14016],[128.0827,-15.12762],[128.07783,-15.11801],[128.07496,-15.10398],[128.07871,-15.09032],[128.08747,-15.07994],[128.09178,-15.07758],[128.09214,-15.07091],[128.09471,-15.06786],[128.1031,-15.06449],[128.10264,-15.06201],[128.09915,-15.05917],[128.09917,-15.05409],[128.09441,-15.04944],[128.09442,-15.0447],[128.10142,-15.03725],[128.09782,-15.03171],[128.10008,-15.01114],[128.10626,-15.00449],[128.10742,-14.99855],[128.11034,-14.99404],[128.11337,-14.99326],[128.11276,-14.97326],[128.11431,-14.96501],[128.11257,-14.96399],[128.11259,-14.95834],[128.10866,-14.95346],[128.10788,-14.9469],[128.1114,-14.9381],[128.11083,-14.93629],[128.11775,-14.92231],[128.12376,-14.90199],[128.1391,-14.87076],[128.13819,-14.86951],[128.12296,-14.87103],[128.11852,-14.86133],[128.12639,-14.85635],[128.13531,-14.85338],[128.14375,-14.84546],[128.1512,-14.84187],[128.15771,-14.84054],[128.17037,-14.84127],[128.17736,-14.83858],[128.1892,-14.83739],[128.19245,-14.83864],[128.19199,-14.83717],[128.19491,-14.83447],[128.19353,-14.83141],[128.19401,-14.82803],[128.18881,-14.82201],[128.18893,-14.82021],[128.18535,-14.81522],[128.18141,-14.8117],[128.17522,-14.79179],[128.1769,-14.77755],[128.18349,-14.756],[128.1827,-14.7508],[128.18389,-14.74425],[128.19366,-14.73829],[128.20064,-14.73753],[128.21301,-14.75023],[128.21497,-14.75397],[128.21845,-14.75455],[128.22183,-14.75219],[128.22184,-14.74857],[128.22499,-14.74666],[128.22512,-14.74026],[128.22198,-14.7427],[128.2166,-14.74066],[128.21424,-14.73317],[128.21543,-14.72617],[128.22112,-14.72563],[128.22172,-14.72122],[128.21918,-14.71567],[128.21559,-14.71397],[128.2134,-14.71045],[128.20585,-14.70918],[128.20122,-14.70645],[128.19727,-14.70655],[128.19097,-14.71353],[128.18423,-14.71464],[128.16115,-14.708],[128.15514,-14.70277],[128.15296,-14.697],[128.15481,-14.69701],[128.15575,-14.69532],[128.15482,-14.69441],[128.15075,-14.69586],[128.15065,-14.69281],[128.15403,-14.69056],[128.15022,-14.68557],[128.14744,-14.68375],[128.14198,-14.6843],[128.13756,-14.68575],[128.13464,-14.68946],[128.13128,-14.68708],[128.13469,-14.67895],[128.13725,-14.67761],[128.13092,-14.66413],[128.12142,-14.65957],[128.11887,-14.65696],[128.1162,-14.65887],[128.11365,-14.65694],[128.11097,-14.65817],[128.10785,-14.65522],[128.10193,-14.65633],[128.10346,-14.65091],[128.09743,-14.64896],[128.0868,-14.63897],[128.08505,-14.64077],[128.08688,-14.6462],[128.08595,-14.64688],[128.07315,-14.65179],[128.0713,-14.64975],[128.06939,-14.65022],[128.06714,-14.64702],[128.06658,-14.6417],[128.06836,-14.63473],[128.07334,-14.63416],[128.07336,-14.62998],[128.06934,-14.6207],[128.06077,-14.61625],[128.05339,-14.6048],[128.04324,-14.59312],[128.03365,-14.58358],[128.03167,-14.58481],[128.02786,-14.57926],[128.02056,-14.57696],[128.01722,-14.5722],[128.01526,-14.57253],[128.01572,-14.57061],[128.0141,-14.56981],[128.01279,-14.57385],[128.0105,-14.57081],[128.00563,-14.56921],[128.00227,-14.56897],[128.00052,-14.57054],[127.9965,-14.56261],[127.99709,-14.5599],[127.99305,-14.55615],[127.99107,-14.55671],[127.98756,-14.56246],[127.9894,-14.56732],[127.98971,-14.57433],[127.98481,-14.57962],[127.97819,-14.58049],[127.97167,-14.58645],[127.96795,-14.587],[127.96272,-14.59036],[127.95265,-14.58602],[127.95048,-14.57798],[127.95422,-14.57382],[127.95354,-14.57054],[127.95065,-14.56736],[127.9481,-14.56678],[127.94067,-14.56765],[127.93433,-14.55903],[127.93017,-14.55698],[127.92738,-14.55798],[127.92913,-14.55618],[127.93179,-14.55676],[127.93545,-14.54446],[127.94024,-14.54336],[127.93642,-14.53508],[127.93771,-14.53339],[127.93995,-14.53401],[127.94039,-14.53183],[127.93889,-14.53012],[127.94133,-14.52934],[127.94421,-14.53196],[127.9448,-14.52812],[127.94769,-14.52972],[127.95257,-14.5294],[127.94935,-14.52419],[127.94611,-14.52214],[127.94344,-14.52224],[127.92927,-14.50284],[127.92337,-14.50134],[127.92276,-14.5071],[127.92078,-14.50822],[127.91767,-14.50346],[127.9179,-14.50572],[127.91626,-14.50741],[127.90573,-14.50204],[127.90211,-14.50505],[127.89783,-14.50117],[127.89786,-14.4994],[127.88724,-14.48997],[127.88587,-14.4851],[127.88483,-14.48408],[127.88448,-14.48532],[127.88228,-14.48474],[127.88438,-14.48283],[127.88417,-14.47696],[127.88026,-14.47083],[127.87443,-14.47634],[127.86759,-14.47698],[127.86363,-14.48046],[127.86268,-14.48317],[127.86013,-14.48305],[127.85466,-14.48652],[127.85015,-14.48446],[127.85006,-14.48073],[127.84566,-14.47766],[127.84095,-14.46995],[127.83685,-14.45546],[127.83535,-14.45523],[127.83417,-14.45782],[127.83467,-14.45194],[127.82991,-14.45361],[127.82447,-14.45031],[127.82415,-14.44646],[127.81977,-14.44056],[127.8212,-14.43379],[127.82704,-14.42682],[127.82707,-14.4206],[127.82535,-14.41641],[127.82758,-14.41213],[127.82844,-14.40253],[127.82326,-14.39685],[127.81932,-14.39581],[127.81455,-14.39827],[127.81233,-14.4021],[127.81048,-14.40209],[127.81246,-14.39984],[127.80694,-14.391],[127.80653,-14.38252],[127.80397,-14.38307],[127.80245,-14.38622],[127.79885,-14.38767],[127.79976,-14.38926],[127.79709,-14.39094],[127.79364,-14.38606],[127.78992,-14.38954],[127.78945,-14.38807],[127.78829,-14.38841],[127.78648,-14.38094],[127.78461,-14.38262],[127.78277,-14.38205],[127.78753,-14.37936],[127.78571,-14.37314],[127.78689,-14.36885],[127.78301,-14.35832],[127.78418,-14.35663],[127.78326,-14.35549],[127.78651,-14.35438],[127.78213,-14.35052],[127.78096,-14.3522],[127.77807,-14.35151],[127.77016,-14.35519],[127.76548,-14.36409],[127.76071,-14.36712],[127.75886,-14.36446],[127.76147,-14.35809],[127.76459,-14.35629],[127.76589,-14.35212],[127.7695,-14.34875],[127.77608,-14.3459],[127.77502,-14.348],[127.77595,-14.34846],[127.78013,-14.3444],[127.7815,-14.33932],[127.77968,-14.33321],[127.77449,-14.32844],[127.76609,-14.31698],[127.76278,-14.30905],[127.76269,-14.30317],[127.75808,-14.30009],[127.74952,-14.29722],[127.73763,-14.28777],[127.73825,-14.28133],[127.73535,-14.28199],[127.73328,-14.27983],[127.73211,-14.28186],[127.72739,-14.27652],[127.72285,-14.27932],[127.71936,-14.27663],[127.72013,-14.26846],[127.71681,-14.26177],[127.71129,-14.25609],[127.71061,-14.25269],[127.70239,-14.25095],[127.7018,-14.25287],[127.69939,-14.24992],[127.69917,-14.2472],[127.69442,-14.24819],[127.68969,-14.24432],[127.68321,-14.24338],[127.68288,-14.2401],[127.68464,-14.23661],[127.6846,-14.24271],[127.68993,-14.24365],[127.69121,-14.24275],[127.6922,-14.23191],[127.68921,-14.2285],[127.68763,-14.22081],[127.68509,-14.21853],[127.68374,-14.21231],[127.68212,-14.21218],[127.67804,-14.21702],[127.67491,-14.21745],[127.67179,-14.22155],[127.67388,-14.21552],[127.67726,-14.21159],[127.6696,-14.2138],[127.66534,-14.20971],[127.6691,-14.20001],[127.66796,-14.19752],[127.6704,-14.19595],[127.66986,-14.19053],[127.66294,-14.18506],[127.65947,-14.1838],[127.65599,-14.18468],[127.65254,-14.18149],[127.64871,-14.18215],[127.64676,-14.17909],[127.64224,-14.17974],[127.64041,-14.1769],[127.63424,-14.17942],[127.63658,-14.17676],[127.63972,-14.17599],[127.64399,-14.17783],[127.64819,-14.17367],[127.64844,-14.1696],[127.63341,-14.16522],[127.63112,-14.16193],[127.62822,-14.16293],[127.62627,-14.15998],[127.62464,-14.16053],[127.62501,-14.15771],[127.61871,-14.15469],[127.62168,-14.15317],[127.61825,-14.14535],[127.61594,-14.14364],[127.60564,-14.14335],[127.60378,-14.14402],[127.60481,-14.14583],[127.5974,-14.14601],[127.59823,-14.14308],[127.59662,-14.14205],[127.59221,-14.14236],[127.58914,-14.14424],[127.59014,-14.14009],[127.58703,-14.13871],[127.58716,-14.13623],[127.58589,-14.13543],[127.58011,-14.13437],[127.58208,-14.13405],[127.58255,-14.13179],[127.57933,-14.12838],[127.57436,-14.12812],[127.57276,-14.12506],[127.57066,-14.12686],[127.56731,-14.12525],[127.56591,-14.12284],[127.56793,-14.11904],[127.56586,-14.11632],[127.56681,-14.11338],[127.56139,-14.11052],[127.55679,-14.10462],[127.55529,-14.10484],[127.55515,-14.10879],[127.54958,-14.11045],[127.54522,-14.10443],[127.54571,-14.09991],[127.54351,-14.09979],[127.54126,-14.10746],[127.53743,-14.10947],[127.53392,-14.11385],[127.52393,-14.11977],[127.52232,-14.11807],[127.5235,-14.11491],[127.52223,-14.11321],[127.52863,-14.10884],[127.53564,-14.09906],[127.5366,-14.09511],[127.53372,-14.09272],[127.5372,-14.09105],[127.53758,-14.0863],[127.53354,-14.08492],[127.53156,-14.0866],[127.52786,-14.08499],[127.52413,-14.08904],[127.52252,-14.08778],[127.52288,-14.08587],[127.52103,-14.0854],[127.51766,-14.08764],[127.5167,-14.09283],[127.51484,-14.09417],[127.51403,-14.09349],[127.51578,-14.09124],[127.51209,-14.08896],[127.51021,-14.09335],[127.50851,-14.08781],[127.50981,-14.08397],[127.51771,-14.08063],[127.51726,-14.07724],[127.52039,-14.07715],[127.52297,-14.07242],[127.5254,-14.07266],[127.52368,-14.06926],[127.51986,-14.06991],[127.51444,-14.06626],[127.51386,-14.06773],[127.51603,-14.07147],[127.51521,-14.07305],[127.51267,-14.07247],[127.5093,-14.07425],[127.50664,-14.07288],[127.50463,-14.07465],[127.50317,-14.07274],[127.50377,-14.07015],[127.49952,-14.06945],[127.49341,-14.06071],[127.48884,-14.0682],[127.488,-14.07952],[127.48535,-14.08056],[127.48292,-14.08506],[127.48107,-14.08138],[127.47793,-14.07982],[127.47743,-14.07508],[127.47893,-14.07462],[127.47756,-14.0623],[127.47466,-14.06233],[127.47329,-14.06426],[127.47074,-14.06383],[127.46876,-14.06192],[127.46756,-14.05673],[127.45916,-14.06279],[127.45695,-14.06269],[127.45252,-14.05877],[127.44913,-14.05405],[127.45026,-14.05042],[127.45279,-14.04893],[127.45189,-14.04705],[127.45586,-14.04201],[127.45504,-14.04077],[127.45928,-14.03509],[127.45448,-14.02823],[127.44997,-14.02826],[127.44855,-14.02477],[127.45473,-14.01669],[127.4605,-14.01405],[127.46532,-14.00926],[127.46668,-14.00518],[127.46596,-14.00157],[127.46722,-14.00088],[127.46494,-13.99487],[127.4597,-13.98846],[127.45427,-13.99006],[127.45702,-13.98553],[127.45549,-13.98023],[127.45132,-13.97855],[127.45121,-13.98115],[127.44855,-13.9806],[127.44792,-13.98247],[127.44554,-13.98005],[127.43964,-13.98018],[127.44414,-13.97813],[127.44446,-13.97248],[127.43925,-13.97205],[127.4317,-13.96677],[127.42499,-13.96669],[127.42637,-13.96601],[127.42624,-13.9616],[127.42911,-13.95741],[127.42678,-13.9547],[127.42863,-13.95402],[127.42803,-13.9504],[127.43057,-13.94757],[127.43008,-13.94294],[127.42579,-13.94183],[127.42325,-13.94285],[127.42213,-13.94975],[127.41913,-13.95169],[127.4175,-13.95034],[127.4152,-13.95317],[127.41293,-13.962],[127.41077,-13.96138],[127.40757,-13.95569],[127.40767,-13.95208],[127.40234,-13.94927],[127.39558,-13.93947],[127.39395,-13.93869],[127.39199,-13.94017],[127.38492,-13.93635],[127.37798,-13.93819],[127.37867,-13.93604],[127.37412,-13.93914],[127.373,-13.93743],[127.37864,-13.93118],[127.37747,-13.92802],[127.37562,-13.92735],[127.37378,-13.92917],[127.37062,-13.92308],[127.36564,-13.92186],[127.3618,-13.91781],[127.36059,-13.91891],[127.35914,-13.91624],[127.3611,-13.91577],[127.36156,-13.91396],[127.3598,-13.90866],[127.35435,-13.90597],[127.34741,-13.90657],[127.34403,-13.91086],[127.34117,-13.90953],[127.33795,-13.91395],[127.33529,-13.91351],[127.32894,-13.91625],[127.32407,-13.91412],[127.32187,-13.91469],[127.32617,-13.91908],[127.32587,-13.92891],[127.32959,-13.93365],[127.33098,-13.9333],[127.33319,-13.93623],[127.33863,-13.93643],[127.34529,-13.93954],[127.34815,-13.94826],[127.34577,-13.95494],[127.34313,-13.95913],[127.34093,-13.9588],[127.33442,-13.96324],[127.32716,-13.95987],[127.31814,-13.96115],[127.30561,-13.95385],[127.30222,-13.94709],[127.30289,-13.94087],[127.30121,-13.9438],[127.29666,-13.9444],[127.29212,-13.93877],[127.29071,-13.9338],[127.28272,-13.93304],[127.2758,-13.93796],[127.27463,-13.93533],[127.28132,-13.92841],[127.28278,-13.91925],[127.28057,-13.91644],[127.27292,-13.9133],[127.26559,-13.90192],[127.26373,-13.90147],[127.25785,-13.90489],[127.24906,-13.90684],[127.24605,-13.90538],[127.24511,-13.90313],[127.24672,-13.90041],[127.24152,-13.90167],[127.23518,-13.9078],[127.23658,-13.91005],[127.23292,-13.92001],[127.23061,-13.92205],[127.23009,-13.93617],[127.2264,-13.93901],[127.22664,-13.94251],[127.21774,-13.94548],[127.21472,-13.94052],[127.21045,-13.94461],[127.21173,-13.94596],[127.20908,-13.94902],[127.20703,-13.9566],[127.20902,-13.9645],[127.21431,-13.96648],[127.20904,-13.96981],[127.20941,-13.97225],[127.20776,-13.97358],[127.20697,-13.97174],[127.20465,-13.97197],[127.20777,-13.9697],[127.20845,-13.96721],[127.20625,-13.96699],[127.20566,-13.96349],[127.20252,-13.9591],[127.20215,-13.95243],[127.20052,-13.95108],[127.20086,-13.94837],[127.19876,-13.94476],[127.19833,-13.95211],[127.19523,-13.95946],[127.19141,-13.95959],[127.1899,-13.95722],[127.19105,-13.95507],[127.19046,-13.95089],[127.18624,-13.93882],[127.1904,-13.93575],[127.19153,-13.9284],[127.19555,-13.92229],[127.19416,-13.92094],[127.19297,-13.91258],[127.18973,-13.91135],[127.19074,-13.904],[127.18566,-13.90763],[127.18127,-13.9072],[127.17838,-13.9098],[127.16982,-13.91063],[127.16626,-13.91787],[127.16766,-13.91899],[127.16974,-13.91808],[127.17402,-13.91897],[127.17727,-13.92077],[127.17879,-13.92585],[127.17672,-13.92845],[127.17127,-13.92712],[127.15926,-13.93179],[127.15765,-13.93372],[127.15581,-13.93847],[127.15675,-13.94174],[127.15491,-13.94593],[127.15516,-13.94966],[127.15309,-13.95328],[127.14824,-13.95612],[127.15314,-13.96706],[127.1506,-13.96922],[127.14504,-13.96686],[127.1439,-13.97252],[127.14717,-13.98087],[127.14358,-13.97952],[127.14289,-13.98224],[127.13825,-13.97841],[127.13731,-13.97423],[127.1278,-13.96986],[127.12721,-13.96568],[127.12307,-13.97224],[127.11751,-13.97057],[127.11378,-13.96278],[127.11943,-13.95632],[127.11838,-13.95475],[127.12184,-13.95202],[127.12275,-13.94818],[127.12148,-13.94694],[127.11615,-13.94718],[127.11395,-13.94538],[127.10932,-13.9463],[127.1077,-13.94461],[127.11148,-13.93443],[127.10811,-13.92823],[127.10462,-13.9253],[127.09886,-13.93074],[127.09387,-13.92737],[127.09328,-13.92477],[127.09791,-13.92295],[127.09859,-13.92001],[127.10101,-13.91808],[127.10077,-13.91401],[127.10389,-13.91491],[127.10469,-13.91197],[127.10791,-13.91533],[127.10933,-13.91387],[127.10653,-13.90857],[127.10086,-13.90588],[127.09865,-13.90329],[127.09979,-13.89944],[127.10395,-13.89773],[127.10532,-13.89332],[127.10566,-13.89005],[127.10286,-13.88429],[127.09697,-13.88668],[127.08992,-13.88727],[127.08542,-13.89203],[127.06936,-13.89615],[127.06614,-13.90418],[127.06142,-13.90871],[127.06059,-13.90791],[127.06404,-13.89853],[127.06624,-13.89785],[127.06449,-13.89458],[127.06494,-13.89107],[127.07003,-13.88914],[127.07291,-13.88597],[127.0715,-13.87897],[127.07229,-13.87377],[127.07667,-13.8698],[127.07354,-13.86845],[127.06788,-13.8705],[127.0688,-13.86801],[127.06544,-13.86735],[127.06509,-13.86418],[127.0675,-13.86079],[127.07075,-13.86236],[127.0756,-13.86133],[127.08113,-13.85453],[127.08019,-13.84877],[127.08143,-13.83996],[127.07946,-13.83827],[127.07599,-13.8385],[127.07401,-13.8358],[127.06858,-13.83593],[127.05969,-13.84047],[127.05752,-13.84782],[127.04897,-13.85113],[127.04433,-13.84888],[127.04236,-13.84527],[127.04246,-13.84177],[127.04523,-13.83837],[127.04579,-13.8334],[127.04972,-13.83214],[127.0519,-13.82841],[127.05583,-13.82817],[127.05223,-13.82389],[127.05141,-13.82039],[127.05256,-13.81666],[127.04886,-13.81655],[127.05091,-13.80807],[127.04709,-13.80571],[127.04535,-13.8064],[127.04664,-13.81012],[127.04445,-13.81295],[127.03948,-13.81387],[127.03962,-13.82065],[127.0379,-13.82472],[127.03952,-13.82698],[127.03665,-13.83207],[127.03456,-13.83174],[127.03224,-13.82734],[127.02958,-13.82847],[127.02599,-13.82702],[127.03129,-13.81887],[127.03047,-13.81695],[127.02863,-13.81978],[127.02481,-13.81979],[127.02401,-13.82171],[127.0165,-13.82456],[127.01106,-13.82265],[127.00608,-13.82377],[127.01081,-13.81531],[127.01785,-13.81269],[127.01657,-13.811],[127.01771,-13.80354],[127.02304,-13.80691],[127.02812,-13.80599],[127.03125,-13.80723],[127.03078,-13.80395],[127.02892,-13.80328],[127.02729,-13.79922],[127.01838,-13.79744],[127.0194,-13.79133],[127.01349,-13.78536],[127.01142,-13.7883],[127.01351,-13.7918],[127.01236,-13.79576],[127.00728,-13.79566],[127.0075,-13.79272],[127.00461,-13.79442],[127.00207,-13.79398],[127.00598,-13.78798],[127.0017,-13.78709],[127.00238,-13.78313],[127.00007,-13.78303],[127.00076,-13.7811],[126.9989,-13.77975],[126.99843,-13.77659],[127.00223,-13.7724],[126.99829,-13.76868],[126.99622,-13.77106],[126.9967,-13.77795],[126.99429,-13.78236],[126.99628,-13.79083],[126.99524,-13.79151],[126.99141,-13.78859],[126.98575,-13.78747],[126.9891,-13.78645],[126.9862,-13.7834],[126.98453,-13.76646],[126.98221,-13.76658],[126.97792,-13.7614],[126.97872,-13.75913],[126.98415,-13.75675],[126.98403,-13.75415],[126.9764,-13.75417],[126.97501,-13.75564],[126.97304,-13.75316],[126.96957,-13.75249],[126.9669,-13.74764],[126.96424,-13.7472],[126.9633,-13.74166],[126.95752,-13.74168],[126.95637,-13.74326],[126.95718,-13.74541],[126.9543,-13.74756],[126.9477,-13.746],[126.94457,-13.74296],[126.9366,-13.74298],[126.93197,-13.74141],[126.92758,-13.7439],[126.91984,-13.74505],[126.9144,-13.74122],[126.91406,-13.74427],[126.91615,-13.74755],[126.92112,-13.749],[126.92183,-13.75397],[126.92508,-13.75724],[126.93167,-13.75722],[126.93341,-13.76016],[126.93733,-13.75789],[126.94441,-13.76758],[126.94417,-13.7689],[126.9421,-13.76669],[126.9324,-13.76999],[126.92674,-13.77497],[126.92269,-13.77261],[126.92178,-13.77611],[126.91981,-13.77499],[126.92176,-13.7716],[126.92048,-13.76832],[126.91354,-13.7671],[126.90939,-13.76846],[126.90533,-13.76553],[126.90302,-13.76678],[126.89759,-13.76634],[126.89654,-13.76477],[126.8978,-13.75866],[126.89514,-13.75822],[126.89108,-13.75472],[126.88623,-13.7544],[126.88101,-13.74865],[126.87512,-13.74923],[126.8705,-13.75138],[126.87017,-13.75986],[126.86844,-13.76133],[126.86475,-13.7619],[126.86127,-13.75739],[126.85895,-13.75672],[126.85133,-13.7582],[126.84914,-13.76081],[126.85076,-13.76363],[126.85008,-13.76747],[126.85216,-13.77018],[126.8516,-13.77447],[126.86006,-13.78564],[126.87223,-13.79465],[126.87295,-13.79899],[126.87016,-13.80052],[126.86646,-13.80019],[126.86577,-13.80246],[126.85674,-13.79649],[126.852,-13.79616],[126.84738,-13.79775],[126.843,-13.80397],[126.84233,-13.81697],[126.83771,-13.81596],[126.83203,-13.80931],[126.82624,-13.80853],[126.83074,-13.80208],[126.83046,-13.79709],[126.8326,-13.79543],[126.8318,-13.78653],[126.83001,-13.78332],[126.82428,-13.78234],[126.82476,-13.78153],[126.821,-13.77928],[126.82127,-13.77551],[126.81907,-13.76861],[126.81674,-13.76819],[126.80918,-13.77157],[126.80728,-13.77456],[126.80229,-13.77708],[126.7937,-13.77572],[126.79123,-13.78027],[126.79273,-13.7849],[126.78849,-13.79085],[126.78836,-13.78861],[126.78736,-13.78962],[126.78507,-13.78524],[126.78084,-13.78159],[126.77771,-13.78101],[126.77484,-13.78478],[126.76867,-13.78622],[126.76844,-13.78825],[126.76321,-13.79099],[126.76791,-13.78808],[126.76743,-13.78619],[126.7662,-13.787],[126.76446,-13.7858],[126.7583,-13.78637],[126.75768,-13.78593],[126.75894,-13.78608],[126.75838,-13.7851],[126.75901,-13.78478],[126.76235,-13.78551],[126.7642,-13.78367],[126.76104,-13.78328],[126.76367,-13.7835],[126.76471,-13.78087],[126.76745,-13.78057],[126.76652,-13.77483],[126.76252,-13.78169],[126.75531,-13.78593],[126.74478,-13.78803],[126.74316,-13.79228],[126.75027,-13.80246],[126.75756,-13.80448],[126.76046,-13.8082],[126.76139,-13.81475],[126.75759,-13.82007],[126.75841,-13.82605],[126.76329,-13.83599],[126.76734,-13.84061],[126.76782,-13.84976],[126.77282,-13.86071],[126.77688,-13.86533],[126.78035,-13.86691],[126.78429,-13.87266],[126.78915,-13.87435],[126.79055,-13.8766],[126.79447,-13.87298],[126.79436,-13.87513],[126.79136,-13.87796],[126.79634,-13.88258],[126.79958,-13.88302],[126.79785,-13.88371],[126.79785,-13.88608],[126.80157,-13.89228],[126.80193,-13.89974],[126.80529,-13.9029],[126.80496,-13.91103],[126.80751,-13.91182],[126.80949,-13.91678],[126.80834,-13.92209],[126.80488,-13.92775],[126.80558,-13.93046],[126.80755,-13.93136],[126.81009,-13.92717],[126.81876,-13.92738],[126.82084,-13.92478],[126.82455,-13.92952],[126.83415,-13.92724],[126.83947,-13.92768],[126.84098,-13.93016],[126.83937,-13.93435],[126.84007,-13.93751],[126.84285,-13.93818],[126.84562,-13.93614],[126.85743,-13.94154],[126.85269,-13.942],[126.85281,-13.94302],[126.86277,-13.94763],[126.86251,-13.94643],[126.86508,-13.94557],[126.86393,-13.94842],[126.87691,-13.95652],[126.87795,-13.95957],[126.88236,-13.96374],[126.88642,-13.96576],[126.89141,-13.97174],[126.89558,-13.97331],[126.9052,-13.98199],[126.90538,-13.98522],[126.89645,-13.99199],[126.88628,-13.99484],[126.88215,-13.99856],[126.88337,-13.99593],[126.87989,-13.99334],[126.88091,-13.98555],[126.8787,-13.98205],[126.8743,-13.98138],[126.87118,-13.98206],[126.86979,-13.98049],[126.86909,-13.97789],[126.86781,-13.97642],[126.85577,-13.97159],[126.84513,-13.97297],[126.8383,-13.97106],[126.83552,-13.97186],[126.82778,-13.97888],[126.81738,-13.98206],[126.81808,-13.98398],[126.81184,-13.98806],[126.81392,-13.99088],[126.81301,-13.99382],[126.80872,-13.99326],[126.81139,-13.9954],[126.81001,-13.99789],[126.81012,-13.99574],[126.80745,-13.99281],[126.80895,-13.9919],[126.81185,-13.9928],[126.81288,-13.99111],[126.8123,-13.98975],[126.80999,-13.98998],[126.81032,-13.98411],[126.80744,-13.98841],[126.80443,-13.98875],[126.80432,-13.99101],[126.80132,-13.9926],[126.7997,-13.99305],[126.79668,-13.98899],[126.79518,-13.98911],[126.79627,-13.9918],[126.79344,-13.98933],[126.7961,-13.98775],[126.80143,-13.99124],[126.80212,-13.98932],[126.79899,-13.98763],[126.79887,-13.98616],[126.80384,-13.98423],[126.80628,-13.9875],[126.8072,-13.98637],[126.80627,-13.98073],[126.79804,-13.976],[126.79157,-13.97793],[126.79423,-13.9803],[126.79181,-13.9838],[126.79053,-13.982],[126.79308,-13.98154],[126.79331,-13.98018],[126.78801,-13.97877],[126.79376,-13.97555],[126.78913,-13.97308],[126.78566,-13.97557],[126.78139,-13.9819],[126.77355,-13.98277],[126.78185,-13.98054],[126.78762,-13.97274],[126.78982,-13.97228],[126.7963,-13.97498],[126.79781,-13.97396],[126.79699,-13.9725],[126.78681,-13.97026],[126.78138,-13.97659],[126.77063,-13.98124],[126.77214,-13.98316],[126.76971,-13.98158],[126.76807,-13.97537],[126.76507,-13.97549],[126.76182,-13.97358],[126.75604,-13.97528],[126.75071,-13.97213],[126.7476,-13.97574],[126.75062,-13.98466],[126.75352,-13.98884],[126.75156,-13.99178],[126.74925,-13.99144],[126.74578,-13.99552],[126.74069,-13.99699],[126.73522,-13.99354],[126.72712,-13.99835],[126.72203,-13.99674],[126.71047,-13.97466],[126.70712,-13.97326],[126.70534,-13.97391],[126.70276,-13.97705],[126.70559,-13.98036],[126.70483,-13.98525],[126.70119,-13.98992],[126.69999,-13.99471],[126.69673,-13.99605],[126.69385,-14.0006],[126.69629,-14.00254],[126.69678,-14.00631],[126.70045,-14.00835],[126.70057,-14.007],[126.70165,-14.0091],[126.69527,-14.00939],[126.69966,-14.01452],[126.69816,-14.01718],[126.69989,-14.01982],[126.70177,-14.01994],[126.70081,-14.02156],[126.70656,-14.02275],[126.71034,-14.02549],[126.71196,-14.02481],[126.71472,-14.02708],[126.7206,-14.02765],[126.72173,-14.03048],[126.72704,-14.02736],[126.73572,-14.01567],[126.74823,-14.01127],[126.7533,-14.01191],[126.75799,-14.01742],[126.7547,-14.01419],[126.74793,-14.01287],[126.74144,-14.01717],[126.74884,-14.01692],[126.74967,-14.02142],[126.74691,-14.0271],[126.74833,-14.0341],[126.7552,-14.04186],[126.75614,-14.0457],[126.75476,-14.04785],[126.75766,-14.04773],[126.75998,-14.05043],[126.76274,-14.05008],[126.76138,-14.052],[126.75708,-14.04863],[126.74945,-14.05025],[126.74646,-14.05253],[126.74513,-14.0592],[126.74081,-14.05798],[126.73724,-14.06173],[126.72718,-14.06268],[126.72314,-14.06519],[126.72581,-14.06597],[126.73309,-14.06457],[126.73692,-14.06704],[126.73717,-14.07043],[126.73547,-14.07722],[126.7319,-14.08142],[126.73272,-14.08435],[126.72975,-14.09217],[126.72467,-14.09411],[126.72037,-14.08984],[126.71817,-14.09019],[126.71379,-14.09405],[126.71369,-14.09688],[126.71023,-14.10028],[126.71325,-14.10117],[126.71602,-14.10026],[126.71475,-14.10196],[126.71789,-14.10409],[126.71755,-14.10635],[126.72035,-14.1112],[126.71967,-14.12059],[126.70952,-14.12176],[126.70641,-14.12539],[126.70493,-14.13048],[126.69753,-14.13176],[126.69615,-14.13414],[126.69384,-14.13471],[126.69336,-14.12974],[126.68909,-14.13259],[126.68918,-14.12762],[126.6863,-14.13102],[126.68825,-14.12626],[126.68708,-14.12537],[126.68671,-14.11938],[126.69024,-14.10772],[126.6929,-14.10545],[126.68936,-14.09123],[126.68553,-14.08989],[126.68858,-14.09925],[126.6857,-14.10164],[126.68779,-14.10163],[126.6856,-14.10368],[126.68431,-14.10176],[126.68038,-14.10155],[126.68013,-14.09692],[126.67584,-14.09626],[126.6691,-14.0903],[126.66538,-14.08546],[126.66326,-14.07812],[126.65886,-14.07837],[126.65758,-14.07623],[126.65399,-14.07534],[126.65155,-14.07298],[126.64485,-14.07708],[126.64452,-14.08002],[126.65044,-14.0844],[126.6499,-14.09299],[126.65478,-14.09658],[126.65434,-14.1028],[126.6569,-14.10505],[126.65921,-14.10515],[126.65506,-14.10879],[126.6604,-14.11238],[126.66099,-14.11475],[126.65722,-14.12494],[126.64961,-14.13141],[126.64951,-14.13492],[126.64732,-14.13753],[126.64966,-14.14226],[126.64886,-14.14577],[126.65049,-14.14723],[126.64945,-14.1478],[126.65108,-14.14949],[126.64727,-14.15176],[126.65052,-14.15412],[126.65216,-14.15818],[126.65069,-14.16531],[126.65142,-14.17344],[126.64552,-14.17584],[126.646,-14.17991],[126.6437,-14.18252],[126.64533,-14.18511],[126.63493,-14.18945],[126.63362,-14.1912],[126.62392,-14.18667],[126.61903,-14.17991],[126.6151,-14.18095],[126.60965,-14.17916],[126.60699,-14.18008],[126.60619,-14.18324],[126.60957,-14.18752],[126.61042,-14.19837],[126.60306,-14.20947],[126.60536,-14.23286],[126.60167,-14.23581],[126.59353,-14.22873],[126.58496,-14.22763],[126.57906,-14.23014],[126.57547,-14.22869],[126.565,-14.21675],[126.56513,-14.21353],[126.56822,-14.21097],[126.57047,-14.19458],[126.56336,-14.18263],[126.56807,-14.17459],[126.56262,-14.16998],[126.56835,-14.15877],[126.57356,-14.15728],[126.57493,-14.15456],[126.57444,-14.14789],[126.57061,-14.14441],[126.56978,-14.13978],[126.56746,-14.13888],[126.56527,-14.14081],[126.56168,-14.13992],[126.55811,-14.14378],[126.55939,-14.1457],[126.55582,-14.15102],[126.55187,-14.14855],[126.54817,-14.14936],[126.55118,-14.14788],[126.55013,-14.14653],[126.54724,-14.14778],[126.53786,-14.14714],[126.53453,-14.15224],[126.52829,-14.15554],[126.52447,-14.15567],[126.52333,-14.15698],[126.52169,-14.15387],[126.51545,-14.1574],[126.51659,-14.15299],[126.51509,-14.15446],[126.51508,-14.15254],[126.51682,-14.15163],[126.51726,-14.14722],[126.50983,-14.14126],[126.51016,-14.13685],[126.50738,-14.13528],[126.50228,-14.13507],[126.49916,-14.13027],[126.49785,-14.12515],[126.49968,-14.12017],[126.49759,-14.11735],[126.49687,-14.11103],[126.49949,-14.10017],[126.50168,-14.09869],[126.50677,-14.09879],[126.51196,-14.09199],[126.51902,-14.0923],[126.52168,-14.09409],[126.52515,-14.09239],[126.5271,-14.08944],[126.52545,-14.08165],[126.51709,-14.07445],[126.51374,-14.07548],[126.51229,-14.08015],[126.51479,-14.0774],[126.51503,-14.0783],[126.51187,-14.08601],[126.5118,-14.08148],[126.50916,-14.08691],[126.5042,-14.08998],[126.49992,-14.09068],[126.49219,-14.09873],[126.48547,-14.09672],[126.48131,-14.09741],[126.4804,-14.1016],[126.47648,-14.10433],[126.47972,-14.1042],[126.47787,-14.10624],[126.47881,-14.1085],[126.48053,-14.10612],[126.48212,-14.1069],[126.47881,-14.10963],[126.47672,-14.10647],[126.47023,-14.10548],[126.4569,-14.09931],[126.45468,-14.10351],[126.45551,-14.09717],[126.45423,-14.09559],[126.45419,-14.08384],[126.44947,-14.08372],[126.45058,-14.08208],[126.45302,-14.08114],[126.4536,-14.08204],[126.45498,-14.07955],[126.45251,-14.07344],[126.45473,-14.07571],[126.45947,-14.07365],[126.46131,-14.07037],[126.46616,-14.06764],[126.46742,-14.06436],[126.47596,-14.05789],[126.48355,-14.04735],[126.4972,-14.04583],[126.49254,-14.03703],[126.4894,-14.03399],[126.48742,-14.02846],[126.49202,-14.02336],[126.48843,-14.02168],[126.48692,-14.01886],[126.48702,-14.01479],[126.49104,-14.00856],[126.49786,-14.00673],[126.50712,-14.00952],[126.50897,-14.00883],[126.51554,-13.99521],[126.52421,-13.98798],[126.53923,-13.96436],[126.54339,-13.96131],[126.5494,-13.96074],[126.55403,-13.95656],[126.55993,-13.95655],[126.56143,-13.95327],[126.56293,-13.95598],[126.56594,-13.95474],[126.56767,-13.95214],[126.56524,-13.94898],[126.56523,-13.94412],[126.5694,-13.94593],[126.57033,-13.94943],[126.57276,-13.94965],[126.57369,-13.95213],[126.57739,-13.95382],[126.57473,-13.951],[126.57124,-13.9405],[126.56639,-13.94039],[126.56431,-13.94288],[126.55668,-13.94684],[126.55437,-13.95181],[126.55194,-13.94854],[126.55055,-13.94922],[126.53909,-13.94166],[126.53804,-13.93793],[126.53931,-13.93432],[126.537,-13.93443],[126.53146,-13.94088],[126.52638,-13.95104],[126.51149,-13.96471],[126.50395,-13.96585],[126.50001,-13.96269],[126.49955,-13.95886],[126.49527,-13.95762],[126.49423,-13.96473],[126.49713,-13.96823],[126.49516,-13.97173],[126.49586,-13.97715],[126.4924,-13.98597],[126.48523,-13.99568],[126.47875,-13.9984],[126.47574,-13.99467],[126.47123,-13.99693],[126.47031,-13.99512],[126.46741,-14.00063],[126.46789,-14.003],[126.46489,-14.00561],[126.45874,-14.00631],[126.45436,-14.0052],[126.44833,-14.00172],[126.44602,-14.00229],[126.44312,-13.99627],[126.44532,-13.99141],[126.44392,-13.98418],[126.43837,-13.98271],[126.43583,-13.98644],[126.43432,-13.98577],[126.4312,-13.98938],[126.43028,-13.99311],[126.42704,-13.99706],[126.42718,-14.00485],[126.4228,-14.00972],[126.42535,-14.01205],[126.41251,-14.011],[126.40766,-14.01418],[126.40095,-14.01353],[126.39656,-14.0149],[126.39391,-14.01773],[126.39452,-14.02688],[126.39313,-14.02711],[126.38762,-14.03787],[126.38763,-14.04069],[126.39041,-14.04181],[126.39006,-14.04351],[126.39365,-14.04417],[126.39644,-14.04755],[126.39679,-14.04936],[126.39433,-14.05176],[126.3894,-14.05142],[126.38487,-14.04703],[126.37748,-14.04943],[126.37191,-14.04515],[126.3622,-14.04823],[126.35722,-14.04678],[126.3548,-14.04995],[126.35237,-14.04725],[126.35203,-14.05064],[126.34913,-14.04715],[126.3416,-14.04536],[126.33433,-14.05002],[126.33561,-14.05408],[126.33793,-14.05351],[126.33677,-14.05465],[126.33898,-14.05803],[126.34095,-14.05904],[126.34234,-14.05643],[126.34384,-14.0588],[126.34443,-14.06242],[126.34318,-14.06457],[126.34423,-14.07146],[126.34632,-14.07495],[126.34447,-14.07451],[126.34436,-14.07789],[126.34136,-14.07983],[126.34573,-14.07947],[126.34518,-14.08094],[126.34738,-14.08116],[126.34878,-14.08342],[126.34509,-14.08738],[126.34488,-14.09586],[126.34189,-14.09598],[126.34501,-14.09799],[126.33991,-14.09542],[126.33391,-14.09815],[126.32141,-14.09638],[126.31447,-14.09731],[126.3117,-14.1015],[126.3152,-14.11132],[126.31523,-14.119],[126.31349,-14.11855],[126.31383,-14.11539],[126.30621,-14.1223],[126.30427,-14.13083],[126.30588,-14.12874],[126.30624,-14.13066],[126.29758,-14.13882],[126.30013,-14.13904],[126.30232,-14.13723],[126.30406,-14.1388],[126.30094,-14.14017],[126.3055,-14.15473],[126.30966,-14.15415],[126.3122,-14.15177],[126.31298,-14.14284],[126.3183,-14.14],[126.3209,-14.14096],[126.32039,-14.14282],[126.32295,-14.14812],[126.32053,-14.14949],[126.3218,-14.1505],[126.32146,-14.15389],[126.32343,-14.15468],[126.3231,-14.15818],[126.3267,-14.16257],[126.33028,-14.16143],[126.33087,-14.16324],[126.33249,-14.16323],[126.33065,-14.1664],[126.33631,-14.16469],[126.34201,-14.17224],[126.34455,-14.17178],[126.34479,-14.17415],[126.3471,-14.17437],[126.34873,-14.17663],[126.35371,-14.17729],[126.35048,-14.1799],[126.35257,-14.18362],[126.3571,-14.18688],[126.35711,-14.18925],[126.36167,-14.18783],[126.36081,-14.18992],[126.35769,-14.1897],[126.35469,-14.19344],[126.34507,-14.1911],[126.33941,-14.1927],[126.3371,-14.19531],[126.33028,-14.19838],[126.32855,-14.20256],[126.3252,-14.20359],[126.32556,-14.20653],[126.32416,-14.20563],[126.32386,-14.20747],[126.31965,-14.20485],[126.3187,-14.19785],[126.31755,-14.20011],[126.31269,-14.20126],[126.31178,-14.20521],[126.30647,-14.20997],[126.30751,-14.21223],[126.30692,-14.22093],[126.30465,-14.22139],[126.30188,-14.22693],[126.30456,-14.23235],[126.30086,-14.2336],[126.30039,-14.231],[126.29563,-14.22492],[126.29552,-14.22729],[126.29286,-14.2282],[126.28218,-14.21671],[126.28056,-14.21875],[126.28254,-14.22168],[126.27769,-14.22768],[126.27817,-14.23231],[126.27297,-14.23834],[126.27239,-14.23685],[126.26973,-14.23652],[126.26926,-14.23392],[126.27121,-14.22781],[126.2734,-14.22634],[126.27501,-14.22249],[126.27638,-14.21447],[126.27648,-14.2078],[126.27254,-14.20713],[126.27395,-14.21391],[126.27061,-14.22104],[126.26508,-14.22964],[126.26265,-14.23077],[126.25746,-14.2379],[126.25543,-14.23878],[126.25306,-14.23679],[126.25364,-14.23916],[126.25167,-14.23781],[126.2527,-14.23193],[126.24922,-14.23058],[126.24979,-14.22697],[126.24098,-14.22338],[126.23578,-14.22452],[126.23255,-14.22905],[126.23072,-14.23707],[126.22723,-14.2329],[126.22434,-14.23234],[126.2196,-14.23608],[126.21601,-14.23655],[126.21739,-14.23338],[126.21554,-14.23192],[126.22317,-14.22794],[126.22501,-14.22556],[126.22477,-14.22139],[126.22742,-14.21754],[126.22614,-14.21336],[126.22823,-14.21415],[126.23042,-14.21278],[126.22961,-14.21087],[126.23341,-14.20363],[126.23851,-14.2061],[126.24396,-14.21207],[126.24813,-14.2107],[126.24754,-14.20743],[126.24139,-14.20338],[126.24312,-14.20032],[126.24092,-14.20033],[126.24011,-14.19807],[126.24806,-14.18562],[126.23984,-14.18576],[126.23522,-14.18837],[126.23313,-14.18679],[126.23522,-14.18758],[126.23811,-14.18622],[126.23694,-14.18306],[126.24237,-14.1792],[126.24329,-14.1757],[126.23842,-14.17334],[126.23207,-14.17832],[126.22605,-14.17766],[126.22235,-14.17846],[126.22316,-14.18016],[126.21402,-14.18086],[126.21124,-14.1794],[126.20761,-14.18401],[126.20466,-14.18517],[126.20362,-14.1845],[126.20881,-14.18031],[126.20777,-14.17839],[126.20592,-14.17918],[126.20788,-14.17703],[126.20141,-14.1801],[126.20048,-14.18213],[126.19644,-14.18271],[126.19897,-14.17909],[126.19735,-14.17808],[126.19734,-14.17559],[126.19352,-14.17391],[126.19485,-14.17317],[126.19363,-14.17097],[126.19178,-14.17097],[126.19282,-14.16939],[126.19096,-14.16905],[126.19235,-14.16815],[126.1913,-14.16668],[126.18598,-14.16692],[126.18714,-14.16545],[126.18644,-14.16387],[126.18956,-14.16307],[126.19947,-14.14633],[126.20467,-14.14428],[126.20906,-14.13975],[126.20685,-14.13648],[126.20894,-14.13647],[126.2072,-14.13524],[126.20419,-14.13682],[126.19482,-14.13707],[126.19413,-14.13821],[126.19297,-14.13719],[126.18569,-14.14037],[126.18649,-14.1363],[126.17941,-14.13035],[126.18381,-14.12898],[126.18623,-14.1266],[126.18739,-14.1284],[126.19422,-14.12929],[126.19803,-14.12612],[126.1978,-14.12363],[126.20415,-14.12034],[126.20727,-14.11998],[126.21005,-14.12156],[126.21653,-14.12086],[126.21814,-14.1177],[126.21201,-14.1159],[126.22171,-14.11046],[126.218,-14.10764],[126.21776,-14.10369],[126.2144,-14.10268],[126.21209,-14.10382],[126.20977,-14.10179],[126.2093,-14.09625],[126.20581,-14.09153],[126.20719,-14.08848],[126.20639,-14.08605],[126.21401,-14.08415],[126.21296,-14.08111],[126.21076,-14.08033],[126.21422,-14.07647],[126.2126,-14.07422],[126.21073,-14.07434],[126.20461,-14.07809],[126.19721,-14.07924],[126.19224,-14.08185],[126.19111,-14.08524],[126.18845,-14.08525],[126.17816,-14.09137],[126.17447,-14.09624],[126.17391,-14.10031],[126.17079,-14.1028],[126.17103,-14.10551],[126.16572,-14.11423],[126.16352,-14.11231],[126.16455,-14.10666],[126.16339,-14.10485],[126.16477,-14.1018],[126.16256,-14.09898],[126.16672,-14.09649],[126.16775,-14.09106],[126.17006,-14.0888],[126.16832,-14.08643],[126.17039,-14.08213],[126.17234,-14.07975],[126.17685,-14.07974],[126.19186,-14.06626],[126.19047,-14.06559],[126.17949,-14.06946],[126.17625,-14.068],[126.16827,-14.06756],[126.16272,-14.06995],[126.15914,-14.06872],[126.15532,-14.07155],[126.15199,-14.07709],[126.15234,-14.07946],[126.15083,-14.08015],[126.15047,-14.07608],[126.15198,-14.07314],[126.14953,-14.0675],[126.15693,-14.06273],[126.16027,-14.05753],[126.16211,-14.05707],[126.1642,-14.05944],[126.17518,-14.05794],[126.18315,-14.05307],[126.1887,-14.04605],[126.19817,-14.04806],[126.20627,-14.04713],[126.21748,-14.04292],[126.22507,-14.02844],[126.22472,-14.02641],[126.22136,-14.02359],[126.22042,-14.01748],[126.21776,-14.01715],[126.21568,-14.01886],[126.21336,-14.01592],[126.20816,-14.01695],[126.20225,-14.01256],[126.20038,-14.00603],[126.20304,-14.00533],[126.20338,-14.00341],[126.20071,-14.00094],[126.19817,-14.00253],[126.19853,-14.00614],[126.18697,-14.00753],[126.18524,-14.009],[126.18503,-14.0158],[126.18062,-14.01387],[126.17854,-14.01117],[126.17333,-14.00971],[126.16789,-14.01018],[126.16513,-14.01312],[126.16027,-14.01347],[126.15912,-14.01585],[126.15415,-14.01914],[126.14837,-14.01859],[126.14952,-14.01531],[126.14431,-14.01498],[126.15136,-14.00965],[126.15585,-14.00343],[126.15503,-14.00004],[126.15776,-13.99779],[126.16424,-13.99813],[126.1772,-13.98798],[126.18205,-13.98629],[126.18483,-13.98787],[126.18842,-13.98743],[126.19466,-13.98235],[126.19339,-13.98009],[126.20854,-13.98077],[126.21386,-13.98562],[126.22103,-13.98789],[126.22392,-13.98507],[126.21872,-13.97987],[126.21583,-13.96757],[126.21329,-13.96655],[126.20635,-13.96948],[126.20242,-13.96858],[126.19386,-13.9697],[126.18704,-13.96812],[126.18449,-13.9715],[126.17639,-13.97601],[126.17674,-13.97985],[126.17477,-13.98222],[126.17223,-13.98222],[126.1691,-13.9847],[126.16413,-13.98413],[126.15938,-13.98977],[126.15314,-13.99045],[126.14715,-13.99945],[126.13089,-14.00993],[126.12812,-14.01355],[126.11726,-14.01866],[126.12039,-14.02103],[126.12016,-14.02362],[126.12679,-14.02703],[126.11832,-14.026],[126.11623,-14.02375],[126.11242,-14.02624],[126.113,-14.02827],[126.10978,-14.02828],[126.11045,-14.02353],[126.10847,-14.01902],[126.11008,-14.01382],[126.11251,-14.01359],[126.11297,-14.01121],[126.11678,-14.01154],[126.12013,-14.00973],[126.12266,-14.00396],[126.12867,-14.0009],[126.13509,-13.99246],[126.13579,-13.98942],[126.13094,-13.98693],[126.14146,-13.98355],[126.14783,-13.97712],[126.15327,-13.97385],[126.15558,-13.97408],[126.1587,-13.97013],[126.15917,-13.96832],[126.15605,-13.96437],[126.15362,-13.96493],[126.15292,-13.96662],[126.14853,-13.96583],[126.14506,-13.96413],[126.14136,-13.95984],[126.13639,-13.95927],[126.13373,-13.96299],[126.12621,-13.964],[126.12946,-13.95644],[126.13304,-13.95464],[126.13686,-13.94956],[126.14299,-13.9481],[126.14843,-13.94968],[126.14878,-13.94562],[126.15329,-13.93896],[126.15665,-13.93648],[126.15954,-13.93072],[126.15908,-13.92756],[126.16162,-13.92429],[126.16001,-13.92259],[126.15654,-13.92383],[126.15445,-13.92688],[126.15284,-13.92654],[126.15215,-13.92044],[126.15793,-13.91808],[126.15839,-13.91503],[126.15608,-13.91288],[126.15319,-13.91333],[126.14764,-13.91863],[126.13931,-13.92032],[126.13423,-13.91896],[126.13445,-13.92675],[126.13306,-13.92856],[126.13584,-13.93172],[126.13236,-13.94448],[126.13028,-13.94459],[126.12438,-13.93961],[126.11664,-13.93802],[126.11502,-13.93554],[126.11213,-13.93509],[126.11584,-13.9273],[126.10774,-13.92797],[126.10497,-13.92559],[126.10115,-13.93078],[126.1008,-13.93462],[126.09397,-13.94037],[126.08969,-13.94071],[126.08564,-13.94567],[126.08588,-13.94319],[126.08391,-13.94194],[126.086,-13.93833],[126.08715,-13.9372],[126.08935,-13.93777],[126.09305,-13.93258],[126.09409,-13.93326],[126.09652,-13.93168],[126.09815,-13.92626],[126.10787,-13.91905],[126.09711,-13.92242],[126.08532,-13.92094],[126.08798,-13.92004],[126.08833,-13.91643],[126.09064,-13.91497],[126.09181,-13.90718],[126.0977,-13.9047],[126.10071,-13.90007],[126.09632,-13.89838],[126.09482,-13.89533],[126.09055,-13.89589],[126.08858,-13.90085],[126.08372,-13.90536],[126.08371,-13.90999],[126.07492,-13.91574],[126.07365,-13.91766],[126.0748,-13.91969],[126.07237,-13.92398],[126.06508,-13.92725],[126.06797,-13.92962],[126.06877,-13.93391],[126.0668,-13.93741],[126.06253,-13.93842],[126.06275,-13.94294],[126.05385,-13.9436],[126.05028,-13.94168],[126.03699,-13.92665],[126.03618,-13.92461],[126.03873,-13.921],[126.02809,-13.92076],[126.02763,-13.92302],[126.02278,-13.92652],[126.01433,-13.92729],[126.01317,-13.92515],[126.01122,-13.92571],[126.00993,-13.92672],[126.01329,-13.92933],[126.01547,-13.93463],[126.02113,-13.93927],[126.02321,-13.93916],[126.0223,-13.93622],[126.02392,-13.93182],[126.03132,-13.93217],[126.03189,-13.93883],[126.03604,-13.94347],[126.04067,-13.94234],[126.04218,-13.94483],[126.04598,-13.9445],[126.04864,-13.94766],[126.05142,-13.948],[126.05141,-13.95037],[126.04529,-13.95296],[126.04655,-13.95432],[126.05326,-13.95591],[126.05557,-13.95873],[126.0551,-13.95997],[126.06551,-13.95954],[126.06632,-13.96021],[126.0647,-13.96179],[126.06887,-13.96428],[126.07279,-13.96248],[126.07557,-13.96779],[126.08227,-13.9696],[126.07972,-13.9722],[126.08387,-13.98202],[126.08653,-13.9792],[126.09382,-13.97786],[126.09614,-13.97436],[126.10042,-13.97278],[126.10354,-13.97301],[126.10724,-13.97674],[126.10712,-13.97945],[126.10272,-13.98193],[126.09983,-13.98035],[126.09185,-13.98542],[126.08977,-13.98395],[126.08849,-13.987],[126.08642,-13.98767],[126.08665,-13.98982],[126.09184,-13.99287],[126.09665,-13.99857],[126.09398,-14.0012],[126.09155,-14.00121],[126.08995,-14.00754],[126.09353,-14.00866],[126.09564,-14.01476],[126.09193,-14.01668],[126.09043,-14.01929],[126.08777,-14.0176],[126.08639,-14.01907],[126.09056,-14.0264],[126.09578,-14.02899],[126.09682,-14.03181],[126.10064,-14.03214],[126.10273,-14.03665],[126.10262,-14.04083],[126.10078,-14.04547],[126.09858,-14.04322],[126.09501,-14.04356],[126.08863,-14.03669],[126.08306,-14.03466],[126.07972,-14.03659],[126.0785,-14.04271],[126.07476,-14.04146],[126.07105,-14.03672],[126.07415,-14.02892],[126.07125,-14.02114],[126.06835,-14.01956],[126.07065,-14.01492],[126.07041,-14.00962],[126.06879,-14.00838],[126.06995,-14.00702],[126.06775,-14.00375],[126.06496,-14.00319],[126.06751,-14.00126],[126.06536,-13.98821],[126.06039,-13.98764],[126.05935,-13.98561],[126.05461,-13.9847],[126.04963,-13.98808],[126.04803,-13.98571],[126.03819,-13.98152],[126.03854,-13.99157],[126.03495,-13.98829],[126.03171,-13.9884],[126.02883,-13.99065],[126.02374,-13.99143],[126.02188,-13.99685],[126.02658,-14.00056],[126.03421,-14.00111],[126.03814,-13.9994],[126.04335,-14.00323],[126.04683,-14.00729],[126.04475,-14.01091],[126.04533,-14.01306],[126.05355,-14.01609],[126.05552,-14.01857],[126.056,-14.02659],[126.05184,-14.03055],[126.04537,-14.03],[126.04052,-14.03792],[126.03478,-14.03829],[126.03635,-14.03262],[126.03473,-14.03104],[126.04004,-14.02515],[126.02996,-14.01569],[126.02672,-14.01671],[126.02731,-14.01976],[126.02962,-14.02212],[126.02975,-14.02732],[126.02698,-14.02823],[126.02617,-14.03105],[126.0293,-14.03466],[126.02434,-14.04382],[126.01925,-14.04315],[126.01741,-14.04869],[126.01556,-14.04937],[126.01199,-14.05571],[126.01442,-14.05785],[126.01531,-14.06613],[126.01016,-14.06542],[126.00876,-14.06102],[126.00979,-14.05695],[126.00574,-14.05346],[126.00792,-14.04114],[126.00537,-14.04002],[126.00907,-14.0373],[126.01091,-14.03255],[126.01449,-14.03108],[126.01437,-14.02543],[126.00167,-14.02203],[125.99304,-14.00772],[125.98865,-14.00466],[125.98518,-14.00692],[125.98414,-14.00613],[125.98588,-14.00037],[125.98437,-13.99905],[125.98628,-13.99655],[125.98386,-13.9898],[125.97896,-13.99204],[125.97795,-13.99482],[125.97293,-13.99866],[125.97455,-14.00386],[125.9779,-14.00431],[125.98079,-14.00657],[125.9802,-14.01131],[125.98297,-14.01639],[125.9803,-14.02655],[125.98122,-14.03219],[125.97717,-14.03591],[125.97624,-14.03963],[125.9827,-14.04697],[125.99207,-14.05015],[125.99137,-14.05263],[125.99333,-14.05635],[125.99078,-14.06154],[125.99309,-14.0682],[126.00415,-14.0695],[126.00984,-14.08135],[126.02269,-14.09138],[126.03253,-14.09509],[126.03762,-14.09383],[126.04363,-14.08953],[126.05136,-14.08093],[126.05783,-14.07832],[126.06407,-14.07334],[126.06823,-14.07254],[126.07009,-14.0775],[126.07633,-14.0758],[126.08086,-14.08189],[126.08781,-14.08616],[126.10051,-14.07495],[126.10444,-14.07574],[126.11383,-14.0826],[126.1209,-14.0923],[126.12623,-14.09692],[126.12925,-14.10222],[126.12938,-14.10527],[126.13181,-14.10764],[126.13136,-14.11521],[126.13334,-14.11803],[126.1382,-14.11983],[126.13925,-14.12299],[126.14191,-14.12129],[126.14562,-14.12489],[126.15221,-14.12567],[126.15142,-14.13504],[126.15329,-14.14011],[126.15897,-14.14586],[126.16314,-14.14743],[126.16973,-14.14617],[126.16893,-14.1481],[126.16442,-14.14958],[126.16396,-14.15172],[126.15713,-14.15197],[126.15217,-14.15783],[126.15043,-14.15661],[126.14558,-14.15821],[126.14129,-14.15776],[126.14976,-14.16791],[126.14989,-14.17232],[126.15093,-14.17164],[126.15441,-14.1749],[126.1602,-14.17647],[126.15731,-14.17851],[126.15662,-14.1819],[126.15304,-14.18349],[126.15385,-14.18473],[126.1527,-14.18632],[126.15502,-14.18835],[126.15433,-14.19128],[126.15167,-14.1931],[126.14777,-14.20915],[126.14407,-14.21232],[126.13886,-14.20826],[126.13665,-14.20432],[126.13458,-14.21178],[126.13609,-14.21618],[126.13992,-14.21843],[126.13981,-14.21978],[126.13483,-14.22183],[126.13426,-14.22612],[126.13115,-14.22929],[126.13323,-14.23143],[126.12895,-14.23111],[126.1278,-14.23303],[126.12352,-14.23427],[126.12144,-14.23869],[126.11692,-14.23723],[126.11796,-14.23587],[126.11715,-14.23384],[126.10905,-14.23488],[126.10593,-14.23771],[126.09691,-14.241],[126.09394,-14.24399],[126.09655,-14.23923],[126.09181,-14.23865],[126.08903,-14.2399],[126.08428,-14.23753],[126.08406,-14.24025],[126.08127,-14.23833],[126.08243,-14.2372],[126.08127,-14.23415],[126.08011,-14.2372],[126.07086,-14.24208],[126.07156,-14.24502],[126.07006,-14.2475],[126.06173,-14.24876],[126.05849,-14.24854],[126.05768,-14.24685],[126.05341,-14.2542],[126.0585,-14.2569],[126.05921,-14.26379],[126.06245,-14.2639],[126.06141,-14.26503],[126.06246,-14.27033],[126.06536,-14.26999],[126.06444,-14.27327],[126.06561,-14.27993],[126.06816,-14.28444],[126.06978,-14.28489],[126.06932,-14.28726],[126.07361,-14.29121],[126.07246,-14.29358],[126.07397,-14.29516],[126.07305,-14.29776],[126.07444,-14.29923],[126.08023,-14.29989],[126.0829,-14.3035],[126.08477,-14.31491],[126.08304,-14.31785],[126.08015,-14.31932],[126.0805,-14.3209],[126.08767,-14.31897],[126.09023,-14.32314],[126.08814,-14.33023],[126.08642,-14.33061],[126.0804,-14.32938],[126.07727,-14.32645],[126.07796,-14.32509],[126.07391,-14.32566],[126.0738,-14.32939],[126.06975,-14.3338],[126.07404,-14.33583],[126.0722,-14.34136],[126.0729,-14.34374],[126.07834,-14.34531],[126.08088,-14.34293],[126.08424,-14.34281],[126.08564,-14.34439],[126.0839,-14.34575],[126.08807,-14.3471],[126.08844,-14.3512],[126.08345,-14.35207],[126.08369,-14.35603],[126.08191,-14.3589],[126.07916,-14.35231],[126.07546,-14.3522],[126.07593,-14.35695],[126.06934,-14.36227],[126.06331,-14.35968],[126.06077,-14.36217],[126.05842,-14.36166],[126.05764,-14.35958],[126.05347,-14.35981],[126.05254,-14.35801],[126.04582,-14.35915],[126.03195,-14.37453],[126.02791,-14.38199],[126.02454,-14.37748],[126.02176,-14.3776],[126.0169,-14.38133],[126.01638,-14.38693],[126.01216,-14.38563],[126.00985,-14.38778],[126.01217,-14.39546],[126.00616,-14.39976],[126.00349,-14.40033],[126.00008,-14.39681],[125.99614,-14.39636],[125.99243,-14.40256],[125.98954,-14.39895],[125.98421,-14.39928],[125.98178,-14.39792],[125.98213,-14.39555],[125.97946,-14.39307],[125.97668,-14.39329],[125.9768,-14.39724],[125.98027,-14.39871],[125.97946,-14.40198],[125.9827,-14.40345],[125.98304,-14.40695],[125.98582,-14.40966],[125.98454,-14.41779],[125.98547,-14.41952],[125.98778,-14.42016],[125.993,-14.41858],[125.99856,-14.4143],[126.00305,-14.41535],[126.0041,-14.41716],[126.00722,-14.41478],[126.01174,-14.41534],[126.01961,-14.41137],[126.01626,-14.41624],[126.01603,-14.41895],[126.01742,-14.42233],[126.02044,-14.42402],[126.01975,-14.42538],[126.02613,-14.43486],[126.02311,-14.43226],[126.02207,-14.43283],[126.02475,-14.4396],[126.02325,-14.44265],[126.02498,-14.44356],[126.02221,-14.44842],[126.02743,-14.4518],[126.02454,-14.45395],[126.02477,-14.45779],[126.03023,-14.46275],[126.03151,-14.47054],[126.03395,-14.47167],[126.03475,-14.46918],[126.0416,-14.47515],[126.04634,-14.47221],[126.04612,-14.47854],[126.04785,-14.4805],[126.0429,-14.49435],[126.04464,-14.49526],[126.04696,-14.4939],[126.05322,-14.501],[126.05346,-14.50394],[126.05057,-14.50552],[126.04338,-14.50339],[126.04223,-14.5087],[126.0442,-14.51197],[126.04432,-14.51581],[126.04908,-14.51953],[126.04665,-14.5227],[126.05071,-14.52563],[126.0513,-14.52879],[126.04736,-14.5332],[126.04562,-14.53162],[126.04388,-14.53253],[126.04783,-14.53444],[126.04192,-14.53671],[126.03565,-14.53175],[126.0324,-14.53193],[126.02417,-14.52646],[126.02057,-14.51946],[126.01547,-14.51947],[126.01142,-14.52354],[126.00574,-14.52502],[126.00679,-14.52829],[126.01387,-14.53416],[126.01202,-14.53755],[126.00738,-14.53778],[126.00773,-14.54117],[126.00426,-14.54208],[126.00739,-14.54727],[126.00547,-14.55104],[126.0003,-14.55498],[125.99394,-14.55501],[125.99058,-14.55117],[125.98838,-14.55162],[125.98614,-14.54739],[125.98234,-14.54619],[125.98325,-14.54481],[125.9819,-14.54045],[125.97919,-14.54072],[125.9806,-14.54485],[125.9783,-14.54326],[125.97413,-14.54642],[125.97253,-14.54573],[125.97147,-14.54044],[125.97008,-14.53942],[125.97287,-14.52927],[125.97078,-14.52723],[125.97044,-14.52238],[125.96916,-14.52182],[125.96881,-14.52531],[125.96476,-14.51922],[125.96044,-14.5189],[125.9556,-14.53128],[125.95328,-14.52948],[125.95158,-14.52355],[125.94923,-14.52349],[125.94981,-14.52609],[125.94482,-14.53218],[125.94809,-14.53444],[125.94568,-14.53872],[125.93705,-14.5342],[125.93549,-14.53769],[125.93554,-14.53521],[125.93252,-14.5306],[125.93091,-14.53075],[125.92755,-14.53656],[125.92337,-14.53802],[125.92059,-14.53723],[125.91653,-14.54253],[125.91815,-14.54513],[125.92054,-14.54588],[125.92069,-14.55209],[125.91788,-14.5515],[125.91768,-14.55424],[125.91501,-14.55246],[125.91177,-14.5537],[125.9113,-14.55573],[125.91397,-14.55641],[125.90886,-14.56171],[125.90387,-14.56441],[125.9019,-14.56824],[125.90247,-14.57219],[125.90758,-14.57028],[125.90352,-14.5731],[125.90595,-14.57525],[125.9027,-14.57648],[125.90757,-14.5775],[125.9049,-14.57874],[125.91151,-14.57785],[125.91371,-14.58123],[125.91672,-14.58105],[125.91679,-14.58261],[125.91915,-14.5828],[125.92147,-14.58948],[125.921,-14.59241],[125.93304,-14.60924],[125.93431,-14.62154],[125.93052,-14.63316],[125.93244,-14.63418],[125.93638,-14.64174],[125.93631,-14.64632],[125.92907,-14.65076],[125.921,-14.65091],[125.92141,-14.64895],[125.92849,-14.6458],[125.92131,-14.63981],[125.91538,-14.64861],[125.91375,-14.66045],[125.9083,-14.6609],[125.90881,-14.65431],[125.90218,-14.63392],[125.8972,-14.62895],[125.89477,-14.62308],[125.8927,-14.62261],[125.88562,-14.62665],[125.8813,-14.62332],[125.8806,-14.61602],[125.88222,-14.61345],[125.87624,-14.60625],[125.86511,-14.60612],[125.86132,-14.6079],[125.8575,-14.61343],[125.85285,-14.61134],[125.85142,-14.61212],[125.85142,-14.61007],[125.84861,-14.60991],[125.84675,-14.60602],[125.84807,-14.60023],[125.84733,-14.59535],[125.84927,-14.59167],[125.84669,-14.5903],[125.84075,-14.59108],[125.8391,-14.59001],[125.84206,-14.58611],[125.84031,-14.58432],[125.83731,-14.5843],[125.83359,-14.58847],[125.83058,-14.58508],[125.83094,-14.57606],[125.83559,-14.56805],[125.83811,-14.56678],[125.84602,-14.5684],[125.84962,-14.56626],[125.8502,-14.56401],[125.84928,-14.55915],[125.84361,-14.55463],[125.83133,-14.5492],[125.82885,-14.54653],[125.82867,-14.54276],[125.8325,-14.53938],[125.84316,-14.54188],[125.84989,-14.5359],[125.84874,-14.5324],[125.84225,-14.53093],[125.83646,-14.52483],[125.83168,-14.51527],[125.83139,-14.50823],[125.82235,-14.50336],[125.82445,-14.4984],[125.82095,-14.49936],[125.81721,-14.49758],[125.82028,-14.49377],[125.82296,-14.48576],[125.82806,-14.48091],[125.83143,-14.4799],[125.83513,-14.48205],[125.83977,-14.47867],[125.84642,-14.47717],[125.85681,-14.47802],[125.85901,-14.47689],[125.85913,-14.47497],[125.85311,-14.46549],[125.85208,-14.45668],[125.84443,-14.46154],[125.83421,-14.46581],[125.8289,-14.46647],[125.82507,-14.47052],[125.81602,-14.47412],[125.81061,-14.47911],[125.80577,-14.48037],[125.80257,-14.47907],[125.80212,-14.47229],[125.80537,-14.46925],[125.80503,-14.46632],[125.80956,-14.45797],[125.8135,-14.45572],[125.81629,-14.45035],[125.81259,-14.44669],[125.80356,-14.44419],[125.79799,-14.44531],[125.79764,-14.44757],[125.8003,-14.45051],[125.79496,-14.45569],[125.79519,-14.45897],[125.79275,-14.4619],[125.7946,-14.46641],[125.79182,-14.46918],[125.78875,-14.46802],[125.78786,-14.46992],[125.78556,-14.46832],[125.78479,-14.47011],[125.78115,-14.46775],[125.77663,-14.47259],[125.77614,-14.47792],[125.77441,-14.4797],[125.76759,-14.47201],[125.76539,-14.47223],[125.75854,-14.47561],[125.75946,-14.47933],[125.75738,-14.47764],[125.75703,-14.48046],[125.75147,-14.4809],[125.74717,-14.48473],[125.74573,-14.48253],[125.74474,-14.48469],[125.74068,-14.48562],[125.73767,-14.48279],[125.73606,-14.47827],[125.73102,-14.47698],[125.7196,-14.48015],[125.71589,-14.48319],[125.71427,-14.48195],[125.70672,-14.48938],[125.70739,-14.49931],[125.70159,-14.50461],[125.70136,-14.5063],[125.7032,-14.50766],[125.70118,-14.51463],[125.70213,-14.52097],[125.69888,-14.52921],[125.69678,-14.52965],[125.69132,-14.53789],[125.69002,-14.54918],[125.69106,-14.55042],[125.68676,-14.55459],[125.68129,-14.56632],[125.68069,-14.57681],[125.67697,-14.58087],[125.67731,-14.58561],[125.67161,-14.59508],[125.66934,-14.60921],[125.66619,-14.61241],[125.66204,-14.62395],[125.66284,-14.6261],[125.65949,-14.62699],[125.65866,-14.63082],[125.65541,-14.6351],[125.6511,-14.65004],[125.64853,-14.65021],[125.64646,-14.64705],[125.64694,-14.64141],[125.65228,-14.63295],[125.65069,-14.61861],[125.6543,-14.61017],[125.65202,-14.60204],[125.65897,-14.59607],[125.66026,-14.58919],[125.66514,-14.58254],[125.66969,-14.56832],[125.67528,-14.55671],[125.67832,-14.54644],[125.68067,-14.5294],[125.68043,-14.52678],[125.67626,-14.52344],[125.68068,-14.52511],[125.68384,-14.51473],[125.68372,-14.51283],[125.68129,-14.51258],[125.68443,-14.51191],[125.68736,-14.50779],[125.68687,-14.50164],[125.68873,-14.49939],[125.68741,-14.49112],[125.68304,-14.48913],[125.68448,-14.47951],[125.68242,-14.46936],[125.6789,-14.47137],[125.675,-14.47002],[125.67721,-14.4663],[125.67606,-14.46382],[125.67759,-14.45197],[125.66474,-14.44562],[125.66161,-14.44561],[125.6593,-14.44166],[125.65931,-14.4394],[125.6643,-14.43636],[125.66395,-14.43467],[125.66105,-14.43591],[125.65897,-14.43477],[125.66235,-14.42791],[125.66061,-14.42665],[125.66085,-14.42473],[125.66294,-14.42338],[125.66641,-14.42339],[125.66757,-14.42486],[125.66954,-14.42419],[125.67071,-14.42035],[125.66423,-14.41368],[125.66296,-14.4148],[125.66111,-14.41277],[125.66448,-14.40657],[125.66379,-14.40386],[125.66159,-14.40351],[125.66157,-14.40002],[125.65998,-14.39786],[125.65246,-14.3948],[125.65153,-14.39344],[125.65312,-14.39093],[125.6512,-14.38757],[125.6523,-14.3836],[125.65475,-14.38176],[125.65458,-14.37979],[125.65728,-14.37919],[125.6562,-14.38092],[125.65831,-14.38382],[125.65921,-14.38217],[125.66614,-14.38382],[125.66576,-14.38272],[125.66722,-14.38229],[125.66543,-14.38138],[125.66859,-14.3805],[125.66873,-14.37316],[125.66851,-14.36763],[125.66631,-14.36695],[125.66968,-14.3629],[125.67373,-14.36448],[125.67281,-14.36155],[125.67605,-14.36031],[125.67618,-14.35727],[125.67803,-14.35671],[125.6756,-14.35557],[125.67665,-14.35411],[125.67572,-14.35162],[125.67387,-14.35094],[125.6683,-14.35725],[125.67005,-14.35037],[125.66807,-14.35013],[125.67296,-14.34518],[125.66729,-14.34257],[125.66338,-14.33552],[125.66418,-14.33498],[125.67123,-14.33091],[125.67829,-14.33311],[125.67924,-14.3347],[125.68271,-14.33425],[125.68284,-14.33635],[125.69069,-14.33946],[125.69126,-14.34409],[125.69346,-14.34579],[125.69547,-14.33875],[125.69671,-14.34332],[125.69948,-14.34513],[125.69878,-14.34704],[125.70214,-14.34795],[125.70458,-14.34627],[125.70488,-14.34283],[125.70726,-14.3461],[125.70586,-14.34096],[125.71107,-14.34357],[125.71559,-14.34155],[125.72022,-14.34336],[125.72636,-14.3418],[125.72358,-14.34123],[125.72173,-14.33874],[125.72243,-14.33727],[125.71942,-14.33614],[125.7207,-14.33388],[125.71873,-14.33512],[125.71757,-14.3341],[125.7243,-14.32915],[125.72407,-14.32633],[125.72639,-14.32521],[125.7257,-14.32453],[125.72408,-14.32509],[125.7235,-14.32396],[125.71898,-14.32779],[125.71736,-14.32733],[125.71549,-14.33308],[125.7155,-14.32992],[125.7046,-14.33363],[125.70264,-14.32888],[125.69721,-14.32537],[125.70254,-14.32595],[125.70301,-14.32256],[125.70612,-14.32866],[125.71087,-14.32766],[125.71227,-14.32472],[125.70983,-14.3254],[125.70833,-14.32426],[125.71204,-14.32326],[125.71239,-14.31987],[125.70996,-14.31975],[125.71269,-14.31514],[125.71562,-14.31601],[125.71472,-14.31502],[125.71682,-14.3141],[125.71635,-14.31178],[125.71959,-14.31108],[125.7197,-14.31467],[125.72376,-14.31222],[125.72411,-14.31053],[125.72219,-14.30878],[125.72319,-14.30375],[125.72066,-14.29969],[125.72158,-14.29845],[125.71742,-14.29686],[125.71464,-14.29764],[125.71453,-14.29662],[125.71639,-14.29257],[125.72287,-14.29393],[125.72345,-14.29168],[125.72149,-14.28874],[125.72427,-14.28558],[125.7281,-14.28424],[125.73007,-14.28097],[125.72811,-14.27938],[125.7244,-14.28321],[125.72405,-14.28107],[125.72591,-14.28051],[125.72545,-14.2796],[125.7229,-14.27982],[125.72174,-14.27847],[125.72081,-14.28005],[125.71861,-14.28027],[125.71792,-14.27744],[125.71617,-14.28387],[125.71813,-14.28862],[125.71058,-14.30091],[125.70328,-14.30405],[125.70201,-14.30202],[125.69923,-14.30156],[125.7005,-14.30088],[125.69762,-14.29772],[125.69866,-14.2949],[125.69531,-14.29241],[125.69196,-14.29195],[125.69033,-14.29352],[125.68502,-14.28832],[125.67957,-14.28955],[125.67703,-14.28842],[125.67378,-14.29021],[125.66672,-14.28817],[125.6673,-14.28591],[125.66899,-14.28653],[125.66928,-14.28422],[125.66754,-14.28241],[125.66813,-14.27948],[125.66674,-14.27868],[125.66457,-14.26807],[125.66619,-14.26638],[125.66504,-14.2631],[125.65508,-14.2668],[125.65822,-14.25959],[125.65476,-14.25518],[125.65221,-14.25438],[125.65003,-14.24851],[125.65167,-14.24576],[125.64857,-14.24341],[125.64759,-14.25155],[125.64978,-14.25539],[125.64862,-14.2564],[125.64915,-14.25958],[125.64548,-14.26069],[125.64153,-14.26587],[125.64398,-14.26001],[125.64329,-14.2582],[125.64074,-14.25943],[125.64156,-14.25413],[125.63963,-14.24973],[125.64097,-14.24749],[125.63951,-14.24574],[125.63605,-14.24701],[125.63512,-14.24309],[125.63184,-14.24663],[125.6263,-14.24484],[125.62709,-14.242],[125.6323,-14.24197],[125.63315,-14.23605],[125.62922,-14.23356],[125.62008,-14.23444],[125.61764,-14.23748],[125.61548,-14.23627],[125.61474,-14.24018],[125.61381,-14.24097],[125.613,-14.23972],[125.61172,-14.24243],[125.60905,-14.24366],[125.60374,-14.23812],[125.59761,-14.23663],[125.5961,-14.23776],[125.59876,-14.24093],[125.60593,-14.24298],[125.60499,-14.24614],[125.60707,-14.24987],[125.60694,-14.25393],[125.60342,-14.25377],[125.60682,-14.25596],[125.6075,-14.25823],[125.60647,-14.25856],[125.60889,-14.26093],[125.60826,-14.26236],[125.59699,-14.2539],[125.5948,-14.24667],[125.59215,-14.24373],[125.58995,-14.24452],[125.59017,-14.24768],[125.5882,-14.2488],[125.585,-14.25677],[125.58215,-14.25522],[125.58134,-14.25281],[125.57937,-14.25372],[125.57832,-14.25906],[125.57436,-14.26012],[125.57369,-14.26163],[125.57577,-14.26254],[125.58393,-14.26011],[125.58757,-14.26593],[125.59093,-14.2654],[125.59763,-14.27095],[125.59879,-14.27377],[125.59912,-14.27705],[125.59598,-14.28325],[125.59111,-14.28561],[125.59307,-14.28968],[125.58679,-14.30095],[125.58782,-14.3023],[125.58342,-14.30342],[125.58226,-14.30534],[125.58398,-14.31189],[125.58142,-14.31583],[125.58279,-14.32182],[125.58406,-14.32408],[125.58626,-14.32386],[125.58753,-14.32646],[125.58904,-14.32534],[125.58856,-14.32906],[125.59053,-14.32986],[125.59145,-14.33245],[125.594,-14.33359],[125.59574,-14.33088],[125.59723,-14.3354],[125.59979,-14.33327],[125.59758,-14.33665],[125.60093,-14.33824],[125.6037,-14.34355],[125.59965,-14.34218],[125.59952,-14.34534],[125.59779,-14.345],[125.59361,-14.34871],[125.59314,-14.35199],[125.59452,-14.35402],[125.58791,-14.35784],[125.58812,-14.36473],[125.58997,-14.3671],[125.58857,-14.36992],[125.59216,-14.37095],[125.59227,-14.37298],[125.59724,-14.37649],[125.60292,-14.37696],[125.60802,-14.37494],[125.60535,-14.37945],[125.60858,-14.38386],[125.61042,-14.39041],[125.61865,-14.38546],[125.62271,-14.3857],[125.6212,-14.38694],[125.62235,-14.38954],[125.61724,-14.39393],[125.6206,-14.39563],[125.61689,-14.39584],[125.61711,-14.40138],[125.62139,-14.40376],[125.62021,-14.41098],[125.62195,-14.4129],[125.62124,-14.41516],[125.62009,-14.41335],[125.61811,-14.41639],[125.61614,-14.41605],[125.61614,-14.41864],[125.61416,-14.42101],[125.61359,-14.4192],[125.61046,-14.41919],[125.61138,-14.42021],[125.60964,-14.42167],[125.61438,-14.42507],[125.60974,-14.43048],[125.60776,-14.43149],[125.60557,-14.43024],[125.60127,-14.43351],[125.60474,-14.43397],[125.60033,-14.43791],[125.59858,-14.44276],[125.60169,-14.44908],[125.60157,-14.45439],[125.59716,-14.45404],[125.59832,-14.45495],[125.59785,-14.4572],[125.59623,-14.4572],[125.59946,-14.46161],[125.59449,-14.45877],[125.59645,-14.46171],[125.59482,-14.46419],[125.59516,-14.4669],[125.59817,-14.46883],[125.59689,-14.46962],[125.59688,-14.47278],[125.5993,-14.47989],[125.6015,-14.48092],[125.60183,-14.48634],[125.6001,-14.48294],[125.60066,-14.49401],[125.59973,-14.49513],[125.59845,-14.49412],[125.59811,-14.49095],[125.59104,-14.49365],[125.59103,-14.49534],[125.59683,-14.49535],[125.59798,-14.4967],[125.58822,-14.50572],[125.58962,-14.50527],[125.59193,-14.50776],[125.59459,-14.50754],[125.60238,-14.49829],[125.60307,-14.50078],[125.60539,-14.50225],[125.60341,-14.50326],[125.60364,-14.50597],[125.6063,-14.50925],[125.60943,-14.51016],[125.61024,-14.50757],[125.61371,-14.51062],[125.61098,-14.51355],[125.60965,-14.51276],[125.60013,-14.51749],[125.60372,-14.52212],[125.60186,-14.52268],[125.60093,-14.52494],[125.60103,-14.52968],[125.59756,-14.5282],[125.5965,-14.53655],[125.59453,-14.53565],[125.59104,-14.53733],[125.58979,-14.52841],[125.58632,-14.52614],[125.58423,-14.52569],[125.58098,-14.52782],[125.57807,-14.53143],[125.57911,-14.53527],[125.57388,-14.53909],[125.57248,-14.54767],[125.57293,-14.55015],[125.57767,-14.55355],[125.58752,-14.55741],[125.58926,-14.55606],[125.59065,-14.55787],[125.59894,-14.55878],[125.59795,-14.56037],[125.59934,-14.56263],[125.59423,-14.56059],[125.58971,-14.56216],[125.5903,-14.56013],[125.58485,-14.56102],[125.58277,-14.55955],[125.56943,-14.55827],[125.562,-14.56074],[125.56106,-14.56356],[125.55735,-14.56592],[125.55759,-14.56039],[125.55413,-14.55699],[125.55042,-14.55653],[125.54322,-14.55877],[125.53732,-14.55853],[125.5348,-14.5639],[125.53152,-14.56043],[125.53395,-14.55976],[125.53325,-14.55727],[125.52748,-14.55421],[125.53141,-14.55298],[125.53339,-14.55016],[125.52992,-14.54609],[125.53328,-14.54824],[125.53595,-14.54802],[125.5378,-14.55006],[125.54649,-14.54975],[125.548,-14.5484],[125.54987,-14.54321],[125.54895,-14.54174],[125.54721,-14.5423],[125.54398,-14.53856],[125.54468,-14.53495],[125.54911,-14.53011],[125.5578,-14.5307],[125.55827,-14.52393],[125.55967,-14.52201],[125.55886,-14.51885],[125.56037,-14.51874],[125.56061,-14.51479],[125.55795,-14.51252],[125.55124,-14.51194],[125.548,-14.50979],[125.54138,-14.50988],[125.53849,-14.51225],[125.53451,-14.52127],[125.52906,-14.52227],[125.53152,-14.51753],[125.52955,-14.51188],[125.52353,-14.50938],[125.52064,-14.51186],[125.51995,-14.50915],[125.52493,-14.50758],[125.52667,-14.50476],[125.52934,-14.50647],[125.52878,-14.50274],[125.52032,-14.50023],[125.51659,-14.50677],[125.51669,-14.50891],[125.51856,-14.50914],[125.51588,-14.51049],[125.51529,-14.51297],[125.5117,-14.51161],[125.50613,-14.51758],[125.50277,-14.51632],[125.50579,-14.51566],[125.50348,-14.51317],[125.49629,-14.51236],[125.49257,-14.51426],[125.49674,-14.51653],[125.49349,-14.5198],[125.48861,-14.51922],[125.48744,-14.52373],[125.48837,-14.52452],[125.48929,-14.5234],[125.49045,-14.52521],[125.49044,-14.53017],[125.49252,-14.53131],[125.49404,-14.52962],[125.49566,-14.53042],[125.49494,-14.53391],[125.49089,-14.53492],[125.49122,-14.53797],[125.49436,-14.54012],[125.49295,-14.54395],[125.4962,-14.54464],[125.49073,-14.54891],[125.49176,-14.55208],[125.49479,-14.55152],[125.49408,-14.55367],[125.49558,-14.55457],[125.49419,-14.55525],[125.49489,-14.55638],[125.49163,-14.55784],[125.49139,-14.56032],[125.48818,-14.55241],[125.48539,-14.55161],[125.48576,-14.54597],[125.4831,-14.54438],[125.48472,-14.54416],[125.48171,-14.542],[125.48161,-14.53873],[125.47987,-14.53782],[125.47952,-14.53556],[125.48139,-14.53387],[125.48046,-14.53218],[125.47281,-14.5317],[125.4684,-14.53304],[125.46654,-14.53552],[125.46735,-14.53665],[125.46619,-14.53722],[125.46907,-14.54117],[125.46697,-14.54489],[125.46524,-14.54545],[125.46546,-14.54895],[125.46845,-14.55291],[125.46705,-14.55551],[125.46875,-14.55932],[125.46775,-14.55833],[125.4674,-14.55923],[125.46879,-14.56135],[125.46925,-14.56025],[125.47585,-14.564],[125.47852,-14.56344],[125.47816,-14.56491],[125.48343,-14.56802],[125.47619,-14.56479],[125.4712,-14.56444],[125.47061,-14.56918],[125.46664,-14.57605],[125.46178,-14.57547],[125.46537,-14.57328],[125.46317,-14.57311],[125.45993,-14.57445],[125.45899,-14.57659],[125.45354,-14.57759],[125.45237,-14.57917],[125.4519,-14.58436],[125.45721,-14.59138],[125.45639,-14.59476],[125.46125,-14.59737],[125.46078,-14.602],[125.46494,-14.60415],[125.46343,-14.60528],[125.4558,-14.60006],[125.44201,-14.59584],[125.44051,-14.5937],[125.43726,-14.59459],[125.4362,-14.59775],[125.44106,-14.60284],[125.44299,-14.60918],[125.44661,-14.60895],[125.4452,-14.6138],[125.44832,-14.61618],[125.44728,-14.61754],[125.44936,-14.61912],[125.45004,-14.62375],[125.449,-14.62386],[125.4491,-14.62635],[125.44527,-14.62882],[125.444,-14.6278],[125.44307,-14.62904],[125.4397,-14.62891],[125.43376,-14.63669],[125.43329,-14.63951],[125.42996,-14.64148],[125.42865,-14.6387],[125.42959,-14.63588],[125.42611,-14.63599],[125.42717,-14.63057],[125.43147,-14.62776],[125.43206,-14.62359],[125.43426,-14.62427],[125.43799,-14.62112],[125.43904,-14.61774],[125.43777,-14.6166],[125.43824,-14.61378],[125.43709,-14.61084],[125.4357,-14.61163],[125.43188,-14.60722],[125.42678,-14.60731],[125.42726,-14.60077],[125.42564,-14.60212],[125.42413,-14.60019],[125.41346,-14.6005],[125.4122,-14.59711],[125.418,-14.59724],[125.42499,-14.58642],[125.42002,-14.58189],[125.42084,-14.57862],[125.4155,-14.57917],[125.41887,-14.57839],[125.42038,-14.57636],[125.41587,-14.57239],[125.41692,-14.57104],[125.41877,-14.57263],[125.4152,-14.56393],[125.41266,-14.56335],[125.41067,-14.56662],[125.41149,-14.5638],[125.40987,-14.56289],[125.41208,-14.56177],[125.41244,-14.55974],[125.40862,-14.55781],[125.41244,-14.55793],[125.41071,-14.55635],[125.41442,-14.55546],[125.41338,-14.55353],[125.41536,-14.55038],[125.41305,-14.54789],[125.41097,-14.54811],[125.41028,-14.54562],[125.40935,-14.54675],[125.40796,-14.5464],[125.40912,-14.54483],[125.40564,-14.54482],[125.4032,-14.54774],[125.39961,-14.54717],[125.40064,-14.54886],[125.3985,-14.55312],[125.39817,-14.55981],[125.40001,-14.56659],[125.40151,-14.56625],[125.40371,-14.5684],[125.4001,-14.5728],[125.3993,-14.57087],[125.39697,-14.5712],[125.39687,-14.56725],[125.39444,-14.5651],[125.39219,-14.56601],[125.39257,-14.56927],[125.39083,-14.56994],[125.39234,-14.57153],[125.39162,-14.57615],[125.38793,-14.57242],[125.38771,-14.56858],[125.38585,-14.56823],[125.3832,-14.57513],[125.38201,-14.57262],[125.37955,-14.57253],[125.37766,-14.5736],[125.37725,-14.57677],[125.37446,-14.57576],[125.37085,-14.58173],[125.37468,-14.58549],[125.37015,-14.58331],[125.36515,-14.58566],[125.35843,-14.58508],[125.35714,-14.5871],[125.35773,-14.58383],[125.35565,-14.58281],[125.3546,-14.58405],[125.35414,-14.58235],[125.35762,-14.58202],[125.36148,-14.57334],[125.36799,-14.56964],[125.36777,-14.56501],[125.36894,-14.56355],[125.36906,-14.56084],[125.3664,-14.55868],[125.36106,-14.56002],[125.36097,-14.55494],[125.35749,-14.55425],[125.35506,-14.55176],[125.35796,-14.55346],[125.36005,-14.55053],[125.35996,-14.545],[125.35718,-14.54228],[125.35929,-14.53687],[125.35732,-14.53607],[125.35872,-14.53518],[125.35514,-14.53008],[125.35596,-14.5276],[125.35804,-14.52953],[125.36211,-14.52503],[125.36373,-14.52627],[125.3642,-14.52503],[125.36155,-14.51983],[125.36284,-14.51792],[125.36203,-14.51599],[125.36389,-14.51465],[125.36402,-14.51013],[125.36728,-14.50743],[125.3667,-14.50506],[125.36414,-14.50573],[125.36134,-14.51148],[125.3581,-14.51316],[125.35021,-14.51347],[125.34568,-14.51628],[125.34509,-14.51989],[125.34207,-14.52157],[125.34541,-14.52756],[125.34169,-14.5306],[125.34259,-14.53896],[125.34572,-14.53908],[125.35011,-14.54384],[125.34963,-14.54576],[125.34662,-14.54665],[125.34452,-14.54992],[125.34647,-14.55624],[125.34798,-14.55456],[125.34972,-14.55513],[125.34774,-14.55794],[125.3476,-14.56472],[125.34042,-14.56097],[125.33568,-14.55576],[125.32825,-14.55923],[125.32557,-14.5617],[125.32696,-14.56442],[125.32533,-14.56419],[125.3252,-14.56836],[125.32322,-14.57005],[125.32415,-14.57163],[125.32473,-14.56994],[125.32635,-14.57243],[125.32517,-14.57649],[125.32572,-14.5844],[125.32297,-14.57739],[125.32112,-14.5758],[125.31925,-14.57805],[125.31973,-14.57523],[125.31776,-14.57285],[125.31394,-14.57171],[125.31359,-14.5734],[125.31138,-14.57339],[125.30607,-14.56626],[125.30505,-14.5605],[125.30228,-14.55801],[125.30042,-14.55822],[125.29691,-14.56611],[125.2983,-14.56691],[125.2977,-14.57188],[125.30164,-14.57437],[125.30359,-14.57957],[125.30024,-14.57539],[125.29815,-14.57775],[125.29491,-14.57469],[125.28747,-14.5785],[125.29047,-14.58337],[125.28596,-14.5794],[125.28249,-14.57859],[125.27875,-14.58434],[125.27851,-14.58795],[125.27676,-14.58885],[125.27803,-14.59224],[125.27698,-14.59302],[125.27524,-14.59189],[125.27479,-14.58974],[125.27294,-14.58883],[125.27451,-14.59508],[125.2727,-14.5903],[125.27038,-14.58939],[125.27077,-14.59452],[125.26851,-14.59288],[125.26841,-14.5904],[125.26551,-14.58948],[125.26365,-14.58981],[125.26213,-14.59353],[125.25854,-14.59329],[125.25724,-14.5978],[125.25539,-14.59768],[125.25468,-14.60017],[125.25699,-14.60311],[125.25559,-14.60412],[125.25631,-14.60663],[125.2535,-14.60502],[125.25357,-14.60681],[125.2631,-14.61183],[125.26252,-14.61295],[125.2602,-14.61204],[125.26147,-14.61351],[125.26088,-14.61554],[125.25856,-14.61576],[125.25386,-14.61328],[125.25433,-14.61217],[125.2522,-14.61043],[125.24903,-14.61112],[125.25211,-14.61277],[125.25289,-14.61538],[125.24859,-14.61527],[125.24846,-14.61979],[125.25065,-14.62194],[125.25691,-14.62366],[125.2569,-14.62569],[125.25875,-14.6266],[125.25747,-14.62829],[125.25886,-14.62818],[125.25688,-14.63052],[125.25933,-14.63005],[125.25923,-14.6315],[125.26083,-14.63104],[125.26117,-14.63271],[125.26271,-14.63237],[125.26399,-14.63493],[125.2666,-14.63668],[125.268,-14.63601],[125.26973,-14.63827],[125.27344,-14.63772],[125.28036,-14.6402],[125.28321,-14.63076],[125.28277,-14.62534],[125.28566,-14.62873],[125.28786,-14.62897],[125.28846,-14.62321],[125.29064,-14.63112],[125.29492,-14.6334],[125.29842,-14.63752],[125.30027,-14.63495],[125.29919,-14.63928],[125.30034,-14.64166],[125.30749,-14.64688],[125.30843,-14.64993],[125.30238,-14.65499],[125.29879,-14.6534],[125.28823,-14.6537],[125.28731,-14.65268],[125.28475,-14.65459],[125.28267,-14.653],[125.2793,-14.65366],[125.27743,-14.65569],[125.27859,-14.6575],[125.27708,-14.65738],[125.27602,-14.66042],[125.27405,-14.65963],[125.2737,-14.66132],[125.27139,-14.65962],[125.2714,-14.65521],[125.26977,-14.65814],[125.26699,-14.6561],[125.26084,-14.65777],[125.25838,-14.66205],[125.26011,-14.66454],[125.25791,-14.66476],[125.2594,-14.66872],[125.25766,-14.66882],[125.26102,-14.67064],[125.2588,-14.67278],[125.25511,-14.66768],[125.2543,-14.66847],[125.25728,-14.67808],[125.26825,-14.69099],[125.26212,-14.69307],[125.25664,-14.69196],[125.25376,-14.68676],[125.24878,-14.68471],[125.24557,-14.67555],[125.24566,-14.68221],[125.2436,-14.67419],[125.23989,-14.67372],[125.24129,-14.67079],[125.2405,-14.66639],[125.23437,-14.66117],[125.22833,-14.66318],[125.22402,-14.66802],[125.22284,-14.67061],[125.22597,-14.67265],[125.22214,-14.67207],[125.21876,-14.67522],[125.21773,-14.67386],[125.21845,-14.66686],[125.21287,-14.66865],[125.21355,-14.67249],[125.21181,-14.67361],[125.21283,-14.67949],[125.20979,-14.68557],[125.21057,-14.69224],[125.21126,-14.69405],[125.21323,-14.69394],[125.21368,-14.6979],[125.21705,-14.69746],[125.21518,-14.70016],[125.21748,-14.7057],[125.21504,-14.70603],[125.21607,-14.711],[125.21444,-14.71156],[125.21149,-14.7217],[125.20988,-14.7199],[125.20817,-14.71142],[125.20414,-14.70542],[125.20507,-14.70351],[125.20115,-14.69796],[125.19766,-14.69941],[125.19926,-14.70653],[125.18986,-14.70694],[125.18719,-14.70501],[125.18822,-14.70874],[125.18603,-14.7058],[125.18335,-14.7076],[125.1822,-14.7059],[125.17986,-14.70984],[125.18312,-14.70872],[125.18029,-14.7191],[125.18248,-14.72125],[125.18191,-14.71866],[125.18295,-14.71968],[125.18435,-14.71889],[125.18469,-14.72194],[125.18259,-14.72329],[125.18374,-14.72566],[125.18292,-14.7269],[125.18419,-14.72883],[125.18745,-14.72771],[125.18707,-14.73369],[125.1953,-14.73836],[125.18775,-14.73866],[125.18899,-14.74702],[125.18574,-14.74803],[125.18378,-14.74373],[125.18123,-14.7427],[125.1816,-14.73864],[125.17882,-14.73626],[125.17313,-14.73759],[125.16932,-14.73339],[125.16849,-14.73723],[125.16722,-14.73576],[125.16675,-14.73677],[125.16222,-14.73641],[125.16154,-14.73268],[125.15981,-14.73211],[125.15759,-14.73549],[125.16001,-14.73787],[125.15781,-14.73696],[125.15479,-14.7383],[125.15686,-14.74305],[125.15524,-14.74113],[125.15337,-14.74349],[125.15175,-14.74247],[125.14988,-14.74539],[125.14999,-14.74822],[125.14756,-14.7464],[125.14634,-14.74806],[125.14777,-14.74956],[125.14672,-14.75216],[125.14337,-14.74729],[125.14144,-14.74766],[125.14679,-14.76254],[125.14561,-14.76683],[125.14828,-14.76628],[125.14711,-14.76853],[125.15048,-14.76911],[125.14873,-14.7708],[125.1508,-14.77509],[125.15254,-14.77442],[125.15335,-14.77612],[125.15256,-14.7707],[125.15593,-14.76958],[125.15467,-14.76653],[125.15756,-14.76903],[125.16034,-14.76892],[125.16425,-14.77831],[125.16496,-14.77448],[125.16646,-14.77866],[125.16797,-14.77776],[125.16971,-14.77879],[125.1662,-14.7843],[125.1668,-14.7905],[125.17117,-14.78895],[125.17352,-14.78354],[125.17992,-14.77826],[125.18178,-14.77917],[125.18096,-14.78086],[125.18246,-14.78189],[125.18723,-14.7801],[125.19004,-14.77537],[125.18793,-14.7818],[125.18157,-14.78432],[125.18216,-14.78929],[125.1806,-14.7898],[125.1816,-14.79231],[125.18512,-14.79069],[125.18469,-14.78709],[125.18732,-14.78457],[125.18895,-14.78474],[125.19468,-14.77618],[125.19233,-14.78294],[125.19406,-14.78442],[125.19126,-14.78813],[125.19299,-14.79119],[125.19542,-14.7921],[125.19775,-14.79121],[125.20172,-14.78512],[125.20156,-14.78773],[125.20379,-14.79021],[125.20286,-14.79066],[125.20518,-14.79101],[125.20355,-14.79304],[125.2054,-14.79485],[125.20516,-14.79711],[125.19953,-14.79624],[125.19493,-14.79887],[125.19585,-14.80068],[125.19423,-14.80079],[125.19387,-14.80339],[125.19259,-14.80259],[125.19153,-14.80699],[125.18951,-14.80376],[125.19475,-14.81592],[125.19461,-14.82078],[125.19739,-14.82146],[125.19472,-14.82292],[125.19528,-14.82755],[125.19319,-14.82608],[125.19251,-14.82336],[125.19146,-14.82528],[125.19018,-14.82403],[125.18913,-14.82674],[125.18925,-14.82437],[125.18647,-14.82323],[125.18773,-14.82696],[125.18413,-14.82694],[125.18563,-14.83079],[125.18854,-14.82843],[125.18958,-14.82968],[125.18632,-14.83249],[125.18618,-14.83734],[125.18815,-14.83825],[125.18944,-14.83668],[125.19175,-14.8386],[125.19525,-14.83568],[125.19537,-14.83354],[125.19688,-14.83332],[125.19629,-14.8349],[125.19872,-14.83705],[125.19767,-14.8393],[125.19918,-14.83954],[125.19778,-14.84122],[125.20055,-14.84406],[125.20752,-14.84476],[125.20892,-14.84285],[125.20866,-14.84996],[125.21225,-14.85144],[125.21004,-14.85335],[125.21189,-14.85607],[125.20945,-14.85505],[125.21072,-14.85742],[125.20886,-14.85798],[125.20837,-14.86294],[125.21011,-14.86487],[125.2115,-14.86521],[125.21302,-14.86161],[125.21661,-14.86467],[125.22092,-14.86277],[125.21869,-14.8675],[125.22011,-14.86874],[125.22357,-14.8666],[125.22405,-14.863],[125.22521,-14.86323],[125.22186,-14.85814],[125.22455,-14.85533],[125.22458,-14.84799],[125.2262,-14.84721],[125.22794,-14.84845],[125.22677,-14.85161],[125.2278,-14.85275],[125.23013,-14.8523],[125.22977,-14.8549],[125.23175,-14.85445],[125.23165,-14.85118],[125.23432,-14.84927],[125.23456,-14.84735],[125.23759,-14.84691],[125.23911,-14.84353],[125.2376,-14.84262],[125.24355,-14.83643],[125.24367,-14.83451],[125.24129,-14.83422],[125.24415,-14.83169],[125.24913,-14.83453],[125.24366,-14.83813],[125.2441,-14.84287],[125.24188,-14.84772],[125.24315,-14.8493],[125.24047,-14.85155],[125.24233,-14.85246],[125.2393,-14.85448],[125.23928,-14.85922],[125.23778,-14.85786],[125.23556,-14.86045],[125.23589,-14.86497],[125.23392,-14.86505],[125.23553,-14.86756],[125.2389,-14.86656],[125.24399,-14.87143],[125.24458,-14.86986],[125.25096,-14.87225],[125.25294,-14.87],[125.25099,-14.8639],[125.25379,-14.86075],[125.25134,-14.85579],[125.25429,-14.85251],[125.25881,-14.85501],[125.26087,-14.86167],[125.26411,-14.86541],[125.26959,-14.85979],[125.2717,-14.8537],[125.27204,-14.8563],[125.27412,-14.85822],[125.27249,-14.85968],[125.27388,-14.86206],[125.27178,-14.86386],[125.27396,-14.87008],[125.2734,-14.86567],[125.27479,-14.865],[125.27515,-14.86184],[125.27713,-14.86207],[125.27827,-14.86614],[125.27993,-14.86545],[125.28668,-14.85296],[125.29003,-14.85839],[125.28932,-14.86178],[125.29083,-14.86077],[125.29292,-14.86179],[125.28942,-14.86686],[125.29173,-14.87127],[125.29625,-14.87343],[125.2959,-14.87527],[125.29787,-14.87547],[125.30056,-14.87006],[125.30567,-14.86962],[125.30612,-14.8737],[125.30414,-14.87605],[125.30505,-14.88148],[125.3098,-14.88273],[125.31248,-14.87981],[125.32027,-14.87916],[125.32316,-14.88097],[125.33399,-14.8813],[125.33244,-14.88341],[125.32979,-14.88237],[125.33014,-14.88498],[125.32222,-14.88359],[125.3214,-14.88729],[125.31884,-14.88864],[125.31675,-14.88761],[125.31662,-14.89543],[125.31893,-14.89699],[125.31724,-14.8966],[125.31141,-14.90004],[125.30813,-14.89582],[125.30884,-14.89233],[125.3071,-14.89119],[125.30603,-14.89762],[125.31116,-14.90149],[125.31205,-14.90408],[125.30809,-14.90869],[125.30799,-14.90407],[125.30594,-14.90105],[125.30358,-14.90055],[125.30336,-14.89818],[125.30162,-14.89874],[125.30196,-14.90077],[125.29822,-14.90539],[125.29672,-14.90335],[125.29463,-14.90357],[125.29496,-14.90797],[125.29798,-14.90968],[125.29773,-14.91261],[125.30005,-14.91589],[125.30597,-14.91659],[125.3077,-14.92021],[125.30629,-14.92483],[125.29569,-14.92872],[125.29686,-14.93022],[125.29543,-14.93103],[125.29802,-14.93583],[125.2947,-14.93796],[125.293,-14.93664],[125.29137,-14.93777],[125.28982,-14.93078],[125.28926,-14.93228],[125.28723,-14.93107],[125.28827,-14.9294],[125.28722,-14.92872],[125.28378,-14.92866],[125.28349,-14.93209],[125.28153,-14.92915],[125.278,-14.93133],[125.27523,-14.93006],[125.26991,-14.93327],[125.272,-14.93137],[125.27134,-14.92729],[125.26995,-14.92674],[125.26775,-14.92958],[125.26679,-14.92481],[125.26134,-14.92309],[125.2658,-14.91126],[125.26279,-14.90729],[125.26361,-14.90459],[125.26164,-14.90368],[125.26027,-14.89904],[125.25631,-14.89982],[125.25828,-14.90186],[125.25764,-14.90314],[125.25619,-14.90243],[125.25713,-14.90517],[125.25223,-14.9059],[125.25509,-14.91092],[125.2578,-14.90694],[125.25594,-14.91145],[125.25348,-14.91336],[125.25463,-14.91449],[125.25182,-14.92069],[125.25505,-14.92657],[125.24717,-14.92327],[125.24788,-14.91842],[125.24455,-14.91394],[125.24116,-14.91512],[125.24254,-14.91693],[125.23964,-14.91748],[125.24172,-14.92043],[125.23975,-14.91974],[125.23927,-14.92324],[125.23658,-14.9209],[125.23072,-14.91912],[125.23299,-14.93156],[125.23008,-14.92704],[125.22912,-14.9302],[125.22824,-14.92775],[125.22728,-14.92895],[125.22531,-14.92793],[125.22577,-14.92399],[125.22288,-14.92611],[125.22419,-14.93017],[125.22148,-14.92735],[125.2188,-14.92926],[125.21948,-14.93333],[125.22297,-14.93311],[125.2218,-14.93526],[125.22319,-14.93603],[125.22132,-14.93841],[125.22362,-14.94294],[125.22118,-14.94304],[125.22058,-14.94857],[125.2156,-14.94483],[125.21491,-14.94279],[125.21328,-14.94538],[125.2171,-14.94856],[125.21465,-14.95058],[125.21317,-14.94875],[125.21233,-14.95012],[125.2136,-14.95182],[125.2099,-14.94998],[125.21083,-14.94718],[125.20782,-14.94716],[125.20976,-14.95327],[125.21288,-14.95656],[125.2116,-14.95757],[125.21287,-14.95983],[125.20985,-14.95915],[125.21402,-14.963],[125.21274,-14.96243],[125.21169,-14.9648],[125.21366,-14.96548],[125.21373,-14.9698],[125.21783,-14.96911],[125.22247,-14.97048],[125.22329,-14.96902],[125.21982,-14.96483],[125.22212,-14.96366],[125.22362,-14.96699],[125.22771,-14.96892],[125.22702,-14.96711],[125.22864,-14.96735],[125.2276,-14.96599],[125.23005,-14.96419],[125.22948,-14.96204],[125.23216,-14.96298],[125.23157,-14.96058],[125.23343,-14.96093],[125.23272,-14.96397],[125.23423,-14.96533],[125.23406,-14.96052],[125.23494,-14.96251],[125.23728,-14.96183],[125.23704,-14.95947],[125.23972,-14.95587],[125.23858,-14.94935],[125.24162,-14.94504],[125.23959,-14.94231],[125.24848,-14.9454],[125.25266,-14.94395],[125.25336,-14.94565],[125.25638,-14.94521],[125.25766,-14.94374],[125.25824,-14.94533],[125.26242,-14.9459],[125.2566,-14.94713],[125.2554,-14.9574],[125.25097,-14.96144],[125.25213,-14.96325],[125.25038,-14.96551],[125.2544,-14.97839],[125.25776,-14.97874],[125.25995,-14.97548],[125.26242,-14.97707],[125.26508,-14.97613],[125.26499,-14.97391],[125.2626,-14.97424],[125.26442,-14.97086],[125.26314,-14.97007],[125.26373,-14.96714],[125.26769,-14.96523],[125.26852,-14.96139],[125.27121,-14.95958],[125.27875,-14.95929],[125.28083,-14.96234],[125.2886,-14.96598],[125.29303,-14.96171],[125.30035,-14.96117],[125.30229,-14.96266],[125.30465,-14.96163],[125.30496,-14.96381],[125.29777,-14.96838],[125.29856,-14.9738],[125.296,-14.97662],[125.28404,-14.97466],[125.2781,-14.97881],[125.27913,-14.98311],[125.28319,-14.98515],[125.28551,-14.98471],[125.28388,-14.98708],[125.28539,-14.98787],[125.28375,-14.98945],[125.28315,-14.99464],[125.28561,-14.99918],[125.28703,-15.00024],[125.28837,-14.99827],[125.29547,-14.99592],[125.30167,-15.00334],[125.30284,-14.99942],[125.30197,-14.99707],[125.3036,-14.99629],[125.30992,-15.00376],[125.31131,-15.00262],[125.31876,-15.00586],[125.32176,-15.00032],[125.32757,-15.00037],[125.32801,-14.99242],[125.33045,-14.99231],[125.33535,-14.98714],[125.33952,-14.9868],[125.33882,-14.99132],[125.33998,-14.99325],[125.33764,-14.99663],[125.33734,-15.00262],[125.34257,-15.00304],[125.34721,-15.00088],[125.34965,-15.00211],[125.35294,-15.00887],[125.35607,-15.00693],[125.36014,-15.00737],[125.3635,-15.00577],[125.36622,-14.99728],[125.36538,-14.99141],[125.36832,-14.99548],[125.37115,-14.99667],[125.37122,-15.00078],[125.37383,-15.00323],[125.37314,-15.00617],[125.3746,-15.01021],[125.3791,-15.01384],[125.38266,-15.02533],[125.38152,-15.0294],[125.38595,-15.03254],[125.40418,-15.02884],[125.40938,-15.02509],[125.41202,-15.01863],[125.41036,-15.01232],[125.40826,-15.01142],[125.41023,-15.01029],[125.40899,-14.99857],[125.41327,-14.99857],[125.41408,-15.01196],[125.41765,-15.01329],[125.41537,-15.01444],[125.41862,-15.0151],[125.41877,-15.01973],[125.42099,-15.02164],[125.42946,-15.02002],[125.43467,-15.01649],[125.44395,-15.01384],[125.44685,-15.00714],[125.44139,-14.99943],[125.44264,-14.99906],[125.44844,-15.00704],[125.44991,-14.99992],[125.45499,-14.99799],[125.45873,-14.99931],[125.46319,-14.99482],[125.47151,-14.9925],[125.47053,-14.99672],[125.47428,-15.00118],[125.48161,-14.99857],[125.47804,-15.00327],[125.4748,-15.00476],[125.46945,-15.00388],[125.46885,-15.0005],[125.46698,-14.99915],[125.46246,-15.00019],[125.45897,-15.00563],[125.45715,-15.00609],[125.45658,-15.00779],[125.45809,-15.00835],[125.45589,-15.01017],[125.46204,-15.00879],[125.45857,-15.01151],[125.46266,-15.01149],[125.45812,-15.01309],[125.45929,-15.01489],[125.45545,-15.01378],[125.45678,-15.01709],[125.45349,-15.01628],[125.45362,-15.01854],[125.44677,-15.02004],[125.4465,-15.02182],[125.44457,-15.02095],[125.43691,-15.02246],[125.43493,-15.02568],[125.43297,-15.02485],[125.42845,-15.0268],[125.41954,-15.03373],[125.41736,-15.03894],[125.41784,-15.04155],[125.41413,-15.04189],[125.41149,-15.04744],[125.40614,-15.04814],[125.40193,-15.04252],[125.39834,-15.04502],[125.39778,-15.04875],[125.39417,-15.0473],[125.38432,-15.0522],[125.3877,-15.05479],[125.38702,-15.05648],[125.38284,-15.05775],[125.37549,-15.0527],[125.37285,-15.05904],[125.36741,-15.06245],[125.37014,-15.07373],[125.38453,-15.06937],[125.38559,-15.07129],[125.39012,-15.07149],[125.39487,-15.0691],[125.3943,-15.07057],[125.39628,-15.07056],[125.40216,-15.06375],[125.3994,-15.06727],[125.40024,-15.0728],[125.39782,-15.07699],[125.40073,-15.07652],[125.39772,-15.0797],[125.3982,-15.08196],[125.40193,-15.08465],[125.40021,-15.08895],[125.38516,-15.09829],[125.38227,-15.10225],[125.37821,-15.10306],[125.37646,-15.10149],[125.37309,-15.10331],[125.37299,-15.10557],[125.37637,-15.10635],[125.37614,-15.10804],[125.37754,-15.10883],[125.37359,-15.10964],[125.37113,-15.10513],[125.36798,-15.10379],[125.35766,-15.10836],[125.36418,-15.11036],[125.3687,-15.10904],[125.37641,-15.11414],[125.38047,-15.11231],[125.37596,-15.11697],[125.3932,-15.12343],[125.3937,-15.1293],[125.3971,-15.13169],[125.39975,-15.1304],[125.40069,-15.13209],[125.40685,-15.13263],[125.40952,-15.13092],[125.41046,-15.13295],[125.41451,-15.13033],[125.41928,-15.12951],[125.43352,-15.13074],[125.45159,-15.1289],[125.45555,-15.13023],[125.4593,-15.13462],[125.46477,-15.13617],[125.47965,-15.1362],[125.47931,-15.13402],[125.48424,-15.13938],[125.48134,-15.15479],[125.47884,-15.15608],[125.47221,-15.15247],[125.4609,-15.1494],[125.44788,-15.15004],[125.4462,-15.15357],[125.44602,-15.14959],[125.4431,-15.14871],[125.43213,-15.15293],[125.42581,-15.15309],[125.41735,-15.15765],[125.41188,-15.15756],[125.39836,-15.15232],[125.38541,-15.14414],[125.37831,-15.1426],[125.37204,-15.14455],[125.37167,-15.15036],[125.36802,-15.15292],[125.36821,-15.15585],[125.36025,-15.15344],[125.35654,-15.15087],[125.35278,-15.15164],[125.35207,-15.14916],[125.35068,-15.15052],[125.34599,-15.14309],[125.34355,-15.14378],[125.34148,-15.1465],[125.33822,-15.14708],[125.33589,-15.14562],[125.33556,-15.14913],[125.33439,-15.14699],[125.33159,-15.14644],[125.33888,-15.16058],[125.33494,-15.16291],[125.3291,-15.15921],[125.32535,-15.15245],[125.32313,-15.15201],[125.31813,-15.15444],[125.31663,-15.15306],[125.31513,-15.15465],[125.31081,-15.15195],[125.3068,-15.15162],[125.30835,-15.14903],[125.30587,-15.14215],[125.30299,-15.14657],[125.30136,-15.14624],[125.29983,-15.14263],[125.29543,-15.14581],[125.29287,-15.14537],[125.29089,-15.14292],[125.28231,-15.14361],[125.2792,-15.1321],[125.28449,-15.12033],[125.28469,-15.1157],[125.28724,-15.11298],[125.28973,-15.09964],[125.28484,-15.09932],[125.28369,-15.10057],[125.28111,-15.09753],[125.27475,-15.10242],[125.2742,-15.10908],[125.27222,-15.10977],[125.27103,-15.11372],[125.26505,-15.11266],[125.26601,-15.09997],[125.26241,-15.09953],[125.26003,-15.10362],[125.25778,-15.10441],[125.25417,-15.10217],[125.24476,-15.10469],[125.24197,-15.10425],[125.24047,-15.10539],[125.24187,-15.10697],[125.24106,-15.10776],[125.24446,-15.11294],[125.24271,-15.11284],[125.24048,-15.109],[125.23886,-15.1098],[125.23758,-15.10857],[125.23837,-15.10483],[125.24054,-15.1025],[125.23754,-15.1018],[125.23639,-15.10405],[125.23603,-15.10189],[125.2336,-15.10395],[125.23232,-15.10305],[125.2331,-15.10214],[125.23103,-15.10215],[125.2278,-15.10612],[125.22813,-15.10296],[125.22546,-15.10342],[125.22385,-15.10795],[125.22702,-15.11381],[125.22329,-15.11077],[125.22199,-15.10626],[125.21816,-15.1091],[125.22341,-15.11303],[125.22051,-15.11304],[125.21654,-15.1099],[125.21504,-15.11239],[125.21947,-15.11497],[125.2147,-15.11341],[125.2125,-15.11635],[125.21739,-15.11859],[125.21925,-15.11813],[125.21891,-15.11983],[125.22379,-15.11958],[125.22427,-15.12116],[125.22218,-15.12151],[125.22033,-15.12392],[125.21705,-15.11995],[125.21204,-15.11828],[125.20972,-15.1193],[125.21055,-15.12099],[125.20856,-15.11953],[125.20555,-15.12067],[125.20928,-15.12326],[125.20886,-15.12506],[125.20706,-15.12541],[125.20719,-15.12327],[125.20462,-15.12158],[125.20429,-15.12486],[125.2009,-15.12261],[125.19719,-15.12319],[125.19325,-15.12739],[125.1922,-15.12649],[125.1907,-15.12774],[125.19025,-15.13102],[125.18773,-15.1323],[125.17966,-15.13098],[125.17733,-15.12892],[125.17548,-15.13108],[125.17431,-15.13006],[125.17283,-15.13538],[125.1754,-15.13797],[125.17296,-15.14012],[125.17176,-15.14428],[125.16325,-15.15135],[125.15777,-15.14854],[125.15833,-15.14323],[125.1525,-15.14054],[125.14852,-15.13435],[125.14725,-15.13627],[125.14503,-15.1347],[125.1388,-15.118],[125.13887,-15.11046],[125.14085,-15.10941],[125.13848,-15.10292],[125.12206,-15.09163],[125.12342,-15.08451],[125.12202,-15.08305],[125.11953,-15.0841],[125.12212,-15.07898],[125.12163,-15.07446],[125.12563,-15.05897],[125.12818,-15.05636],[125.12993,-15.05862],[125.13342,-15.05894],[125.13153,-15.05149],[125.12568,-15.04349],[125.1159,-15.03867],[125.10939,-15.03723],[125.10553,-15.03317],[125.10393,-15.03849],[125.10568,-15.03984],[125.10557,-15.043],[125.10374,-15.04798],[125.10234,-15.04674],[125.10126,-15.04944],[125.09956,-15.04958],[125.09656,-15.05625],[125.10081,-15.06446],[125.09533,-15.06812],[125.07754,-15.0657],[125.07685,-15.06683],[125.07238,-15.06489],[125.07497,-15.06243],[125.07241,-15.0612],[125.07601,-15.06107],[125.07901,-15.05688],[125.07727,-15.05542],[125.07689,-15.04819],[125.07919,-15.04366],[125.08348,-15.0406],[125.07951,-15.03666],[125.07395,-15.0412],[125.07082,-15.04222],[125.06733,-15.04145],[125.05959,-15.03652],[125.05902,-15.02826],[125.06075,-15.02486],[125.06401,-15.02451],[125.07569,-15.01227],[125.07499,-15.01069],[125.08171,-15.00547],[125.08399,-14.99149],[125.08691,-14.98913],[125.09284,-14.98814],[125.08822,-14.98214],[125.08519,-14.9828],[125.08309,-14.98527],[125.07938,-14.9839],[125.07811,-14.98187],[125.07473,-14.98422],[125.07871,-14.97701],[125.07638,-14.97802],[125.0743,-14.97575],[125.07034,-14.97743],[125.07045,-14.97969],[125.06871,-14.97889],[125.068,-14.98205],[125.06498,-14.9817],[125.06334,-14.98349],[125.05986,-14.98258],[125.05449,-14.98808],[125.05378,-14.99113],[125.05566,-14.99977],[125.05387,-14.99655],[125.0524,-14.99762],[125.05306,-14.99429],[125.05007,-14.98931],[125.04763,-14.98896],[125.04774,-14.98627],[125.04463,-14.98443],[125.04031,-14.98499],[125.03833,-14.98903],[125.03577,-14.99026],[125.03669,-14.99196],[125.03516,-14.99489],[125.03307,-14.996],[125.02902,-14.99158],[125.02801,-14.98424],[125.02405,-14.98614],[125.02091,-14.9859],[125.01966,-14.98092],[125.01699,-14.97978],[125.01198,-14.98315],[125.0166,-14.98915],[125.02241,-14.98805],[125.02518,-14.99236],[125.02085,-14.99843],[125.01896,-15.00794],[125.01921,-15.01257],[125.02096,-15.01279],[125.02411,-15.01741],[125.02355,-15.02205],[125.01695,-15.02919],[125.01673,-15.03213],[125.01419,-15.03507],[125.01769,-15.03834],[125.02047,-15.03595],[125.01953,-15.03426],[125.02621,-15.03133],[125.02821,-15.03576],[125.02617,-15.03899],[125.02315,-15.03832],[125.02095,-15.03991],[125.02028,-15.04703],[125.02577,-15.0539],[125.03134,-15.05162],[125.03552,-15.05195],[125.02942,-15.0662],[125.03734,-15.07149],[125.0416,-15.07126],[125.04537,-15.07304],[125.04771,-15.0771],[125.03891,-15.08639],[125.035,-15.10214],[125.03107,-15.10179],[125.03237,-15.10912],[125.02987,-15.11327],[125.02557,-15.11331],[125.01792,-15.09991],[125.01115,-15.09349],[125.00864,-15.10468],[125.00399,-15.10526],[125.00096,-15.10335],[124.99759,-15.10483],[124.99725,-15.10596],[124.99911,-15.10686],[124.99645,-15.10992],[124.99708,-15.1228],[124.99309,-15.11332],[124.99111,-15.11254],[124.98774,-15.11424],[124.98589,-15.11673],[124.98506,-15.13327],[124.98116,-15.12646],[124.97898,-15.13359],[124.97445,-15.1353],[124.96682,-15.13184],[124.96535,-15.12696],[124.96906,-15.12402],[124.96706,-15.12251],[124.96439,-15.12484],[124.96148,-15.11873],[124.95869,-15.11874],[124.95672,-15.12359],[124.94947,-15.12353],[124.95169,-15.11322],[124.94844,-15.11391],[124.9459,-15.11799],[124.94607,-15.12125],[124.9473,-15.11956],[124.94921,-15.11985],[124.94731,-15.12194],[124.94789,-15.1234],[124.94325,-15.12556],[124.93894,-15.12467],[124.93278,-15.1204],[124.93076,-15.11356],[124.92645,-15.10867],[124.92542,-15.11468],[124.92206,-15.1167],[124.91564,-15.11005],[124.91039,-15.10679],[124.90983,-15.11142],[124.90682,-15.11584],[124.90135,-15.11585],[124.89518,-15.1135],[124.89309,-15.1143],[124.89043,-15.11905],[124.8866,-15.11996],[124.8844,-15.12212],[124.8844,-15.12404],[124.88125,-15.12585],[124.87824,-15.1253],[124.87791,-15.1306],[124.87441,-15.12666],[124.87069,-15.12622],[124.86756,-15.1303],[124.86932,-15.13413],[124.86769,-15.13515],[124.87016,-15.14306],[124.869,-15.14487],[124.864,-15.1433],[124.86307,-15.14533],[124.86091,-15.14439],[124.85552,-15.14637],[124.85194,-15.15553],[124.84913,-15.14978],[124.84102,-15.15974],[124.83729,-15.15602],[124.83392,-15.15795],[124.83427,-15.15919],[124.83613,-15.15862],[124.84068,-15.16178],[124.84161,-15.16098],[124.8458,-15.16269],[124.84313,-15.16629],[124.84092,-15.16596],[124.83954,-15.16901],[124.84013,-15.17409],[124.83527,-15.18088],[124.83772,-15.18314],[124.84247,-15.17861],[124.84467,-15.17318],[124.84618,-15.1734],[124.84747,-15.17792],[124.85838,-15.16983],[124.86155,-15.16903],[124.85921,-15.17506],[124.85411,-15.18072],[124.85482,-15.18355],[124.85936,-15.18365],[124.86551,-15.17934],[124.86784,-15.18046],[124.86946,-15.1782],[124.87283,-15.1783],[124.87968,-15.17354],[124.88747,-15.17182],[124.89638,-15.17343],[124.89636,-15.17568],[124.89469,-15.17462],[124.89144,-15.1761],[124.88309,-15.18403],[124.87864,-15.18594],[124.87705,-15.1888],[124.87741,-15.19151],[124.87473,-15.19106],[124.87102,-15.1939],[124.86729,-15.19289],[124.86428,-15.19493],[124.86768,-15.20407],[124.8728,-15.20598],[124.87792,-15.2054],[124.88115,-15.20842],[124.879,-15.21534],[124.87493,-15.21445],[124.87168,-15.2174],[124.87146,-15.22113],[124.8675,-15.22159],[124.86592,-15.23594],[124.86885,-15.24362],[124.8699,-15.24418],[124.87807,-15.2363],[124.88488,-15.23487],[124.89183,-15.23032],[124.88807,-15.23858],[124.88599,-15.2394],[124.87923,-15.24901],[124.87976,-15.25236],[124.87691,-15.25207],[124.87448,-15.25513],[124.878,-15.25577],[124.87809,-15.25805],[124.87519,-15.26055],[124.87578,-15.2619],[124.87961,-15.25929],[124.8888,-15.25757],[124.88955,-15.25295],[124.89494,-15.25145],[124.89575,-15.24953],[124.90021,-15.24949],[124.90795,-15.24565],[124.90991,-15.23898],[124.90759,-15.23796],[124.90099,-15.24021],[124.90682,-15.23458],[124.90686,-15.23063],[124.90919,-15.23175],[124.9102,-15.22902],[124.91162,-15.22999],[124.91755,-15.22823],[124.91882,-15.22472],[124.91716,-15.21512],[124.91915,-15.21805],[124.91975,-15.2246],[124.92072,-15.22386],[124.92301,-15.22572],[124.9258,-15.22515],[124.93206,-15.21937],[124.93555,-15.21959],[124.94379,-15.21312],[124.94401,-15.20996],[124.94261,-15.20861],[124.93591,-15.20972],[124.94283,-15.2051],[124.94014,-15.19991],[124.93524,-15.19507],[124.93615,-15.18953],[124.93518,-15.1874],[124.9399,-15.19709],[124.94233,-15.19369],[124.94701,-15.20114],[124.95178,-15.20214],[124.95493,-15.2054],[124.96611,-15.20729],[124.96623,-15.20887],[124.96937,-15.20965],[124.97111,-15.20829],[124.96783,-15.2013],[124.96293,-15.1977],[124.96246,-15.19521],[124.96106,-15.19556],[124.96338,-15.19419],[124.96302,-15.1899],[124.96463,-15.18594],[124.97125,-15.18298],[124.97008,-15.18016],[124.97202,-15.17135],[124.96957,-15.16864],[124.97084,-15.16717],[124.97015,-15.16424],[124.97239,-15.16421],[124.9741,-15.16829],[124.97526,-15.16625],[124.97632,-15.16862],[124.97829,-15.16816],[124.97541,-15.17495],[124.97611,-15.1763],[124.97901,-15.17279],[124.9804,-15.17301],[124.98271,-15.1686],[124.984,-15.16995],[124.98538,-15.16611],[124.98483,-15.17594],[124.98923,-15.17073],[124.99049,-15.16394],[124.99492,-15.16199],[124.99119,-15.1653],[124.99108,-15.16744],[124.99203,-15.17151],[124.99586,-15.17044],[124.99343,-15.17218],[124.99468,-15.17384],[124.98728,-15.17728],[124.98198,-15.19097],[124.98421,-15.1965],[124.99283,-15.19783],[125.00095,-15.19249],[125.0043,-15.1883],[125.0073,-15.18083],[125.01426,-15.17584],[125.01132,-15.16783],[125.00737,-15.16638],[125.00933,-15.16524],[125.00886,-15.16377],[125.00584,-15.16333],[125.00978,-15.16139],[125.00989,-15.15755],[125.01257,-15.15901],[125.01383,-15.15449],[125.01663,-15.15798],[125.02279,-15.15615],[125.01828,-15.16295],[125.01795,-15.16792],[125.02017,-15.16949],[125.02866,-15.16935],[125.03131,-15.16358],[125.03899,-15.16435],[125.04582,-15.15766],[125.04943,-15.15877],[125.04736,-15.16466],[125.04865,-15.16635],[125.05604,-15.16442],[125.0532,-15.17051],[125.05672,-15.17728],[125.05928,-15.17761],[125.06022,-15.18077],[125.04951,-15.17775],[125.04858,-15.17934],[125.04718,-15.17788],[125.04149,-15.17857],[125.04208,-15.18196],[125.04558,-15.18376],[125.04616,-15.1822],[125.04681,-15.1887],[125.03749,-15.197],[125.03435,-15.1969],[125.03178,-15.19442],[125.02853,-15.19703],[125.02959,-15.19906],[125.03165,-15.19893],[125.02971,-15.20053],[125.02605,-15.21436],[125.02199,-15.21852],[125.01987,-15.21356],[125.01895,-15.21503],[125.02021,-15.21749],[125.01816,-15.22057],[125.01141,-15.22149],[125.00456,-15.22445],[125.00307,-15.22965],[125.006,-15.23518],[125.00565,-15.24192],[124.99506,-15.23768],[124.9925,-15.23376],[124.98152,-15.22419],[124.97211,-15.22723],[124.97918,-15.2199],[124.97533,-15.21619],[124.97207,-15.2171],[124.97136,-15.21349],[124.9695,-15.21214],[124.96508,-15.2126],[124.96021,-15.21669],[124.96045,-15.21917],[124.9572,-15.2202],[124.95151,-15.22507],[124.94361,-15.22815],[124.94035,-15.22748],[124.93918,-15.22421],[124.93604,-15.22433],[124.92744,-15.22921],[124.92723,-15.23373],[124.93338,-15.23112],[124.92759,-15.23791],[124.92434,-15.23917],[124.92365,-15.24177],[124.92121,-15.24166],[124.91866,-15.24528],[124.92111,-15.24754],[124.9296,-15.24808],[124.93111,-15.24649],[124.93193,-15.24739],[124.93066,-15.25044],[124.92322,-15.25182],[124.91881,-15.25455],[124.9222,-15.26007],[124.92034,-15.262],[124.91918,-15.26099],[124.91861,-15.26438],[124.92282,-15.27047],[124.91792,-15.26675],[124.91406,-15.27118],[124.91465,-15.2636],[124.91115,-15.26237],[124.91347,-15.25874],[124.91299,-15.25637],[124.91055,-15.25514],[124.90718,-15.25661],[124.90461,-15.25549],[124.90172,-15.25979],[124.90512,-15.26543],[124.90465,-15.27571],[124.90326,-15.26894],[124.90175,-15.27008],[124.89884,-15.26918],[124.89385,-15.27179],[124.89473,-15.27789],[124.89118,-15.27542],[124.89038,-15.27836],[124.88643,-15.2804],[124.88576,-15.28955],[124.88286,-15.29318],[124.87926,-15.29319],[124.87893,-15.30076],[124.87765,-15.29986],[124.87614,-15.30201],[124.87615,-15.30529],[124.88013,-15.31047],[124.8835,-15.31024],[124.88838,-15.30627],[124.89524,-15.30534],[124.8884,-15.31282],[124.88306,-15.31589],[124.89148,-15.32773],[124.89613,-15.32636],[124.89407,-15.32249],[124.89798,-15.32228],[124.89845,-15.32488],[124.9018,-15.31866],[124.90297,-15.31843],[124.90321,-15.32046],[124.90679,-15.31741],[124.90252,-15.3251],[124.90416,-15.32566],[124.90709,-15.32331],[124.90867,-15.32469],[124.90626,-15.3281],[124.90242,-15.32962],[124.9078,-15.33502],[124.90151,-15.33369],[124.89982,-15.33478],[124.89824,-15.33211],[124.89627,-15.33449],[124.89792,-15.33991],[124.90644,-15.34712],[124.9118,-15.34902],[124.91297,-15.35116],[124.9117,-15.35286],[124.91578,-15.35567],[124.92009,-15.35645],[124.93092,-15.34622],[124.93822,-15.34815],[124.94417,-15.34141],[124.9524,-15.34133],[124.95773,-15.33566],[124.96437,-15.33564],[124.96871,-15.32989],[124.97518,-15.33063],[124.97913,-15.32938],[124.98365,-15.32496],[124.98421,-15.31996],[124.99166,-15.3203],[124.99457,-15.31905],[125.00083,-15.31191],[125.00746,-15.31121],[125.0121,-15.30735],[125.01489,-15.30858],[125.01651,-15.30572],[125.02638,-15.3003],[125.03146,-15.29034],[125.03068,-15.27478],[125.03192,-15.27534],[125.03189,-15.2804],[125.03495,-15.28818],[125.04496,-15.28385],[125.0396,-15.2885],[125.04159,-15.28985],[125.03602,-15.29552],[125.03965,-15.30138],[125.05215,-15.30238],[125.06135,-15.31418],[125.06544,-15.3162],[125.08126,-15.31434],[125.08298,-15.31004],[125.08392,-15.31207],[125.0859,-15.31172],[125.0881,-15.30889],[125.08728,-15.30697],[125.08938,-15.30832],[125.0903,-15.30719],[125.09295,-15.30028],[125.08899,-15.29951],[125.09306,-15.29848],[125.09246,-15.29565],[125.09432,-15.29486],[125.09431,-15.29203],[125.09134,-15.28937],[125.0865,-15.29243],[125.08372,-15.29117],[125.08065,-15.29202],[125.07977,-15.29084],[125.08755,-15.29014],[125.08859,-15.28731],[125.08683,-15.28375],[125.08916,-15.28471],[125.09115,-15.28809],[125.095,-15.28966],[125.09567,-15.2831],[125.09426,-15.27995],[125.09076,-15.27747],[125.09203,-15.27679],[125.09074,-15.27465],[125.08678,-15.27308],[125.08876,-15.27228],[125.0856,-15.26992],[125.08559,-15.26778],[125.0835,-15.26733],[125.08524,-15.26597],[125.08383,-15.26394],[125.08209,-15.26417],[125.08301,-15.26191],[125.08067,-15.25876],[125.08171,-15.25819],[125.08101,-15.25559],[125.07343,-15.25391],[125.07972,-15.25322],[125.07746,-15.24766],[125.08182,-15.25457],[125.0838,-15.25536],[125.08311,-15.25784],[125.08663,-15.26438],[125.08881,-15.25771],[125.08716,-15.25241],[125.0896,-15.25116],[125.09001,-15.24779],[125.09053,-15.25115],[125.08844,-15.25331],[125.09079,-15.25759],[125.08815,-15.26675],[125.09037,-15.26957],[125.0921,-15.26583],[125.09431,-15.26503],[125.09119,-15.27069],[125.09701,-15.27022],[125.09259,-15.27193],[125.09388,-15.2743],[125.09644,-15.27305],[125.09575,-15.27576],[125.09858,-15.2726],[125.09912,-15.27337],[125.09669,-15.27824],[125.10033,-15.28591],[125.10379,-15.27855],[125.10262,-15.2772],[125.10503,-15.26883],[125.10327,-15.26647],[125.10595,-15.26702],[125.10511,-15.26138],[125.11395,-15.26089],[125.11893,-15.2556],[125.1179,-15.25948],[125.11627,-15.2593],[125.11256,-15.26225],[125.10768,-15.26306],[125.10862,-15.26441],[125.10702,-15.27041],[125.1083,-15.27119],[125.10609,-15.27244],[125.10509,-15.28329],[125.10819,-15.28407],[125.10394,-15.28624],[125.10187,-15.29042],[125.10327,-15.29132],[125.10199,-15.29246],[125.10249,-15.29934],[125.11002,-15.29243],[125.10192,-15.30262],[125.10576,-15.30238],[125.10633,-15.30102],[125.10785,-15.30204],[125.11097,-15.30007],[125.11553,-15.30201],[125.11577,-15.30314],[125.11274,-15.3019],[125.11067,-15.30666],[125.11077,-15.30361],[125.10948,-15.30271],[125.10286,-15.30544],[125.09918,-15.31416],[125.0993,-15.31608],[125.10583,-15.31786],[125.10896,-15.31683],[125.11035,-15.31457],[125.11014,-15.32022],[125.10874,-15.31853],[125.10513,-15.31888],[125.10549,-15.32181],[125.1035,-15.319],[125.10153,-15.32036],[125.10187,-15.31821],[125.09838,-15.31845],[125.09075,-15.32955],[125.08857,-15.33769],[125.09079,-15.33893],[125.09405,-15.33846],[125.10148,-15.33527],[125.10089,-15.33415],[125.10299,-15.33414],[125.10345,-15.33233],[125.10589,-15.33322],[125.10681,-15.33051],[125.10799,-15.33231],[125.11042,-15.32925],[125.11182,-15.33094],[125.11879,-15.32888],[125.11609,-15.32211],[125.11701,-15.31928],[125.11748,-15.32199],[125.1197,-15.32345],[125.12066,-15.32876],[125.12263,-15.32683],[125.12658,-15.32659],[125.12715,-15.32297],[125.12479,-15.31654],[125.12596,-15.31676],[125.12866,-15.32398],[125.13203,-15.32115],[125.13124,-15.31571],[125.13328,-15.31583],[125.1333,-15.31945],[125.13678,-15.31684],[125.13366,-15.32238],[125.12845,-15.32726],[125.13054,-15.32782],[125.1352,-15.32735],[125.13833,-15.32451],[125.13857,-15.32643],[125.14159,-15.32506],[125.14158,-15.32359],[125.14437,-15.32313],[125.14346,-15.31787],[125.14576,-15.32041],[125.14554,-15.32335],[125.1496,-15.32209],[125.14655,-15.3141],[125.14981,-15.31656],[125.14899,-15.31453],[125.15073,-15.31475],[125.15052,-15.31949],[125.15216,-15.32095],[125.15042,-15.32243],[125.15252,-15.32242],[125.15402,-15.32072],[125.15247,-15.31282],[125.15376,-15.31406],[125.15585,-15.31314],[125.15513,-15.30818],[125.15775,-15.30613],[125.15636,-15.30944],[125.15701,-15.31314],[125.15458,-15.31541],[125.15478,-15.31741],[125.15529,-15.31834],[125.15668,-15.31642],[125.15782,-15.31122],[125.16037,-15.31008],[125.15887,-15.31155],[125.16038,-15.31279],[125.15842,-15.31641],[125.16257,-15.31695],[125.15599,-15.31913],[125.15507,-15.32139],[125.15821,-15.32036],[125.16031,-15.3225],[125.16298,-15.32102],[125.16264,-15.32317],[125.16073,-15.32422],[125.15869,-15.32285],[125.15639,-15.32345],[125.16009,-15.32544],[125.15812,-15.3259],[125.1586,-15.32884],[125.16222,-15.33108],[125.1641,-15.33056],[125.16207,-15.3323],[125.16,-15.33007],[125.15913,-15.33525],[125.15733,-15.33234],[125.15884,-15.33053],[125.15662,-15.32941],[125.15602,-15.32455],[125.14427,-15.32652],[125.14009,-15.32891],[125.13882,-15.33129],[125.14255,-15.33184],[125.14429,-15.32968],[125.14442,-15.33273],[125.1521,-15.33248],[125.15082,-15.33372],[125.14942,-15.33305],[125.14905,-15.33435],[125.14454,-15.33386],[125.14478,-15.33669],[125.14665,-15.33758],[125.14479,-15.33838],[125.14414,-15.34272],[125.14703,-15.34515],[125.14622,-15.34617],[125.14424,-15.34493],[125.14383,-15.3479],[125.14238,-15.34505],[125.14369,-15.3435],[125.14272,-15.34257],[125.14386,-15.33748],[125.14209,-15.33353],[125.13942,-15.33377],[125.14141,-15.33636],[125.14071,-15.33761],[125.13849,-15.33411],[125.13698,-15.33525],[125.1385,-15.3375],[125.13735,-15.33943],[125.13792,-15.33739],[125.1357,-15.33559],[125.13315,-15.33684],[125.12301,-15.33542],[125.12034,-15.33701],[125.11906,-15.33611],[125.11616,-15.33906],[125.11476,-15.33748],[125.11127,-15.33885],[125.10303,-15.34453],[125.10339,-15.34611],[125.10787,-15.34696],[125.10619,-15.34847],[125.10514,-15.34689],[125.10305,-15.34781],[125.10176,-15.34521],[125.09828,-15.34805],[125.09783,-15.35212],[125.09619,-15.34953],[125.09086,-15.35497],[125.08834,-15.36481],[125.08883,-15.36944],[125.09,-15.3709],[125.09501,-15.37129],[125.08907,-15.37271],[125.08432,-15.3777],[125.08679,-15.38266],[125.08338,-15.40188],[125.08394,-15.40489],[125.08188,-15.40652],[125.08085,-15.41014],[125.08254,-15.41228],[125.0804,-15.41206],[125.07741,-15.42235],[125.07314,-15.4295],[125.07012,-15.43187],[125.07004,-15.44023],[125.07984,-15.44573],[125.08097,-15.44373],[125.08771,-15.4415],[125.08176,-15.44495],[125.08171,-15.4464],[125.10193,-15.46338],[125.10682,-15.46208],[125.10543,-15.46438],[125.10683,-15.46584],[125.11627,-15.4675],[125.13137,-15.48201],[125.13784,-15.48362],[125.13905,-15.48164],[125.14151,-15.48193],[125.13732,-15.48459],[125.13896,-15.48673],[125.14007,-15.48582],[125.14225,-15.49304],[125.14611,-15.49709],[125.15405,-15.50271],[125.15801,-15.50393],[125.16259,-15.51001],[125.17135,-15.51619],[125.17471,-15.51523],[125.18847,-15.52195],[125.19012,-15.52932],[125.19918,-15.53753],[125.20245,-15.53797],[125.20712,-15.541],[125.21663,-15.55341],[125.2203,-15.5542],[125.22319,-15.55085],[125.22577,-15.54405],[125.22403,-15.54073],[125.22582,-15.54351],[125.22601,-15.54453],[125.22404,-15.55068],[125.22522,-15.55089],[125.22361,-15.5514],[125.22449,-15.5532],[125.22812,-15.5548],[125.23891,-15.5653],[125.24452,-15.57298],[125.24684,-15.57044],[125.24633,-15.57403],[125.25487,-15.58088],[125.25987,-15.57951],[125.27146,-15.58804],[125.27866,-15.58382],[125.27972,-15.58172],[125.28122,-15.58336],[125.28763,-15.58355],[125.27812,-15.58529],[125.2767,-15.58812],[125.27899,-15.59228],[125.2938,-15.60408],[125.29705,-15.60476],[125.30073,-15.61376],[125.31944,-15.62655],[125.3201,-15.62411],[125.32214,-15.62868],[125.33675,-15.63629],[125.34179,-15.64112],[125.34459,-15.64133],[125.36144,-15.65468],[125.36588,-15.65658],[125.3697,-15.66117],[125.37598,-15.66408],[125.3797,-15.66837],[125.39501,-15.67608],[125.4031,-15.6836],[125.40918,-15.68628],[125.42119,-15.69601],[125.40147,-15.6835],[125.39034,-15.67418],[125.38161,-15.67097],[125.37525,-15.66466],[125.36721,-15.66122],[125.35267,-15.64987],[125.3508,-15.65022],[125.35091,-15.64853],[125.33876,-15.6417],[125.33115,-15.63518],[125.30858,-15.62208],[125.30541,-15.62279],[125.30531,-15.61995],[125.30016,-15.6167],[125.29703,-15.61311],[125.29639,-15.6096],[125.29102,-15.60471],[125.2847,-15.60277],[125.28273,-15.60392],[125.28295,-15.60255],[125.27512,-15.59693],[125.27119,-15.59769],[125.27032,-15.59358],[125.26061,-15.58696],[125.25433,-15.58554],[125.25524,-15.58371],[125.2536,-15.58202],[125.24537,-15.57825],[125.2439,-15.57948],[125.2436,-15.57806],[125.23853,-15.57531],[125.23461,-15.57343],[125.23426,-15.57465],[125.23322,-15.57241],[125.22744,-15.57062],[125.22531,-15.57228],[125.22524,-15.56718],[125.22089,-15.56681],[125.21546,-15.56013],[125.21623,-15.5625],[125.2142,-15.56179],[125.21537,-15.557],[125.20224,-15.54385],[125.18114,-15.53155],[125.17551,-15.53221],[125.17472,-15.53425],[125.16276,-15.52187],[125.16124,-15.51863],[125.15061,-15.5147],[125.14094,-15.50907],[125.14358,-15.50501],[125.14322,-15.50117],[125.13737,-15.49543],[125.13223,-15.49353],[125.12743,-15.48887],[125.12232,-15.49086],[125.12874,-15.49468],[125.12125,-15.49152],[125.12143,-15.48971],[125.12507,-15.48749],[125.12311,-15.48419],[125.10418,-15.47195],[125.10267,-15.47298],[125.10326,-15.47517],[125.10233,-15.47467],[125.10063,-15.47058],[125.09566,-15.46769],[125.09286,-15.46737],[125.09014,-15.46899],[125.09181,-15.46534],[125.08866,-15.4632],[125.08223,-15.46297],[125.07617,-15.45918],[125.07641,-15.4612],[125.07336,-15.45917],[125.06686,-15.46046],[125.06541,-15.46303],[125.065,-15.46035],[125.06263,-15.46092],[125.05783,-15.46552],[125.05222,-15.46831],[125.04921,-15.47261],[125.05228,-15.48254],[125.05077,-15.48198],[125.04793,-15.47341],[125.04689,-15.47375],[125.04272,-15.48032],[125.0417,-15.48642],[125.04452,-15.49127],[125.04591,-15.49048],[125.04723,-15.49149],[125.04569,-15.49251],[125.04849,-15.49476],[125.05159,-15.49435],[125.0548,-15.49858],[125.04839,-15.49849],[125.04501,-15.49703],[125.04841,-15.50357],[125.04585,-15.50471],[125.04425,-15.51149],[125.04296,-15.50811],[125.04491,-15.50223],[125.03988,-15.49784],[125.03593,-15.49887],[125.03758,-15.50316],[125.03376,-15.50091],[125.03094,-15.50443],[125.03039,-15.51166],[125.03344,-15.51786],[125.03508,-15.51898],[125.03519,-15.51627],[125.03613,-15.52011],[125.03765,-15.52089],[125.04265,-15.51805],[125.04428,-15.51884],[125.03952,-15.52179],[125.03579,-15.52226],[125.03252,-15.52057],[125.03013,-15.5138],[125.03112,-15.51843],[125.02938,-15.52217],[125.0268,-15.51754],[125.02796,-15.5146],[125.02678,-15.51111],[125.02446,-15.51439],[125.02206,-15.51475],[125.02319,-15.5162],[125.02075,-15.51779],[125.02273,-15.51959],[125.01959,-15.51893],[125.0189,-15.52119],[125.02556,-15.5258],[125.02205,-15.52411],[125.02101,-15.52638],[125.01785,-15.5221],[125.01752,-15.52537],[125.01564,-15.52448],[125.01606,-15.52612],[125.01368,-15.52742],[125.01302,-15.53053],[125.01451,-15.53047],[125.01421,-15.53273],[125.01942,-15.53519],[125.01838,-15.53622],[125.01424,-15.53337],[125.015,-15.53724],[125.01711,-15.53904],[125.01711,-15.54465],[125.01407,-15.53849],[125.01198,-15.53985],[125.01135,-15.52856],[125.00751,-15.52936],[125.00647,-15.5314],[125.00623,-15.52891],[125.0046,-15.52847],[125.00611,-15.52779],[125.00447,-15.52677],[125.0061,-15.52564],[125.00912,-15.52715],[125.01146,-15.52652],[125.01315,-15.5235],[125.0111,-15.52302],[125.01364,-15.52318],[125.01412,-15.52177],[125.0112,-15.51975],[125.00794,-15.52111],[125.0084,-15.51908],[125.00595,-15.51739],[125.00258,-15.51865],[125.00211,-15.51774],[125.00292,-15.51627],[125.00618,-15.51581],[125.00828,-15.51727],[125.00862,-15.51614],[125.01398,-15.52017],[125.01528,-15.51985],[125.02291,-15.50592],[125.02313,-15.5031],[125.01882,-15.5086],[125.01906,-15.50548],[125.01761,-15.50531],[125.0222,-15.50287],[125.02428,-15.49982],[125.02392,-15.49677],[125.02532,-15.49665],[125.02623,-15.49134],[125.02436,-15.4892],[125.02587,-15.48851],[125.02597,-15.48569],[125.02397,-15.48005],[125.02036,-15.48017],[125.0228,-15.4796],[125.02291,-15.47768],[125.01834,-15.47148],[125.01613,-15.47081],[125.01136,-15.47252],[125.01129,-15.48013],[125.0095,-15.47321],[125.00636,-15.47491],[125.00799,-15.47592],[125.00753,-15.47728],[125.0066,-15.47615],[125.00404,-15.47662],[125.00394,-15.48091],[125.00208,-15.48103],[125.00047,-15.48657],[125.00234,-15.48848],[125.00036,-15.48872],[125.00141,-15.49235],[124.99979,-15.49301],[124.9998,-15.49504],[125.00133,-15.49761],[125.00609,-15.49514],[125.00575,-15.49728],[125.00807,-15.49558],[125.01017,-15.49648],[125.00785,-15.49694],[125.00715,-15.49852],[125.00223,-15.49852],[125.00577,-15.50248],[125.0014,-15.50361],[124.99783,-15.49629],[124.99727,-15.50183],[125.00105,-15.50817],[124.99952,-15.51043],[124.99598,-15.50082],[124.99565,-15.50477],[124.99414,-15.50267],[124.99369,-15.50625],[124.99168,-15.50355],[124.9889,-15.50638],[124.98691,-15.50582],[124.989,-15.50299],[124.98714,-15.50367],[124.9876,-15.50198],[124.99202,-15.50117],[124.99573,-15.49562],[124.99697,-15.48556],[124.99312,-15.48422],[124.99649,-15.48353],[124.99624,-15.47698],[124.991,-15.47824],[124.98717,-15.48334],[124.98624,-15.48131],[124.98299,-15.48426],[124.98336,-15.49036],[124.98172,-15.4881],[124.98068,-15.49036],[124.98175,-15.49499],[124.97987,-15.49082],[124.98135,-15.48347],[124.97473,-15.48745],[124.97323,-15.49118],[124.97263,-15.48802],[124.9709,-15.49096],[124.96949,-15.48916],[124.96833,-15.48973],[124.96846,-15.49244],[124.96589,-15.49019],[124.96252,-15.4928],[124.96135,-15.4919],[124.96262,-15.49031],[124.9618,-15.48873],[124.96565,-15.48883],[124.96575,-15.48657],[124.96762,-15.48804],[124.96913,-15.48543],[124.9703,-15.48656],[124.97995,-15.48201],[124.98447,-15.476],[124.97923,-15.4776],[124.97783,-15.47614],[124.97097,-15.47989],[124.97085,-15.47865],[124.96503,-15.47957],[124.96364,-15.48195],[124.96328,-15.47958],[124.96025,-15.47993],[124.95864,-15.48388],[124.95655,-15.48638],[124.95411,-15.48672],[124.95295,-15.48921],[124.95271,-15.48662],[124.95643,-15.48513],[124.95781,-15.48118],[124.9563,-15.48152],[124.95804,-15.47971],[124.95641,-15.47926],[124.95392,-15.48113],[124.95536,-15.47791],[124.9522,-15.47521],[124.9578,-15.47632],[124.95685,-15.4735],[124.95908,-15.47609],[124.96082,-15.47586],[124.96128,-15.4736],[124.96222,-15.47585],[124.96711,-15.47584],[124.96407,-15.47155],[124.96792,-15.47425],[124.97013,-15.47424],[124.98223,-15.46856],[124.98409,-15.46957],[124.9971,-15.46037],[125.00299,-15.44838],[125.00378,-15.44013],[125.00029,-15.43949],[124.99793,-15.43517],[124.99022,-15.42729],[124.99033,-15.42582],[124.97995,-15.42179],[124.97885,-15.40959],[124.97525,-15.4113],[124.9754,-15.41943],[124.97133,-15.42092],[124.96677,-15.41686],[124.96324,-15.40625],[124.95562,-15.40482],[124.95331,-15.39928],[124.95504,-15.39498],[124.9542,-15.38843],[124.95257,-15.38629],[124.94592,-15.38371],[124.9443,-15.38598],[124.94058,-15.38361],[124.94235,-15.3931],[124.9452,-15.39577],[124.93758,-15.39549],[124.9342,-15.39324],[124.92989,-15.39461],[124.92675,-15.39383],[124.92533,-15.38886],[124.92976,-15.39111],[124.93709,-15.38984],[124.93498,-15.38364],[124.93137,-15.38308],[124.93206,-15.38206],[124.92996,-15.38139],[124.93238,-15.37472],[124.92795,-15.37157],[124.92446,-15.37192],[124.92371,-15.37554],[124.91945,-15.37306],[124.91607,-15.37217],[124.91526,-15.3733],[124.91257,-15.36879],[124.9104,-15.36882],[124.90707,-15.36022],[124.9024,-15.3573],[124.8959,-15.35674],[124.89588,-15.35879],[124.89422,-15.35729],[124.89482,-15.35359],[124.8904,-15.35417],[124.88863,-15.35642],[124.88795,-15.35327],[124.87885,-15.34776],[124.8757,-15.34348],[124.87162,-15.34258],[124.86814,-15.34497],[124.87259,-15.3532],[124.86887,-15.35517],[124.86467,-15.35221],[124.86234,-15.3591],[124.86094,-15.35176],[124.85663,-15.35008],[124.85107,-15.35357],[124.84767,-15.35316],[124.84053,-15.34063],[124.84542,-15.33972],[124.84948,-15.33541],[124.84771,-15.32852],[124.84584,-15.32491],[124.83638,-15.31635],[124.83703,-15.31067],[124.84925,-15.30129],[124.8468,-15.29904],[124.84599,-15.29994],[124.84285,-15.29871],[124.83623,-15.30517],[124.83123,-15.30733],[124.82669,-15.30711],[124.82915,-15.31253],[124.82624,-15.31265],[124.82496,-15.31005],[124.82217,-15.31187],[124.82334,-15.31514],[124.83699,-15.32471],[124.83695,-15.32567],[124.8313,-15.3259],[124.82686,-15.32406],[124.82104,-15.32509],[124.8172,-15.32352],[124.81952,-15.32046],[124.81904,-15.31707],[124.81449,-15.31415],[124.8104,-15.30874],[124.80785,-15.30976],[124.8069,-15.30626],[124.80097,-15.30661],[124.80155,-15.30525],[124.7977,-15.30165],[124.79909,-15.30131],[124.7985,-15.2995],[124.7936,-15.29578],[124.78801,-15.29354],[124.78324,-15.29445],[124.78,-15.29977],[124.78013,-15.30474],[124.78118,-15.30576],[124.7836,-15.2966],[124.78534,-15.29524],[124.78616,-15.29591],[124.78269,-15.3053],[124.78386,-15.30778],[124.78223,-15.30846],[124.78386,-15.31187],[124.78027,-15.3148],[124.77783,-15.31503],[124.77725,-15.31639],[124.77854,-15.3174],[124.77668,-15.31989],[124.75937,-15.33326],[124.75451,-15.34457],[124.75543,-15.35246],[124.75326,-15.35441],[124.75372,-15.35147],[124.7473,-15.3487],[124.74549,-15.34443],[124.7431,-15.34381],[124.73857,-15.3454],[124.73856,-15.34348],[124.73613,-15.34315],[124.74088,-15.33895],[124.75576,-15.33135],[124.7618,-15.32614],[124.76514,-15.3154],[124.76827,-15.31121],[124.77058,-15.30205],[124.76581,-15.30274],[124.76522,-15.29924],[124.76225,-15.30053],[124.76393,-15.29653],[124.76217,-15.29281],[124.76094,-15.29521],[124.75961,-15.29315],[124.75693,-15.2927],[124.7534,-15.29446],[124.75797,-15.2901],[124.75342,-15.28492],[124.75027,-15.28278],[124.74841,-15.28414],[124.74189,-15.28008],[124.73488,-15.2723],[124.72697,-15.27164],[124.72316,-15.26862],[124.7219,-15.26499],[124.72102,-15.26833],[124.71973,-15.2616],[124.71565,-15.2581],[124.71122,-15.258],[124.71019,-15.262],[124.70504,-15.25338],[124.70156,-15.25825],[124.70216,-15.26491],[124.70661,-15.27507],[124.70138,-15.27836],[124.69509,-15.27453],[124.69055,-15.27488],[124.6881,-15.27217],[124.68659,-15.27251],[124.68565,-15.26912],[124.6875,-15.26471],[124.68273,-15.2671],[124.67877,-15.26405],[124.67877,-15.26258],[124.68295,-15.25885],[124.68341,-15.25625],[124.68177,-15.25399],[124.67468,-15.25502],[124.67772,-15.26123],[124.67285,-15.26903],[124.67448,-15.27197],[124.6789,-15.27015],[124.67763,-15.27468],[124.67275,-15.27898],[124.67811,-15.28236],[124.67929,-15.28857],[124.67372,-15.29412],[124.6686,-15.29356],[124.66732,-15.29662],[124.66884,-15.30046],[124.67209,-15.29638],[124.68292,-15.29839],[124.68874,-15.29737],[124.69118,-15.29544],[124.69689,-15.29645],[124.69757,-15.29891],[124.69563,-15.30515],[124.69318,-15.30289],[124.69213,-15.30459],[124.69249,-15.30911],[124.69762,-15.31249],[124.70694,-15.31507],[124.7072,-15.32079],[124.70091,-15.32424],[124.69104,-15.33318],[124.688,-15.32957],[124.6823,-15.33037],[124.67425,-15.32451],[124.67229,-15.33243],[124.66648,-15.33424],[124.66192,-15.32487],[124.66031,-15.3338],[124.65856,-15.3346],[124.65611,-15.33279],[124.65647,-15.33686],[124.66218,-15.33855],[124.6665,-15.34498],[124.66917,-15.34158],[124.67236,-15.34623],[124.67014,-15.34767],[124.66209,-15.34793],[124.66199,-15.35493],[124.66409,-15.35967],[124.66678,-15.36193],[124.66922,-15.36],[124.67597,-15.36044],[124.68143,-15.35557],[124.68877,-15.35748],[124.69644,-15.35328],[124.69829,-15.34673],[124.70534,-15.34354],[124.70703,-15.3439],[124.70145,-15.35519],[124.70169,-15.35757],[124.70473,-15.35982],[124.70869,-15.36004],[124.72349,-15.35279],[124.72264,-15.35492],[124.72665,-15.36048],[124.72987,-15.35999],[124.73115,-15.3583],[124.73349,-15.361],[124.73896,-15.36031],[124.74478,-15.36177],[124.73256,-15.36259],[124.73094,-15.36575],[124.72721,-15.36339],[124.7235,-15.36927],[124.72525,-15.37074],[124.7206,-15.37448],[124.72375,-15.37673],[124.71583,-15.37799],[124.71305,-15.38218],[124.70269,-15.38434],[124.70118,-15.38706],[124.6994,-15.38737],[124.69792,-15.38526],[124.69293,-15.39137],[124.69036,-15.39013],[124.68653,-15.39229],[124.68373,-15.39139],[124.67618,-15.40067],[124.67433,-15.40632],[124.67818,-15.40883],[124.67819,-15.41162],[124.68203,-15.41003],[124.68709,-15.4137],[124.68262,-15.41387],[124.68368,-15.4176],[124.681,-15.42021],[124.67984,-15.4201],[124.6789,-15.41671],[124.67506,-15.41728],[124.67634,-15.4192],[124.67262,-15.42045],[124.66891,-15.42859],[124.67267,-15.44022],[124.67165,-15.45288],[124.67714,-15.45818],[124.67551,-15.46078],[124.67656,-15.46281],[124.67889,-15.46089],[124.68192,-15.46179],[124.68459,-15.45759],[124.68657,-15.4585],[124.6848,-15.45464],[124.68667,-15.45579],[124.68817,-15.46304],[124.686,-15.46426],[124.68578,-15.46686],[124.69078,-15.46801],[124.68497,-15.47014],[124.68206,-15.4732],[124.68207,-15.47636],[124.68611,-15.4809],[124.68372,-15.48122],[124.68169,-15.47891],[124.67987,-15.48032],[124.67849,-15.48654],[124.67955,-15.49106],[124.67769,-15.49306],[124.67443,-15.49366],[124.6742,-15.49807],[124.67329,-15.49349],[124.67605,-15.48959],[124.67707,-15.47818],[124.66753,-15.48373],[124.66635,-15.47662],[124.66262,-15.47719],[124.66052,-15.47499],[124.65889,-15.47776],[124.65723,-15.47759],[124.65749,-15.47426],[124.65492,-15.47393],[124.65375,-15.4702],[124.65037,-15.46806],[124.64996,-15.47522],[124.64898,-15.47473],[124.64745,-15.46547],[124.64511,-15.46332],[124.6422,-15.4631],[124.64336,-15.45915],[124.64098,-15.45562],[124.64498,-15.45406],[124.64462,-15.4509],[124.64788,-15.44908],[124.6453,-15.44344],[124.64995,-15.43778],[124.64738,-15.43733],[124.64738,-15.43507],[124.64568,-15.43412],[124.65379,-15.43517],[124.65121,-15.43134],[124.64678,-15.42976],[124.64782,-15.42614],[124.64468,-15.42479],[124.6434,-15.42762],[124.64527,-15.42863],[124.64504,-15.42999],[124.64261,-15.4318],[124.64283,-15.43033],[124.64154,-15.43011],[124.63907,-15.43371],[124.63643,-15.43283],[124.63271,-15.43826],[124.6372,-15.4383],[124.63133,-15.44369],[124.63517,-15.44605],[124.63309,-15.45239],[124.63134,-15.45148],[124.62982,-15.44629],[124.62576,-15.45421],[124.62472,-15.45895],[124.62856,-15.4577],[124.62822,-15.46279],[124.62193,-15.46325],[124.61786,-15.46608],[124.61868,-15.46868],[124.62322,-15.46653],[124.62264,-15.46924],[124.62639,-15.47241],[124.62557,-15.47443],[124.62277,-15.47545],[124.62337,-15.48088],[124.62068,-15.48486],[124.62093,-15.48676],[124.62354,-15.48712],[124.6235,-15.48879],[124.62665,-15.48889],[124.62597,-15.49035],[124.62327,-15.49071],[124.62491,-15.49263],[124.62351,-15.49444],[124.62585,-15.49545],[124.62155,-15.50065],[124.62295,-15.5019],[124.62877,-15.50155],[124.63693,-15.50368],[124.63857,-15.50281],[124.6388,-15.5039],[124.63326,-15.50657],[124.63181,-15.5055],[124.62994,-15.5091],[124.62437,-15.51274],[124.62519,-15.51613],[124.62989,-15.51444],[124.63215,-15.51629],[124.62963,-15.51861],[124.62877,-15.52565],[124.62579,-15.52336],[124.62335,-15.52415],[124.62322,-15.51862],[124.62054,-15.51828],[124.61993,-15.52179],[124.61445,-15.51956],[124.61692,-15.51761],[124.61547,-15.51668],[124.62065,-15.51444],[124.62052,-15.51207],[124.61878,-15.51151],[124.6211,-15.50732],[124.61748,-15.50383],[124.61479,-15.50743],[124.61212,-15.50598],[124.61143,-15.50892],[124.60679,-15.50791],[124.60303,-15.50521],[124.59907,-15.50646],[124.59524,-15.51268],[124.59583,-15.52339],[124.59398,-15.52194],[124.58957,-15.52331],[124.58408,-15.51667],[124.5829,-15.52027],[124.58034,-15.52004],[124.57744,-15.51673],[124.57995,-15.49959],[124.57284,-15.50028],[124.5662,-15.49837],[124.55468,-15.50278],[124.5517,-15.49079],[124.54641,-15.48803],[124.53209,-15.48616],[124.52898,-15.48442],[124.53133,-15.48057],[124.52981,-15.47718],[124.52597,-15.48012],[124.52621,-15.48283],[124.52412,-15.486],[124.5215,-15.48511],[124.5216,-15.47407],[124.51908,-15.46939],[124.51721,-15.46861],[124.5086,-15.47031],[124.50873,-15.48105],[124.50739,-15.48372],[124.50547,-15.48063],[124.49807,-15.47495],[124.49365,-15.47543],[124.49098,-15.47747],[124.48316,-15.47548],[124.47665,-15.47788],[124.47278,-15.48268],[124.45133,-15.49528],[124.44579,-15.50513],[124.44638,-15.50626],[124.45173,-15.50454],[124.4616,-15.49817],[124.45603,-15.50271],[124.4548,-15.50534],[124.45583,-15.50847],[124.46595,-15.50538],[124.47362,-15.50049],[124.48265,-15.49039],[124.49254,-15.48616],[124.49175,-15.49261],[124.4968,-15.49891],[124.50065,-15.49943],[124.49786,-15.50229],[124.49858,-15.50579],[124.50581,-15.50407],[124.50027,-15.5164],[124.50395,-15.52012],[124.5102,-15.52229],[124.51043,-15.52511],[124.509,-15.52604],[124.50915,-15.52286],[124.49994,-15.52035],[124.49619,-15.51653],[124.49815,-15.51279],[124.49649,-15.50749],[124.49462,-15.50558],[124.49161,-15.50615],[124.49215,-15.50175],[124.48863,-15.49759],[124.48653,-15.49726],[124.47305,-15.50354],[124.47269,-15.51235],[124.47015,-15.50638],[124.46387,-15.50919],[124.4617,-15.51169],[124.46015,-15.51586],[124.46311,-15.52098],[124.46362,-15.52798],[124.46581,-15.52777],[124.46519,-15.53127],[124.4679,-15.53278],[124.46756,-15.53547],[124.46579,-15.53688],[124.46614,-15.53465],[124.462,-15.53205],[124.4586,-15.53949],[124.45886,-15.53461],[124.45457,-15.53743],[124.45468,-15.53047],[124.45116,-15.53075],[124.44601,-15.5288],[124.44411,-15.5311],[124.44453,-15.53439],[124.44129,-15.53848],[124.44096,-15.54277],[124.43632,-15.54697],[124.43025,-15.54463],[124.42545,-15.54058],[124.41989,-15.54829],[124.41756,-15.54888],[124.42121,-15.55326],[124.42445,-15.55296],[124.43008,-15.56077],[124.42466,-15.55934],[124.42942,-15.56632],[124.43004,-15.57445],[124.42506,-15.58125],[124.42064,-15.58341],[124.41381,-15.59192],[124.41082,-15.6021],[124.40458,-15.61353],[124.40565,-15.61771],[124.40903,-15.61724],[124.41295,-15.62212],[124.41604,-15.62015],[124.40958,-15.60944],[124.41797,-15.60496],[124.41852,-15.60172],[124.4306,-15.58807],[124.42967,-15.59264],[124.43261,-15.5985],[124.43124,-15.60438],[124.43347,-15.60843],[124.44151,-15.6067],[124.44518,-15.60144],[124.44526,-15.59884],[124.44904,-15.60169],[124.45069,-15.60112],[124.45388,-15.59186],[124.45447,-15.59593],[124.45273,-15.60154],[124.45595,-15.60159],[124.45525,-15.60336],[124.45713,-15.60507],[124.45574,-15.60599],[124.45959,-15.60854],[124.45457,-15.608],[124.45331,-15.61184],[124.45437,-15.61353],[124.45693,-15.61363],[124.45963,-15.61645],[124.46274,-15.61536],[124.46476,-15.61699],[124.46621,-15.61561],[124.46614,-15.61257],[124.46777,-15.612],[124.47024,-15.61594],[124.47596,-15.61795],[124.48493,-15.61779],[124.48739,-15.61982],[124.49251,-15.6164],[124.49713,-15.61567],[124.49764,-15.61651],[124.48822,-15.62151],[124.48992,-15.62492],[124.49806,-15.63117],[124.50063,-15.63667],[124.4914,-15.62872],[124.48296,-15.61882],[124.47538,-15.61852],[124.47024,-15.61696],[124.46737,-15.61311],[124.46662,-15.61619],[124.46441,-15.61767],[124.46243,-15.61632],[124.45882,-15.61713],[124.45632,-15.61471],[124.45247,-15.61619],[124.45178,-15.61004],[124.45397,-15.60484],[124.45046,-15.60275],[124.45085,-15.60413],[124.44651,-15.60448],[124.44524,-15.60759],[124.44676,-15.6086],[124.44083,-15.61032],[124.4399,-15.61224],[124.43548,-15.6143],[124.43599,-15.6183],[124.44022,-15.62009],[124.4347,-15.6213],[124.43378,-15.623],[124.43801,-15.62999],[124.4364,-15.63417],[124.43875,-15.63574],[124.4356,-15.63768],[124.43652,-15.64348],[124.43826,-15.64395],[124.43942,-15.64026],[124.44264,-15.6451],[124.44014,-15.64611],[124.44243,-15.64973],[124.44634,-15.65056],[124.45013,-15.64771],[124.44815,-15.65095],[124.45119,-15.65263],[124.45606,-15.65218],[124.4572,-15.65632],[124.44946,-15.65431],[124.44863,-15.65289],[124.44467,-15.65481],[124.44387,-15.6573],[124.44464,-15.65994],[124.44617,-15.6601],[124.44594,-15.66551],[124.4437,-15.66972],[124.44028,-15.6671],[124.43942,-15.66863],[124.43281,-15.66401],[124.42966,-15.66425],[124.42781,-15.66595],[124.42759,-15.66991],[124.43074,-15.67387],[124.42385,-15.66778],[124.42153,-15.66734],[124.42287,-15.6583],[124.41906,-15.65494],[124.42122,-15.65322],[124.41841,-15.65018],[124.41897,-15.64623],[124.41674,-15.64409],[124.41976,-15.64024],[124.41438,-15.63721],[124.41148,-15.64174],[124.41493,-15.65483],[124.41208,-15.66659],[124.41244,-15.66907],[124.41443,-15.67031],[124.41268,-15.68141],[124.40945,-15.67852],[124.4082,-15.68446],[124.40647,-15.68583],[124.40248,-15.68516],[124.40025,-15.68031],[124.39764,-15.67862],[124.39811,-15.6723],[124.39508,-15.67299],[124.39355,-15.66972],[124.3905,-15.67201],[124.39131,-15.66431],[124.39024,-15.66239],[124.38934,-15.66861],[124.38573,-15.6693],[124.38281,-15.66751],[124.3829,-15.66435],[124.37928,-15.66018],[124.37663,-15.66855],[124.37302,-15.66823],[124.36882,-15.67186],[124.37071,-15.67513],[124.37038,-15.67773],[124.37598,-15.68008],[124.38273,-15.67756],[124.38637,-15.67216],[124.38774,-15.67393],[124.39082,-15.67369],[124.39323,-15.67729],[124.39429,-15.68079],[124.39303,-15.68339],[124.39491,-15.68553],[124.39518,-15.69194],[124.39942,-15.69844],[124.40255,-15.6986],[124.40068,-15.70109],[124.39991,-15.71025],[124.39758,-15.71037],[124.39654,-15.71207],[124.39726,-15.72371],[124.39839,-15.72385],[124.39735,-15.72601],[124.40257,-15.72248],[124.40904,-15.71098],[124.41481,-15.71069],[124.41656,-15.71246],[124.41783,-15.71139],[124.41684,-15.71345],[124.41265,-15.71335],[124.41148,-15.71505],[124.41687,-15.72038],[124.4185,-15.71979],[124.41742,-15.71532],[124.42061,-15.71976],[124.42966,-15.71079],[124.43726,-15.71145],[124.42908,-15.71204],[124.42609,-15.71725],[124.41922,-15.72394],[124.42342,-15.72959],[124.42381,-15.73255],[124.42178,-15.72922],[124.42026,-15.72957],[124.4155,-15.72441],[124.40767,-15.72004],[124.40557,-15.72107],[124.40674,-15.72185],[124.40623,-15.72517],[124.4036,-15.72412],[124.39812,-15.72652],[124.39594,-15.73116],[124.39243,-15.72937],[124.38947,-15.72102],[124.38596,-15.71754],[124.38821,-15.72792],[124.3927,-15.73671],[124.39342,-15.74156],[124.39216,-15.74552],[124.39699,-15.75635],[124.39861,-15.75724],[124.39764,-15.75411],[124.39879,-15.74947],[124.40178,-15.75779],[124.39807,-15.76481],[124.398,-15.77125],[124.39976,-15.77475],[124.40128,-15.77497],[124.40002,-15.77938],[124.40368,-15.78761],[124.40599,-15.78956],[124.40759,-15.7999],[124.4103,-15.80588],[124.4095,-15.81554],[124.40751,-15.81657],[124.40601,-15.81397],[124.40549,-15.81562],[124.40757,-15.8234],[124.40706,-15.83639],[124.4093,-15.86383],[124.41287,-15.87793],[124.41496,-15.87634],[124.41753,-15.87678],[124.41834,-15.87463],[124.41564,-15.87227],[124.41886,-15.86333],[124.41963,-15.86232],[124.42051,-15.86431],[124.42167,-15.86366],[124.42082,-15.85779],[124.42259,-15.85174],[124.42465,-15.85082],[124.42486,-15.8476],[124.42547,-15.85517],[124.42748,-15.8581],[124.42955,-15.86737],[124.43217,-15.87025],[124.43508,-15.87027],[124.43476,-15.86755],[124.43906,-15.87035],[124.44192,-15.86235],[124.44217,-15.85588],[124.44508,-15.85248],[124.44526,-15.8422],[124.44255,-15.83837],[124.44476,-15.83576],[124.44464,-15.82903],[124.44843,-15.83322],[124.45126,-15.83133],[124.45438,-15.82318],[124.45306,-15.81754],[124.45582,-15.81558],[124.45387,-15.8137],[124.45607,-15.81244],[124.45724,-15.81436],[124.45828,-15.81142],[124.45733,-15.80916],[124.45535,-15.80849],[124.44802,-15.81361],[124.44523,-15.81396],[124.44338,-15.80918],[124.44685,-15.81316],[124.45587,-15.80541],[124.45817,-15.80801],[124.46256,-15.80248],[124.46008,-15.79842],[124.4616,-15.79592],[124.46178,-15.78734],[124.45774,-15.78292],[124.4625,-15.78486],[124.46173,-15.79931],[124.46381,-15.80322],[124.4599,-15.80892],[124.46029,-15.816],[124.46462,-15.81918],[124.47097,-15.81915],[124.47353,-15.82175],[124.47666,-15.82024],[124.47329,-15.82275],[124.46919,-15.81972],[124.46417,-15.81986],[124.45936,-15.81769],[124.46118,-15.82801],[124.4594,-15.84541],[124.46209,-15.84675],[124.46017,-15.84809],[124.46001,-15.85072],[124.46502,-15.84911],[124.46449,-15.85172],[124.46223,-15.85206],[124.46096,-15.8541],[124.46422,-15.85296],[124.46367,-15.85872],[124.47036,-15.85857],[124.47081,-15.86241],[124.47454,-15.86273],[124.47456,-15.86522],[124.47763,-15.86336],[124.47828,-15.86535],[124.47527,-15.86838],[124.47981,-15.86531],[124.48074,-15.86699],[124.48427,-15.86661],[124.48189,-15.86858],[124.47866,-15.86836],[124.47749,-15.86972],[124.47937,-15.87073],[124.47518,-15.87369],[124.47916,-15.87525],[124.47835,-15.87717],[124.47952,-15.87909],[124.4819,-15.87941],[124.48308,-15.87676],[124.48339,-15.87941],[124.48572,-15.87973],[124.48366,-15.8819],[124.48594,-15.88225],[124.48458,-15.88482],[124.48996,-15.88604],[124.48868,-15.88808],[124.4833,-15.88709],[124.48366,-15.8898],[124.48473,-15.8907],[124.49941,-15.88976],[124.49205,-15.8914],[124.49266,-15.89427],[124.48834,-15.89192],[124.47892,-15.89336],[124.48041,-15.89083],[124.47988,-15.88856],[124.4749,-15.88566],[124.47492,-15.89097],[124.48049,-15.89693],[124.47893,-15.89874],[124.4797,-15.9115],[124.47752,-15.91761],[124.4793,-15.92506],[124.47817,-15.93218],[124.47536,-15.92903],[124.47671,-15.94156],[124.47902,-15.93771],[124.48136,-15.93781],[124.48306,-15.92866],[124.48732,-15.92039],[124.48838,-15.92273],[124.48761,-15.92807],[124.48977,-15.92819],[124.49041,-15.93446],[124.49188,-15.93412],[124.49243,-15.93595],[124.49667,-15.9348],[124.49802,-15.9283],[124.49804,-15.93389],[124.49932,-15.93569],[124.50269,-15.93512],[124.50414,-15.93056],[124.50589,-15.93237],[124.50612,-15.92785],[124.50742,-15.93176],[124.50648,-15.93485],[124.51064,-15.93146],[124.51246,-15.9344],[124.50879,-15.93535],[124.50569,-15.94062],[124.50971,-15.94249],[124.50827,-15.94635],[124.50616,-15.94231],[124.50382,-15.94209],[124.50242,-15.94413],[124.50088,-15.94269],[124.49702,-15.94323],[124.49869,-15.94519],[124.49635,-15.94599],[124.49521,-15.95119],[124.49741,-15.95284],[124.49683,-15.95524],[124.49198,-15.95911],[124.49513,-15.96101],[124.49237,-15.96656],[124.49203,-15.97063],[124.49444,-15.9702],[124.49333,-15.97288],[124.49473,-15.97617],[124.49628,-15.97773],[124.49768,-15.97636],[124.49809,-15.97723],[124.4971,-15.97862],[124.49535,-15.97818],[124.49214,-15.97548],[124.49026,-15.98747],[124.49458,-15.98722],[124.4965,-15.99704],[124.49919,-15.99793],[124.50998,-15.9883],[124.50589,-15.98548],[124.50634,-15.98412],[124.51056,-15.98615],[124.51638,-15.9797],[124.51718,-15.97021],[124.51356,-15.96806],[124.51554,-15.96659],[124.51741,-15.96727],[124.52033,-15.97235],[124.52418,-15.96421],[124.52942,-15.96115],[124.53176,-15.9573],[124.53394,-15.94807],[124.54036,-15.93978],[124.53905,-15.93232],[124.54837,-15.91784],[124.54902,-15.90872],[124.55057,-15.90925],[124.55332,-15.90301],[124.55935,-15.89943],[124.55964,-15.89455],[124.56097,-15.89711],[124.5606,-15.89271],[124.56428,-15.88155],[124.56183,-15.87974],[124.56451,-15.87906],[124.56928,-15.87114],[124.57202,-15.86121],[124.57358,-15.86311],[124.57527,-15.85901],[124.57638,-15.86073],[124.58232,-15.85462],[124.58371,-15.84948],[124.59046,-15.84094],[124.59164,-15.83418],[124.59859,-15.82567],[124.59975,-15.82024],[124.6079,-15.81085],[124.61255,-15.80643],[124.62491,-15.80076],[124.62949,-15.79562],[124.62872,-15.79451],[124.63,-15.7943],[124.62569,-15.78607],[124.62756,-15.78471],[124.63177,-15.79047],[124.63279,-15.77894],[124.63612,-15.77916],[124.63638,-15.78041],[124.63432,-15.78199],[124.63387,-15.79046],[124.65392,-15.78409],[124.6545,-15.78229],[124.65532,-15.7833],[124.66045,-15.7816],[124.67081,-15.77378],[124.68057,-15.75862],[124.68068,-15.75613],[124.68278,-15.75726],[124.68546,-15.75578],[124.68709,-15.75261],[124.68826,-15.75385],[124.69047,-15.75125],[124.69128,-15.74888],[124.6887,-15.74561],[124.69303,-15.74876],[124.69477,-15.74638],[124.69325,-15.74424],[124.69593,-15.74525],[124.70479,-15.74105],[124.70351,-15.74331],[124.69978,-15.744],[124.6892,-15.75577],[124.68432,-15.76324],[124.68619,-15.76493],[124.68304,-15.76494],[124.67897,-15.76969],[124.67782,-15.77546],[124.68108,-15.77376],[124.68283,-15.77432],[124.68027,-15.77557],[124.68062,-15.77783],[124.6777,-15.77659],[124.67549,-15.77795],[124.67539,-15.78473],[124.67901,-15.78653],[124.68169,-15.78472],[124.68228,-15.78663],[124.68415,-15.78674],[124.68904,-15.7856],[124.68973,-15.78233],[124.6909,-15.78379],[124.69359,-15.78299],[124.69578,-15.77531],[124.69356,-15.77294],[124.69613,-15.77372],[124.69787,-15.7692],[124.69459,-15.7665],[124.69238,-15.76763],[124.6912,-15.76515],[124.69319,-15.76571],[124.69365,-15.76367],[124.69552,-15.7657],[124.69633,-15.76322],[124.69692,-15.76649],[124.69985,-15.76874],[124.70078,-15.76773],[124.70112,-15.76479],[124.69644,-15.75903],[124.69842,-15.75847],[124.7017,-15.76388],[124.70263,-15.76072],[124.70156,-15.75631],[124.70355,-15.75608],[124.70214,-15.75258],[124.70435,-15.7502],[124.706,-15.75777],[124.70299,-15.76648],[124.70916,-15.76228],[124.70894,-15.76477],[124.71574,-15.76664],[124.71901,-15.77005],[124.71805,-15.77096],[124.71384,-15.76657],[124.71245,-15.77109],[124.71221,-15.76691],[124.70952,-15.76635],[124.70428,-15.76896],[124.69975,-15.77485],[124.69941,-15.78027],[124.70082,-15.78445],[124.70907,-15.79273],[124.7105,-15.79134],[124.71217,-15.79369],[124.71426,-15.79187],[124.71652,-15.79347],[124.71213,-15.79967],[124.71331,-15.80277],[124.71418,-15.80351],[124.71785,-15.80084],[124.71756,-15.80215],[124.7206,-15.80497],[124.72945,-15.80756],[124.73415,-15.81171],[124.73555,-15.81047],[124.73697,-15.81916],[124.74159,-15.82226],[124.73931,-15.82153],[124.73839,-15.82261],[124.73499,-15.81894],[124.73266,-15.81917],[124.73091,-15.82144],[124.73044,-15.81907],[124.72741,-15.8193],[124.72679,-15.82089],[124.72316,-15.81574],[124.71397,-15.81176],[124.70452,-15.81404],[124.70313,-15.818],[124.70431,-15.82353],[124.70782,-15.82669],[124.70807,-15.83121],[124.71029,-15.83177],[124.71146,-15.83549],[124.71287,-15.83594],[124.71194,-15.83945],[124.71031,-15.84002],[124.70832,-15.8381],[124.70378,-15.84173],[124.69842,-15.84366],[124.69165,-15.84254],[124.68687,-15.84515],[124.68895,-15.84729],[124.68583,-15.85013],[124.68201,-15.8495],[124.68031,-15.85336],[124.68654,-15.85657],[124.68511,-15.85765],[124.67953,-15.8572],[124.67721,-15.85978],[124.67839,-15.86099],[124.67583,-15.8628],[124.67792,-15.86709],[124.67785,-15.87726],[124.68124,-15.88053],[124.68685,-15.88187],[124.68519,-15.88443],[124.68172,-15.88471],[124.6831,-15.88583],[124.68158,-15.8889],[124.68056,-15.88584],[124.67869,-15.88675],[124.67594,-15.88507],[124.67573,-15.88172],[124.67324,-15.87879],[124.67328,-15.87094],[124.67023,-15.86598],[124.66743,-15.86463],[124.66847,-15.86271],[124.65854,-15.85606],[124.65696,-15.85847],[124.65608,-15.85437],[124.65456,-15.85358],[124.65223,-15.8546],[124.6484,-15.86128],[124.64955,-15.85698],[124.64839,-15.85744],[124.64363,-15.86739],[124.6399,-15.87101],[124.63046,-15.87589],[124.6286,-15.88041],[124.62942,-15.88154],[124.62336,-15.88551],[124.61543,-15.88756],[124.61653,-15.89135],[124.61334,-15.89276],[124.61298,-15.89106],[124.60785,-15.8913],[124.60751,-15.89593],[124.6053,-15.89842],[124.6108,-15.9044],[124.6171,-15.90439],[124.62119,-15.90608],[124.61676,-15.90688],[124.61898,-15.90857],[124.61711,-15.90947],[124.61607,-15.91298],[124.61831,-15.91578],[124.62121,-15.91579],[124.62075,-15.91715],[124.62285,-15.91771],[124.6229,-15.91274],[124.62601,-15.92087],[124.62504,-15.92379],[124.62332,-15.91918],[124.62088,-15.92099],[124.61889,-15.91964],[124.61517,-15.92552],[124.61271,-15.92541],[124.6105,-15.92734],[124.61145,-15.9331],[124.60982,-15.93582],[124.60725,-15.93492],[124.60492,-15.93729],[124.60751,-15.93939],[124.60563,-15.94057],[124.60715,-15.94237],[124.60551,-15.9426],[124.60599,-15.94441],[124.6048,-15.94441],[124.60399,-15.94181],[124.60037,-15.94137],[124.59687,-15.94296],[124.59619,-15.94883],[124.60178,-15.94998],[124.60192,-15.95346],[124.5982,-15.96069],[124.59845,-15.96759],[124.60196,-15.96939],[124.60394,-15.96803],[124.60896,-15.96836],[124.61555,-15.96449],[124.61305,-15.9688],[124.60558,-15.96995],[124.61811,-15.97361],[124.62429,-15.98132],[124.63386,-15.97938],[124.63902,-15.98088],[124.64264,-15.9884],[124.64173,-15.99575],[124.63804,-15.99856],[124.63405,-15.99856],[124.63938,-15.98965],[124.63714,-15.98412],[124.63305,-15.98244],[124.62372,-15.98573],[124.61624,-15.98247],[124.61989,-15.99625],[124.61755,-15.99309],[124.61519,-15.98371],[124.61356,-15.98586],[124.61308,-15.98225],[124.61203,-15.98361],[124.61121,-15.98191],[124.60607,-15.98124],[124.60244,-15.9782],[124.59964,-15.97945],[124.59812,-15.97595],[124.59657,-15.98017],[124.59497,-15.97663],[124.59208,-15.97694],[124.58889,-15.97348],[124.5889,-15.98105],[124.58634,-15.98281],[124.58498,-15.98772],[124.58649,-15.99064],[124.58845,-15.99121],[124.59055,-15.99679],[124.58915,-15.99622],[124.58777,-15.99788],[124.58694,-15.99584],[124.58355,-15.99446],[124.57946,-16.00051],[124.57983,-16.00164],[124.58251,-16.00142],[124.5847,-16.00685],[124.58446,-16.01012],[124.58246,-16.01054],[124.58338,-16.01206],[124.58714,-16.01172],[124.58818,-16.01319],[124.58617,-16.01736],[124.58966,-16.02155],[124.58977,-16.02437],[124.5942,-16.02518],[124.59549,-16.0274],[124.59058,-16.02686],[124.58509,-16.02458],[124.58383,-16.02267],[124.58054,-16.02321],[124.58252,-16.02581],[124.58133,-16.03044],[124.58679,-16.03938],[124.58549,-16.06681],[124.58824,-16.08364],[124.58905,-16.11334],[124.59246,-16.11606],[124.60306,-16.11531],[124.60939,-16.11161],[124.61728,-16.09959],[124.61812,-16.08974],[124.62208,-16.08975],[124.62234,-16.09238],[124.6243,-16.09292],[124.62194,-16.09421],[124.62298,-16.09969],[124.62872,-16.09655],[124.62954,-16.09475],[124.63024,-16.0961],[124.63141,-16.09543],[124.63224,-16.0925],[124.63411,-16.09183],[124.63386,-16.09442],[124.63772,-16.09319],[124.63584,-16.09578],[124.64296,-16.09784],[124.64414,-16.09615],[124.64741,-16.09605],[124.64695,-16.09809],[124.64506,-16.10056],[124.63151,-16.10188],[124.62869,-16.10344],[124.62833,-16.10614],[124.62107,-16.11143],[124.62153,-16.11402],[124.61967,-16.11244],[124.61412,-16.1179],[124.60145,-16.12482],[124.59926,-16.12738],[124.59067,-16.12578],[124.58536,-16.12755],[124.58365,-16.12567],[124.57486,-16.12481],[124.56367,-16.11957],[124.56073,-16.11944],[124.5579,-16.12982],[124.55602,-16.13072],[124.55624,-16.13264],[124.55402,-16.13489],[124.55564,-16.13774],[124.55191,-16.13601],[124.54922,-16.13645],[124.54554,-16.14538],[124.54381,-16.14559],[124.5404,-16.14986],[124.53863,-16.15426],[124.54144,-16.15761],[124.5364,-16.15561],[124.52866,-16.16258],[124.52699,-16.162],[124.52582,-16.17116],[124.5367,-16.18423],[124.53334,-16.18631],[124.53021,-16.18166],[124.52542,-16.18119],[124.52449,-16.18556],[124.53262,-16.18935],[124.52842,-16.19012],[124.52515,-16.18819],[124.52641,-16.19475],[124.52314,-16.19315],[124.52409,-16.19135],[124.52211,-16.18942],[124.52131,-16.1849],[124.52011,-16.18964],[124.51884,-16.18907],[124.52086,-16.18208],[124.51897,-16.18094],[124.51984,-16.17878],[124.51885,-16.17881],[124.51315,-16.19032],[124.51554,-16.19493],[124.51237,-16.19182],[124.51039,-16.19694],[124.51223,-16.2],[124.51079,-16.20104],[124.50933,-16.19863],[124.51047,-16.20439],[124.50818,-16.20602],[124.50903,-16.20272],[124.50781,-16.19862],[124.50947,-16.19344],[124.50807,-16.19287],[124.51017,-16.19175],[124.51678,-16.17743],[124.51574,-16.17664],[124.5087,-16.18169],[124.50151,-16.18923],[124.5027,-16.18788],[124.50129,-16.1875],[124.50129,-16.18543],[124.50283,-16.18618],[124.5053,-16.18292],[124.50145,-16.18268],[124.50286,-16.18099],[124.50636,-16.18179],[124.50766,-16.18061],[124.5053,-16.17967],[124.50809,-16.18013],[124.51704,-16.17359],[124.517,-16.171],[124.51389,-16.17076],[124.51507,-16.16817],[124.51415,-16.16466],[124.50904,-16.15504],[124.49774,-16.14462],[124.49287,-16.13815],[124.48663,-16.12219],[124.47614,-16.11593],[124.47266,-16.10902],[124.46858,-16.10719],[124.4675,-16.11159],[124.4666,-16.10696],[124.46344,-16.10751],[124.46415,-16.10536],[124.45844,-16.10251],[124.45915,-16.10082],[124.46125,-16.10072],[124.46311,-16.10242],[124.46896,-16.10256],[124.47295,-16.09693],[124.47529,-16.09705],[124.47997,-16.09413],[124.48046,-16.09108],[124.4778,-16.08633],[124.47725,-16.07853],[124.4747,-16.07546],[124.46676,-16.0743],[124.46408,-16.0718],[124.46232,-16.07269],[124.46275,-16.07947],[124.46066,-16.07879],[124.45972,-16.08044],[124.45738,-16.07843],[124.45328,-16.07842],[124.44689,-16.07274],[124.44762,-16.06675],[124.44563,-16.06866],[124.44436,-16.06538],[124.44232,-16.07554],[124.44311,-16.10221],[124.44417,-16.10403],[124.4486,-16.10563],[124.44777,-16.10743],[124.44892,-16.11027],[124.44729,-16.10992],[124.44329,-16.11352],[124.44751,-16.11421],[124.44968,-16.12202],[124.44726,-16.13738],[124.44041,-16.15159],[124.44039,-16.15724],[124.4391,-16.15836],[124.44003,-16.15984],[124.43674,-16.16344],[124.43778,-16.16559],[124.4359,-16.16671],[124.43388,-16.17484],[124.43467,-16.1788],[124.43227,-16.18202],[124.42916,-16.18024],[124.42771,-16.1828],[124.42592,-16.1765],[124.42298,-16.17863],[124.42136,-16.17568],[124.42065,-16.1776],[124.41691,-16.17645],[124.41494,-16.17158],[124.41505,-16.17497],[124.41341,-16.17553],[124.41189,-16.17406],[124.41095,-16.17529],[124.41085,-16.17326],[124.40828,-16.17234],[124.40617,-16.17324],[124.40304,-16.16881],[124.39859,-16.16947],[124.39787,-16.17274],[124.40122,-16.18011],[124.40098,-16.18271],[124.3895,-16.1848],[124.38856,-16.18604],[124.38995,-16.18943],[124.38877,-16.1909],[124.39168,-16.19317],[124.39578,-16.1924],[124.39858,-16.19388],[124.40018,-16.20169],[124.39337,-16.20629],[124.3916,-16.20877],[124.39228,-16.2125],[124.38713,-16.21372],[124.38665,-16.21677],[124.38488,-16.21784],[124.38408,-16.21596],[124.37975,-16.21549],[124.37905,-16.21662],[124.38255,-16.21821],[124.38276,-16.22161],[124.37876,-16.22701],[124.38308,-16.22726],[124.39905,-16.23796],[124.40268,-16.23798],[124.40454,-16.2407],[124.40426,-16.24827],[124.40788,-16.25066],[124.40055,-16.26464],[124.40124,-16.26814],[124.39898,-16.27401],[124.39547,-16.27501],[124.39256,-16.27285],[124.39125,-16.27669],[124.38868,-16.27656],[124.38658,-16.27463],[124.38517,-16.27609],[124.38574,-16.2779],[124.391,-16.27883],[124.39368,-16.28088],[124.39413,-16.28563],[124.3988,-16.28802],[124.39925,-16.29051],[124.39725,-16.29197],[124.40076,-16.29233],[124.40296,-16.2981],[124.41072,-16.29362],[124.40612,-16.29755],[124.40528,-16.30094],[124.40317,-16.30183],[124.4035,-16.30635],[124.40104,-16.30623],[124.40267,-16.30771],[124.40278,-16.31053],[124.40061,-16.32284],[124.3947,-16.33423],[124.39456,-16.33852],[124.39678,-16.33921],[124.40067,-16.33369],[124.40595,-16.3342],[124.40779,-16.33632],[124.40695,-16.34095],[124.40823,-16.34198],[124.41229,-16.33922],[124.40692,-16.34728],[124.40888,-16.35271],[124.41251,-16.35205],[124.41403,-16.35364],[124.41167,-16.35725],[124.41658,-16.35716],[124.4188,-16.35898],[124.42325,-16.35798],[124.42418,-16.35957],[124.42653,-16.35811],[124.43062,-16.35926],[124.43285,-16.35689],[124.43566,-16.35804],[124.43895,-16.355],[124.44432,-16.35729],[124.44973,-16.35223],[124.45311,-16.3545],[124.45605,-16.35237],[124.45745,-16.35283],[124.45945,-16.35069],[124.45735,-16.34943],[124.45771,-16.34785],[124.4643,-16.34122],[124.4671,-16.34225],[124.4707,-16.34769],[124.4776,-16.34496],[124.47983,-16.34761],[124.4784,-16.35371],[124.47897,-16.35597],[124.48049,-16.35643],[124.49409,-16.35141],[124.49622,-16.34757],[124.50008,-16.34793],[124.5054,-16.34529],[124.50661,-16.34284],[124.50845,-16.3427],[124.50678,-16.34376],[124.51089,-16.34621],[124.51512,-16.34273],[124.52671,-16.3404],[124.53461,-16.33569],[124.53448,-16.33666],[124.54803,-16.33258],[124.57096,-16.32928],[124.57705,-16.33054],[124.58359,-16.32978],[124.59107,-16.33376],[124.59831,-16.33559],[124.61247,-16.33496],[124.62334,-16.33647],[124.63654,-16.34001],[124.64565,-16.34467],[124.65734,-16.34595],[124.67343,-16.35038],[124.68415,-16.34522],[124.69349,-16.3447],[124.70196,-16.35008],[124.71519,-16.35582],[124.71906,-16.36036],[124.7252,-16.37218],[124.73337,-16.37551],[124.74727,-16.37493],[124.78767,-16.38584],[124.7964,-16.39377],[124.80736,-16.40712],[124.8098,-16.41289],[124.81447,-16.4164],[124.81599,-16.41584],[124.81752,-16.41173],[124.83053,-16.40906],[124.83894,-16.41172],[124.84247,-16.41468],[124.84852,-16.41535],[124.86386,-16.41268],[124.8744,-16.41621],[124.87697,-16.41045],[124.88189,-16.40876],[124.8895,-16.41039],[124.89616,-16.41509],[124.90127,-16.41603],[124.91012,-16.40995],[124.91232,-16.40431],[124.91256,-16.39866],[124.91774,-16.38806],[124.92772,-16.38224],[124.93471,-16.38403],[124.94395,-16.38394],[124.94888,-16.37887],[124.95135,-16.37269],[124.95334,-16.37131],[124.95555,-16.37346],[124.95504,-16.37659],[124.95015,-16.38271],[124.95084,-16.38801],[124.94896,-16.39207],[124.9465,-16.39388],[124.93913,-16.39341],[124.93691,-16.3925],[124.9354,-16.38956],[124.93096,-16.3882],[124.92229,-16.39112],[124.92059,-16.39382],[124.9182,-16.40652],[124.92113,-16.41186],[124.92126,-16.41667],[124.91719,-16.4208],[124.90854,-16.41999],[124.88804,-16.42797],[124.86511,-16.42849],[124.85937,-16.42723],[124.84228,-16.43182],[124.84052,-16.43431],[124.83865,-16.43272],[124.82753,-16.43201],[124.81525,-16.42674],[124.79355,-16.40892],[124.7509,-16.39048],[124.74542,-16.38996],[124.73659,-16.39475],[124.72707,-16.39742],[124.71819,-16.3971],[124.70336,-16.40131],[124.62671,-16.40483],[124.6198,-16.40691],[124.61158,-16.41196],[124.59975,-16.41429],[124.57976,-16.41309],[124.57377,-16.4111],[124.57332,-16.41299],[124.5727,-16.41088],[124.56048,-16.4071],[124.55685,-16.40864],[124.55579,-16.40758],[124.54016,-16.41022],[124.53169,-16.40726],[124.51366,-16.40855],[124.50921,-16.40734],[124.50129,-16.40079],[124.49702,-16.40238],[124.4971,-16.41052],[124.49455,-16.41167],[124.49642,-16.40588],[124.49443,-16.40429],[124.48986,-16.40642],[124.48729,-16.4046],[124.48248,-16.40582],[124.47955,-16.40818],[124.47499,-16.4059],[124.47428,-16.40726],[124.46925,-16.40769],[124.46417,-16.41134],[124.46597,-16.40711],[124.44924,-16.4109],[124.45239,-16.40648],[124.45112,-16.4032],[124.45209,-16.39665],[124.44965,-16.39302],[124.44955,-16.38861],[124.44475,-16.38882],[124.44485,-16.3921],[124.43981,-16.39524],[124.43127,-16.39407],[124.42544,-16.38907],[124.4264,-16.38297],[124.43193,-16.37746],[124.43148,-16.37418],[124.4268,-16.37371],[124.42704,-16.37179],[124.42553,-16.37065],[124.42625,-16.36681],[124.42391,-16.36635],[124.41968,-16.37039],[124.41746,-16.3688],[124.41488,-16.36924],[124.41416,-16.37353],[124.40739,-16.37328],[124.4075,-16.37022],[124.40352,-16.37066],[124.40177,-16.36952],[124.40307,-16.36704],[124.40193,-16.36127],[124.40348,-16.35563],[124.40256,-16.35223],[124.40128,-16.35166],[124.39916,-16.35425],[124.39919,-16.34837],[124.39638,-16.34757],[124.39452,-16.34496],[124.38913,-16.34652],[124.3875,-16.34561],[124.38443,-16.35068],[124.38426,-16.35377],[124.38044,-16.35246],[124.37573,-16.35775],[124.37371,-16.36419],[124.36429,-16.37465],[124.36298,-16.37815],[124.36567,-16.37872],[124.3584,-16.38151],[124.35802,-16.38603],[124.35466,-16.39026],[124.35076,-16.38803],[124.34888,-16.38915],[124.34746,-16.39186],[124.34789,-16.39898],[124.34365,-16.40359],[124.34645,-16.40462],[124.34714,-16.40734],[124.34244,-16.41003],[124.34372,-16.41105],[124.3422,-16.41229],[124.34428,-16.41637],[124.33632,-16.41644],[124.33654,-16.41881],[124.33911,-16.41996],[124.34061,-16.42448],[124.34646,-16.42474],[124.35772,-16.42095],[124.37037,-16.42034],[124.3732,-16.41696],[124.38118,-16.41372],[124.38881,-16.41521],[124.39854,-16.42237],[124.40191,-16.429],[124.40232,-16.43758],[124.40093,-16.4441],[124.40664,-16.44888],[124.40356,-16.45542],[124.40282,-16.46242],[124.40083,-16.46377],[124.40279,-16.46965],[124.40395,-16.47079],[124.40548,-16.46944],[124.40665,-16.47024],[124.41025,-16.47647],[124.4127,-16.47738],[124.41911,-16.48521],[124.42379,-16.48546],[124.43059,-16.48346],[124.43707,-16.47693],[124.44139,-16.4754],[124.43753,-16.47829],[124.44008,-16.48282],[124.45343,-16.486],[124.4506,-16.48716],[124.45305,-16.48887],[124.45844,-16.48957],[124.46147,-16.49309],[124.46323,-16.49196],[124.46743,-16.49549],[124.46823,-16.49854],[124.46201,-16.50168],[124.44806,-16.49607],[124.44925,-16.50117],[124.44714,-16.50014],[124.44646,-16.49675],[124.44354,-16.49493],[124.44631,-16.50285],[124.44938,-16.50673],[124.44467,-16.50273],[124.44265,-16.5089],[124.4435,-16.50216],[124.44118,-16.49752],[124.43919,-16.49751],[124.43754,-16.49972],[124.43755,-16.4975],[124.42982,-16.49848],[124.42897,-16.50311],[124.43433,-16.50969],[124.43128,-16.51103],[124.4322,-16.51364],[124.42975,-16.51283],[124.42985,-16.51566],[124.43207,-16.51657],[124.43554,-16.52552],[124.43088,-16.51973],[124.42761,-16.51791],[124.42713,-16.52096],[124.42841,-16.52266],[124.42547,-16.52423],[124.42626,-16.53169],[124.42282,-16.53331],[124.42202,-16.53651],[124.4158,-16.53775],[124.41262,-16.54243],[124.41031,-16.54324],[124.40407,-16.54074],[124.40645,-16.53386],[124.4027,-16.53644],[124.39952,-16.53643],[124.39707,-16.53404],[124.39228,-16.533],[124.39229,-16.53085],[124.39547,-16.52725],[124.40308,-16.52797],[124.40754,-16.5255],[124.41156,-16.51897],[124.40593,-16.52236],[124.41522,-16.51232],[124.41523,-16.50994],[124.41443,-16.50723],[124.40906,-16.50358],[124.40283,-16.50695],[124.39908,-16.50641],[124.4059,-16.50357],[124.4045,-16.50209],[124.39999,-16.5026],[124.40287,-16.50005],[124.40089,-16.49733],[124.39794,-16.50116],[124.39689,-16.50059],[124.39289,-16.50486],[124.39163,-16.50457],[124.40433,-16.48831],[124.40354,-16.48277],[124.40731,-16.4786],[124.40534,-16.47418],[124.40382,-16.47452],[124.39939,-16.46952],[124.39813,-16.46522],[124.39485,-16.4643],[124.39533,-16.46159],[124.39031,-16.45897],[124.38939,-16.45603],[124.39385,-16.45334],[124.39015,-16.44518],[124.38816,-16.44359],[124.38056,-16.4422],[124.37341,-16.44273],[124.36109,-16.44866],[124.36049,-16.45171],[124.36367,-16.45311],[124.36369,-16.45822],[124.36258,-16.45477],[124.35873,-16.45271],[124.35555,-16.45507],[124.35345,-16.45416],[124.35003,-16.45855],[124.34615,-16.46022],[124.34499,-16.46556],[124.34382,-16.45976],[124.33608,-16.46074],[124.33235,-16.45846],[124.3314,-16.46015],[124.32566,-16.46114],[124.33063,-16.46543],[124.32366,-16.46214],[124.3214,-16.46846],[124.31917,-16.46868],[124.31696,-16.46697],[124.31803,-16.46313],[124.31481,-16.4632],[124.30999,-16.45597],[124.30811,-16.45541],[124.31739,-16.45262],[124.32221,-16.4488],[124.3211,-16.44702],[124.3234,-16.44564],[124.32306,-16.44395],[124.31462,-16.44326],[124.31511,-16.44153],[124.32459,-16.44203],[124.32659,-16.44035],[124.32951,-16.44081],[124.33186,-16.43947],[124.33105,-16.43811],[124.33364,-16.43518],[124.33426,-16.42852],[124.33275,-16.4275],[124.33063,-16.42895],[124.32923,-16.42816],[124.32913,-16.42499],[124.32271,-16.42145],[124.32214,-16.41964],[124.32497,-16.41491],[124.31793,-16.41793],[124.31313,-16.41813],[124.31124,-16.42015],[124.30788,-16.41403],[124.30015,-16.4149],[124.29826,-16.41771],[124.30142,-16.41739],[124.30118,-16.4184],[124.29471,-16.42391],[124.29016,-16.42174],[124.28995,-16.4171],[124.28294,-16.41447],[124.27645,-16.41653],[124.2744,-16.4134],[124.26491,-16.41493],[124.26111,-16.41941],[124.26409,-16.4138],[124.25674,-16.40958],[124.24958,-16.4127],[124.24361,-16.41199],[124.24277,-16.41549],[124.23962,-16.41355],[124.23914,-16.41547],[124.2334,-16.41634],[124.23333,-16.41931],[124.22473,-16.41754],[124.22273,-16.41843],[124.22369,-16.41539],[124.21867,-16.41265],[124.21951,-16.41005],[124.21754,-16.40529],[124.2115,-16.39848],[124.21087,-16.40246],[124.20891,-16.40016],[124.20631,-16.40365],[124.20386,-16.40228],[124.20186,-16.40475],[124.20222,-16.40249],[124.2101,-16.397],[124.20707,-16.39472],[124.20885,-16.3918],[124.2073,-16.39135],[124.20674,-16.39287],[124.20489,-16.38691],[124.20021,-16.38745],[124.19949,-16.39084],[124.19797,-16.38902],[124.19587,-16.38901],[124.19659,-16.38574],[124.20514,-16.38511],[124.20585,-16.38387],[124.2046,-16.37776],[124.19971,-16.37253],[124.19773,-16.37812],[124.19699,-16.37703],[124.19655,-16.37387],[124.19844,-16.3706],[124.19646,-16.36878],[124.20033,-16.36722],[124.19812,-16.36563],[124.19932,-16.36055],[124.19732,-16.36291],[124.19615,-16.362],[124.19355,-16.36639],[124.19321,-16.36368],[124.19123,-16.36197],[124.19466,-16.35656],[124.19302,-16.35678],[124.18825,-16.3528],[124.18567,-16.35267],[124.18825,-16.35167],[124.1912,-16.34773],[124.19273,-16.34785],[124.1931,-16.34412],[124.19486,-16.34379],[124.19487,-16.34255],[124.18568,-16.33312],[124.18333,-16.33401],[124.18405,-16.33175],[124.17703,-16.33058],[124.17506,-16.3282],[124.17532,-16.32322],[124.17874,-16.32008],[124.17664,-16.31781],[124.17633,-16.31227],[124.17902,-16.31172],[124.17974,-16.30957],[124.16981,-16.30579],[124.16384,-16.30598],[124.15756,-16.29995],[124.15172,-16.29935],[124.14858,-16.29605],[124.14612,-16.29672],[124.14461,-16.29422],[124.13947,-16.29249],[124.13727,-16.28932],[124.13097,-16.28634],[124.1277,-16.28621],[124.12665,-16.2891],[124.12455,-16.28889],[124.12546,-16.28811],[124.12419,-16.28551],[124.12584,-16.28416],[124.12304,-16.28267],[124.12515,-16.28122],[124.12446,-16.28042],[124.12142,-16.27995],[124.11754,-16.28321],[124.11873,-16.2796],[124.10785,-16.27863],[124.10561,-16.28223],[124.10268,-16.28266],[124.10144,-16.28538],[124.10163,-16.2822],[124.10562,-16.28008],[124.10482,-16.27782],[124.09442,-16.27526],[124.09403,-16.27716],[124.08637,-16.27194],[124.08339,-16.2766],[124.08284,-16.27485],[124.08023,-16.27635],[124.07944,-16.27562],[124.08238,-16.2727],[124.07549,-16.27096],[124.07033,-16.27263],[124.06996,-16.27469],[124.06625,-16.2709],[124.06085,-16.27279],[124.057,-16.27141],[124.06036,-16.27697],[124.06827,-16.28414],[124.06616,-16.28379],[124.06407,-16.28106],[124.06313,-16.28196],[124.05953,-16.2781],[124.05707,-16.27864],[124.05346,-16.27546],[124.05395,-16.27286],[124.05244,-16.27195],[124.04974,-16.27238],[124.04994,-16.27471],[124.04868,-16.27317],[124.04377,-16.27336],[124.04327,-16.27765],[124.04198,-16.27832],[124.04058,-16.27673],[124.04236,-16.27414],[124.04178,-16.27278],[124.03943,-16.27446],[124.03859,-16.27728],[124.03814,-16.27513],[124.0405,-16.27198],[124.03958,-16.26983],[124.04239,-16.26894],[124.03926,-16.26564],[124.03785,-16.26643],[124.03472,-16.26234],[124.03156,-16.26243],[124.03297,-16.26119],[124.03123,-16.25915],[124.02876,-16.26083],[124.02701,-16.26014],[124.02762,-16.2572],[124.02622,-16.25573],[124.02514,-16.26024],[124.02118,-16.25761],[124.02128,-16.25931],[124.01883,-16.25884],[124.01893,-16.26099],[124.01496,-16.25938],[124.01783,-16.26833],[124.01097,-16.26161],[124.00995,-16.25743],[124.00853,-16.25934],[124.00667,-16.25695],[124.00734,-16.26204],[124.00432,-16.2592],[124.00417,-16.26383],[124.00255,-16.26111],[123.99983,-16.26471],[124.00128,-16.25918],[124.00364,-16.25625],[124.00283,-16.25455],[124.00003,-16.25419],[123.99872,-16.25611],[123.99675,-16.25417],[123.99729,-16.26096],[123.99553,-16.26162],[123.99413,-16.25992],[123.99062,-16.26012],[123.99041,-16.25718],[123.99335,-16.2546],[123.98998,-16.25187],[123.98739,-16.25354],[123.98542,-16.2515],[123.98425,-16.25205],[123.98391,-16.24956],[123.97981,-16.25101],[123.97994,-16.24829],[123.97537,-16.24973],[123.97591,-16.25584],[123.97266,-16.25209],[123.97008,-16.25365],[123.96997,-16.25184],[123.97161,-16.2514],[123.97128,-16.2497],[123.97328,-16.24757],[123.97213,-16.2453],[123.96989,-16.24789],[123.96605,-16.24413],[123.96394,-16.24457],[123.95568,-16.23886],[123.94402,-16.23392],[123.93992,-16.23355],[123.93205,-16.22208],[123.92879,-16.22013],[123.92785,-16.22182],[123.92447,-16.21886],[123.92353,-16.21998],[123.92456,-16.22259],[123.92164,-16.22223],[123.92074,-16.21725],[123.91526,-16.21563],[123.90992,-16.21028],[123.90861,-16.21253],[123.90987,-16.21672],[123.91406,-16.21924],[123.91393,-16.22116],[123.91661,-16.22186],[123.9152,-16.22377],[123.91624,-16.22479],[123.91529,-16.22626],[123.91751,-16.22684],[123.91596,-16.23146],[123.9196,-16.22866],[123.9198,-16.23397],[123.92143,-16.23534],[123.92591,-16.22961],[123.92672,-16.23154],[123.92447,-16.23548],[123.92658,-16.2347],[123.93088,-16.23846],[123.93603,-16.23748],[123.9339,-16.24097],[123.93784,-16.24687],[123.94168,-16.24916],[123.94357,-16.24646],[123.94742,-16.24784],[123.94919,-16.24548],[123.952,-16.24618],[123.94964,-16.24899],[123.95148,-16.25239],[123.94752,-16.25011],[123.94576,-16.25089],[123.95074,-16.2577],[123.95802,-16.2547],[123.96038,-16.25155],[123.96248,-16.25281],[123.96306,-16.2536],[123.95824,-16.2564],[123.95869,-16.25752],[123.956,-16.25796],[123.95494,-16.25988],[123.95025,-16.26052],[123.95328,-16.26303],[123.95338,-16.26473],[123.95468,-16.26338],[123.95934,-16.26522],[123.96383,-16.26017],[123.96119,-16.26862],[123.96377,-16.26842],[123.96398,-16.27068],[123.96948,-16.27173],[123.97063,-16.27344],[123.97251,-16.27288],[123.97331,-16.27549],[123.976,-16.27596],[123.97529,-16.2772],[123.97645,-16.27811],[123.97832,-16.27858],[123.9788,-16.27711],[123.98764,-16.28384],[123.98905,-16.28328],[123.98883,-16.2817],[123.99174,-16.28364],[123.99375,-16.28139],[123.99593,-16.28717],[124.00009,-16.29182],[123.99788,-16.29295],[123.99672,-16.29091],[123.99356,-16.29043],[123.99219,-16.28658],[123.98938,-16.28566],[123.98633,-16.28677],[123.98214,-16.28425],[123.98075,-16.28176],[123.97653,-16.28376],[123.97268,-16.28114],[123.97151,-16.28226],[123.96099,-16.27981],[123.96074,-16.2823],[123.95663,-16.28453],[123.95442,-16.28237],[123.95136,-16.28427],[123.9532,-16.28892],[123.95133,-16.2889],[123.94983,-16.28607],[123.94794,-16.28809],[123.94619,-16.28774],[123.94617,-16.29034],[123.94173,-16.28906],[123.93359,-16.29771],[123.93451,-16.30088],[123.93616,-16.29908],[123.94231,-16.30534],[123.94383,-16.30581],[123.94525,-16.30344],[123.94653,-16.30526],[123.94934,-16.30437],[123.95078,-16.30656],[123.94569,-16.3074],[123.94872,-16.30991],[123.94879,-16.31522],[123.95125,-16.31558],[123.95263,-16.3192],[123.95578,-16.32058],[123.95366,-16.32215],[123.95516,-16.32499],[123.96006,-16.32672],[123.95864,-16.32874],[123.9598,-16.33022],[123.96226,-16.32967],[123.96447,-16.33228],[123.96763,-16.33276],[123.96783,-16.3366],[123.97053,-16.33594],[123.97494,-16.34083],[123.97729,-16.3404],[123.97633,-16.34265],[123.98039,-16.34743],[123.98117,-16.35286],[123.98397,-16.35502],[123.98439,-16.36113],[123.98618,-16.36117],[123.98565,-16.36498],[123.9876,-16.37042],[123.98692,-16.37188],[123.98539,-16.36848],[123.98411,-16.36836],[123.98675,-16.3746],[123.98453,-16.37503],[123.98545,-16.37662],[123.98385,-16.37949],[123.9769,-16.37679],[123.97572,-16.37893],[123.94132,-16.35982],[123.90581,-16.33515],[123.89966,-16.3272],[123.89537,-16.30738],[123.89014,-16.3026],[123.88883,-16.30451],[123.89014,-16.30805],[123.88754,-16.30597],[123.88662,-16.30303],[123.88381,-16.30402],[123.88434,-16.31115],[123.88769,-16.31581],[123.88914,-16.32576],[123.89282,-16.3337],[123.89816,-16.33939],[123.91703,-16.35219],[123.90688,-16.34725],[123.89964,-16.34562],[123.89495,-16.34626],[123.88573,-16.34281],[123.89363,-16.35044],[123.89163,-16.35201],[123.89723,-16.35431],[123.90898,-16.36291],[123.90139,-16.36202],[123.8995,-16.36336],[123.89779,-16.35781],[123.89533,-16.35802],[123.88635,-16.35321],[123.88436,-16.35365],[123.8912,-16.36229],[123.89504,-16.36503],[123.89487,-16.37271],[123.89262,-16.37575],[123.89361,-16.38344],[123.89649,-16.39024],[123.89939,-16.39219],[123.89681,-16.39353],[123.89003,-16.39302],[123.88955,-16.39449],[123.89091,-16.39936],[123.89707,-16.40641],[123.89854,-16.41253],[123.90027,-16.41376],[123.89911,-16.41468],[123.89998,-16.42282],[123.89926,-16.42508],[123.89517,-16.42392],[123.88838,-16.40952],[123.88718,-16.41278],[123.88305,-16.41671],[123.87758,-16.41317],[123.87561,-16.4101],[123.87243,-16.41223],[123.86704,-16.41286],[123.87222,-16.42477],[123.8707,-16.42965],[123.87233,-16.43981],[123.87569,-16.44473],[123.87231,-16.44308],[123.87111,-16.44704],[123.868,-16.43966],[123.86193,-16.43702],[123.85798,-16.43314],[123.85588,-16.43268],[123.85523,-16.43718],[123.8541,-16.43515],[123.85447,-16.43233],[123.85707,-16.4302],[123.85709,-16.4276],[123.84682,-16.40691],[123.84807,-16.39792],[123.8459,-16.39157],[123.84379,-16.39133],[123.845,-16.38659],[123.84204,-16.38282],[123.84714,-16.38243],[123.85058,-16.37646],[123.84823,-16.37701],[123.84663,-16.37293],[123.84452,-16.37291],[123.84512,-16.37099],[123.8384,-16.36269],[123.83647,-16.35436],[123.83844,-16.35657],[123.83888,-16.35525],[123.83955,-16.35925],[123.84447,-16.36443],[123.84739,-16.36502],[123.84772,-16.36785],[123.85144,-16.37172],[123.85622,-16.37345],[123.86687,-16.37421],[123.8734,-16.37832],[123.87609,-16.37766],[123.87834,-16.37508],[123.87884,-16.37124],[123.86764,-16.36596],[123.86648,-16.3646],[123.86929,-16.36484],[123.87,-16.3636],[123.8658,-16.36222],[123.86686,-16.36053],[123.87036,-16.36236],[123.87873,-16.35519],[123.8791,-16.35259],[123.87645,-16.34704],[123.87342,-16.34487],[123.87108,-16.34507],[123.86841,-16.34234],[123.86548,-16.34243],[123.86427,-16.3474],[123.86763,-16.35172],[123.86552,-16.35216],[123.86425,-16.35056],[123.86354,-16.35169],[123.86251,-16.34852],[123.86108,-16.35099],[123.86015,-16.35031],[123.86206,-16.34625],[123.86113,-16.34455],[123.86325,-16.34298],[123.86292,-16.34128],[123.86526,-16.3404],[123.86259,-16.338],[123.8646,-16.3361],[123.86192,-16.33404],[123.85847,-16.34057],[123.85863,-16.33583],[123.85668,-16.33016],[123.86206,-16.33099],[123.86546,-16.32989],[123.86595,-16.32786],[123.86198,-16.32636],[123.85723,-16.31965],[123.84393,-16.31503],[123.83983,-16.31534],[123.84028,-16.31749],[123.83523,-16.3196],[123.84129,-16.32338],[123.84298,-16.32621],[123.83882,-16.3237],[123.83214,-16.32489],[123.82737,-16.32214],[123.82537,-16.32281],[123.81653,-16.31585],[123.8121,-16.31434],[123.79954,-16.30396],[123.79775,-16.3079],[123.79844,-16.30994],[123.80391,-16.31315],[123.81006,-16.32066],[123.80227,-16.31427],[123.7977,-16.31446],[123.79638,-16.31611],[123.7962,-16.3123],[123.78445,-16.30305],[123.78367,-16.29875],[123.78622,-16.30149],[123.78717,-16.30014],[123.78843,-16.3032],[123.79275,-16.30481],[123.79486,-16.30393],[123.79583,-16.29975],[123.79103,-16.2996],[123.79457,-16.29691],[123.7832,-16.28405],[123.78179,-16.28472],[123.78374,-16.29016],[123.78289,-16.29309],[123.78067,-16.29353],[123.78272,-16.29764],[123.77649,-16.29275],[123.77823,-16.29159],[123.77804,-16.28582],[123.77442,-16.28455],[123.77159,-16.28713],[123.7709,-16.28611],[123.77279,-16.28386],[123.76825,-16.28066],[123.76696,-16.28122],[123.76419,-16.27633],[123.76058,-16.27495],[123.7579,-16.27597],[123.75731,-16.27865],[123.75624,-16.27627],[123.75775,-16.27513],[123.74983,-16.27272],[123.75019,-16.2717],[123.74066,-16.26326],[123.74092,-16.26021],[123.74351,-16.25876],[123.74297,-16.25311],[123.74633,-16.25732],[123.74996,-16.25712],[123.75162,-16.25498],[123.75359,-16.25726],[123.76094,-16.2589],[123.76294,-16.25858],[123.76436,-16.25621],[123.76948,-16.25953],[123.77136,-16.25887],[123.7708,-16.25593],[123.77715,-16.25179],[123.78073,-16.25758],[123.77931,-16.2595],[123.78212,-16.25963],[123.7835,-16.26213],[123.78553,-16.2574],[123.78614,-16.25412],[123.78498,-16.25298],[123.7863,-16.2496],[123.78234,-16.24663],[123.78387,-16.24619],[123.78331,-16.24302],[123.78575,-16.2453],[123.78693,-16.24396],[123.78956,-16.25087],[123.79177,-16.25292],[123.78883,-16.25392],[123.78961,-16.2589],[123.79206,-16.25971],[123.7911,-16.26354],[123.79378,-16.26447],[123.79695,-16.26302],[123.79747,-16.25726],[123.79922,-16.25697],[123.79681,-16.25127],[123.80064,-16.2557],[123.80123,-16.25492],[123.79501,-16.243],[123.79504,-16.23882],[123.79204,-16.23461],[123.79119,-16.23766],[123.7896,-16.23222],[123.79066,-16.23098],[123.78834,-16.22825],[123.78635,-16.22869],[123.78643,-16.23287],[123.78503,-16.23343],[123.78108,-16.23012],[123.78074,-16.22797],[123.77827,-16.22976],[123.7757,-16.22883],[123.7749,-16.22645],[123.77608,-16.22533],[123.77237,-16.22157],[123.7716,-16.21614],[123.77361,-16.21367],[123.77883,-16.21891],[123.78908,-16.22363],[123.7912,-16.22195],[123.78473,-16.2124],[123.78683,-16.21276],[123.78686,-16.20982],[123.78862,-16.20949],[123.79021,-16.21482],[123.79524,-16.21508],[123.79486,-16.21779],[123.79661,-16.2186],[123.79857,-16.22291],[123.80023,-16.22032],[123.7979,-16.21906],[123.79861,-16.21805],[123.80059,-16.21874],[123.80038,-16.21614],[123.80526,-16.21979],[123.80691,-16.21811],[123.81029,-16.21961],[123.81261,-16.22234],[123.81274,-16.22008],[123.81462,-16.21964],[123.81488,-16.21704],[123.80992,-16.20841],[123.80666,-16.20613],[123.80383,-16.20848],[123.80303,-16.20621],[123.79681,-16.20922],[123.79718,-16.20639],[123.80093,-16.20563],[123.80317,-16.2035],[123.79989,-16.20438],[123.80014,-16.20235],[123.79803,-16.2029],[123.79734,-16.20153],[123.79522,-16.20321],[123.79395,-16.20117],[123.7923,-16.20206],[123.79056,-16.20046],[123.78409,-16.18846],[123.7789,-16.18195],[123.77575,-16.18102],[123.77057,-16.17058],[123.76523,-16.16669],[123.76416,-16.16872],[123.76101,-16.167],[123.76232,-16.16509],[123.76011,-16.16326],[123.75647,-16.1647],[123.7579,-16.16144],[123.75092,-16.15743],[123.74857,-16.15854],[123.74725,-16.16276],[123.74602,-16.15592],[123.74183,-16.15351],[123.73936,-16.15473],[123.73967,-16.15948],[123.73791,-16.1606],[123.7356,-16.15685],[123.7369,-16.15562],[123.73541,-16.15267],[123.73839,-16.15276],[123.72788,-16.14334],[123.72662,-16.1405],[123.72114,-16.13831],[123.71938,-16.13898],[123.7031,-16.12867],[123.70481,-16.13343],[123.70832,-16.13346],[123.7118,-16.13733],[123.71902,-16.14078],[123.719,-16.14315],[123.72212,-16.14759],[123.72038,-16.14577],[123.7171,-16.14563],[123.72429,-16.15382],[123.72462,-16.15066],[123.72847,-16.1568],[123.7259,-16.15632],[123.72495,-16.15778],[123.71855,-16.15378],[123.71656,-16.15489],[123.71317,-16.15407],[123.71898,-16.15864],[123.72477,-16.16581],[123.72344,-16.17088],[123.72266,-16.16658],[123.71557,-16.16144],[123.71362,-16.15701],[123.70898,-16.15223],[123.70312,-16.15388],[123.70298,-16.15625],[123.70695,-16.15651],[123.7079,-16.15527],[123.70999,-16.15642],[123.70882,-16.15732],[123.7121,-16.16158],[123.70505,-16.16034],[123.71364,-16.16753],[123.71351,-16.16911],[123.71164,-16.16887],[123.71073,-16.17293],[123.70999,-16.1701],[123.70624,-16.17176],[123.70298,-16.16993],[123.70215,-16.17116],[123.70329,-16.174],[123.70574,-16.17515],[123.70362,-16.17649],[123.70417,-16.18102],[123.70249,-16.18598],[123.7041,-16.18882],[123.70142,-16.19025],[123.70163,-16.17681],[123.70002,-16.17363],[123.70099,-16.16946],[123.69984,-16.16742],[123.69716,-16.16683],[123.6961,-16.16772],[123.69771,-16.17056],[123.69605,-16.17326],[123.69318,-16.16623],[123.69576,-16.16614],[123.69659,-16.16422],[123.68985,-16.15999],[123.69684,-16.16223],[123.69371,-16.15945],[123.69699,-16.15925],[123.69818,-16.15689],[123.69343,-16.15109],[123.69133,-16.15096],[123.69071,-16.15491],[123.68662,-16.1542],[123.68425,-16.15858],[123.68576,-16.15984],[123.67978,-16.16058],[123.67722,-16.15966],[123.68261,-16.15868],[123.68347,-16.1536],[123.67062,-16.15192],[123.67005,-16.15044],[123.66536,-16.15119],[123.6699,-16.15361],[123.66674,-16.15448],[123.66942,-16.15575],[123.66706,-16.15776],[123.67499,-16.16077],[123.67576,-16.1632],[123.67323,-16.16132],[123.66643,-16.16285],[123.66574,-16.16182],[123.66798,-16.15981],[123.66542,-16.15832],[123.6651,-16.15424],[123.66334,-16.15525],[123.65985,-16.15341],[123.65818,-16.1569],[123.66308,-16.15841],[123.65956,-16.16008],[123.65418,-16.15992],[123.65672,-16.16344],[123.65413,-16.165],[123.65527,-16.16829],[123.65202,-16.166],[123.64898,-16.16598],[123.64955,-16.16723],[123.64779,-16.16834],[123.64604,-16.16742],[123.64065,-16.16896],[123.63729,-16.16486],[123.62843,-16.16174],[123.63289,-16.16008],[123.63337,-16.15861],[123.62974,-16.15937],[123.62729,-16.15811],[123.62716,-16.1598],[123.624,-16.16023],[123.62044,-16.15768],[123.63733,-16.17357],[123.63578,-16.17615],[123.63112,-16.17498],[123.62161,-16.16529],[123.61846,-16.16538],[123.61625,-16.16333],[123.61459,-16.16546],[123.61297,-16.16409],[123.61335,-16.16048],[123.61019,-16.16101],[123.61075,-16.16362],[123.60422,-16.16153],[123.60316,-16.16254],[123.60394,-16.16627],[123.59648,-16.16418],[123.59622,-16.16666],[123.59434,-16.16789],[123.58619,-16.16352],[123.58419,-16.16441],[123.57491,-16.16941],[123.57071,-16.18079],[123.56981,-16.17694],[123.57111,-16.17481],[123.56927,-16.1723],[123.5657,-16.17849],[123.56139,-16.17676],[123.56012,-16.17471],[123.55847,-16.17594],[123.55634,-16.17841],[123.56215,-16.18298],[123.56038,-16.185],[123.56211,-16.18705],[123.56365,-16.18458],[123.56587,-16.18573],[123.56607,-16.18844],[123.56796,-16.18654],[123.56864,-16.18925],[123.57247,-16.19211],[123.5685,-16.19174],[123.56732,-16.19331],[123.57369,-16.19959],[123.56495,-16.19657],[123.56631,-16.20031],[123.56501,-16.20177],[123.56675,-16.20348],[123.56295,-16.20933],[123.56388,-16.21035],[123.56918,-16.20701],[123.56895,-16.20588],[123.57235,-16.20523],[123.5797,-16.20733],[123.5817,-16.20587],[123.58157,-16.20757],[123.58611,-16.20975],[123.5861,-16.21168],[123.59276,-16.21173],[123.59752,-16.21584],[123.59976,-16.21439],[123.60113,-16.21635],[123.59937,-16.21846],[123.59528,-16.21763],[123.58064,-16.22011],[123.57983,-16.21829],[123.58314,-16.21516],[123.58058,-16.2131],[123.5697,-16.21379],[123.56371,-16.21623],[123.56683,-16.21976],[123.5764,-16.22244],[123.57673,-16.22482],[123.57894,-16.22631],[123.57613,-16.22696],[123.57971,-16.2314],[123.58205,-16.23199],[123.58226,-16.23369],[123.58508,-16.23258],[123.58547,-16.22908],[123.5892,-16.2299],[123.58656,-16.22491],[123.59142,-16.2306],[123.5941,-16.23119],[123.59413,-16.22859],[123.59586,-16.23132],[123.60193,-16.23239],[123.59876,-16.23349],[123.5955,-16.23222],[123.58837,-16.23797],[123.58011,-16.23921],[123.5837,-16.2424],[123.58524,-16.24072],[123.58827,-16.24222],[123.58789,-16.24549],[123.59091,-16.24767],[123.59057,-16.24642],[123.59234,-16.24693],[123.59083,-16.24405],[123.59396,-16.24656],[123.59946,-16.24729],[123.60392,-16.2454],[123.605,-16.24281],[123.60967,-16.24376],[123.60626,-16.24497],[123.60575,-16.25028],[123.60352,-16.25094],[123.61664,-16.26179],[123.60217,-16.25726],[123.60114,-16.25533],[123.58717,-16.24729],[123.58532,-16.24479],[123.58366,-16.24692],[123.57607,-16.24528],[123.5729,-16.24638],[123.57475,-16.24899],[123.58574,-16.24966],[123.5933,-16.25526],[123.58957,-16.25398],[123.5892,-16.25545],[123.59305,-16.25684],[123.59185,-16.26],[123.59328,-16.25839],[123.59441,-16.26126],[123.5993,-16.26407],[123.59486,-16.26386],[123.59358,-16.26227],[123.58913,-16.26291],[123.58797,-16.26222],[123.58868,-16.26065],[123.58389,-16.2606],[123.58328,-16.26331],[123.58607,-16.26492],[123.58582,-16.26616],[123.58233,-16.26398],[123.57962,-16.26656],[123.57971,-16.26984],[123.58214,-16.27201],[123.57908,-16.27435],[123.57782,-16.27073],[123.57064,-16.2762],[123.56643,-16.27526],[123.56607,-16.27628],[123.55714,-16.26761],[123.55443,-16.26973],[123.55411,-16.26634],[123.55753,-16.2641],[123.55683,-16.26319],[123.55225,-16.26519],[123.54958,-16.26279],[123.55094,-16.26699],[123.54836,-16.26764],[123.55147,-16.27298],[123.55029,-16.27422],[123.55157,-16.27919],[123.54698,-16.27769],[123.55021,-16.28314],[123.56064,-16.2942],[123.56333,-16.29411],[123.56226,-16.29569],[123.56572,-16.30148],[123.57153,-16.30583],[123.57458,-16.30551],[123.58982,-16.3148],[123.58811,-16.31004],[123.59125,-16.31278],[123.59192,-16.31618],[123.59611,-16.31802],[123.59876,-16.32279],[123.59813,-16.31544],[123.59337,-16.31122],[123.59911,-16.30999],[123.60528,-16.31426],[123.60564,-16.31257],[123.60402,-16.31119],[123.60543,-16.31075],[123.61028,-16.31769],[123.61297,-16.31738],[123.61346,-16.31512],[123.61964,-16.31777],[123.62059,-16.31676],[123.62221,-16.31825],[123.62445,-16.31725],[123.62554,-16.3133],[123.62345,-16.31046],[123.61961,-16.30861],[123.61859,-16.3051],[123.61545,-16.3027],[123.61412,-16.29444],[123.61145,-16.2917],[123.61403,-16.29184],[123.61138,-16.28707],[123.62163,-16.29258],[123.62525,-16.29272],[123.62539,-16.29012],[123.62715,-16.29048],[123.62796,-16.29105],[123.62631,-16.29273],[123.62779,-16.29704],[123.63279,-16.30025],[123.63243,-16.30194],[123.64033,-16.30868],[123.6429,-16.30836],[123.64522,-16.31154],[123.64755,-16.31213],[123.6624,-16.3135],[123.66016,-16.3154],[123.66446,-16.3195],[123.67762,-16.32651],[123.67618,-16.33079],[123.68,-16.33557],[123.6903,-16.33543],[123.69743,-16.33752],[123.69647,-16.33977],[123.69984,-16.34319],[123.70012,-16.35099],[123.70248,-16.34864],[123.70459,-16.34866],[123.70679,-16.3506],[123.70666,-16.35297],[123.71063,-16.35402],[123.70804,-16.35603],[123.69901,-16.35409],[123.70216,-16.35824],[123.69888,-16.35912],[123.71691,-16.37238],[123.71163,-16.37347],[123.71352,-16.37156],[123.71037,-16.37041],[123.70848,-16.37276],[123.70368,-16.37193],[123.70225,-16.37486],[123.69499,-16.37492],[123.69161,-16.37319],[123.68141,-16.37537],[123.67233,-16.36964],[123.66297,-16.36798],[123.66388,-16.37138],[123.66853,-16.37538],[123.66816,-16.3773],[123.67303,-16.3831],[123.66354,-16.38336],[123.6562,-16.37889],[123.65137,-16.36947],[123.65257,-16.36609],[123.65984,-16.36479],[123.65869,-16.36286],[123.65345,-16.35965],[123.64081,-16.35898],[123.63265,-16.35564],[123.62924,-16.35674],[123.63133,-16.35823],[123.62897,-16.36047],[123.63562,-16.36278],[123.63759,-16.36563],[123.63697,-16.36992],[123.63802,-16.37038],[123.63897,-16.36778],[123.64094,-16.37074],[123.63683,-16.3724],[123.6389,-16.3766],[123.64795,-16.38538],[123.66715,-16.39888],[123.68829,-16.40482],[123.68664,-16.40673],[123.68007,-16.40791],[123.68099,-16.41018],[123.68546,-16.40796],[123.68954,-16.40901],[123.68848,-16.41081],[123.68154,-16.41358],[123.67976,-16.41616],[123.68737,-16.41657],[123.69722,-16.41484],[123.69694,-16.42083],[123.69365,-16.42125],[123.68493,-16.42796],[123.68025,-16.42747],[123.68149,-16.43268],[123.68055,-16.43324],[123.67567,-16.4289],[123.67169,-16.42831],[123.67133,-16.42932],[123.67693,-16.43253],[123.67657,-16.43355],[123.66742,-16.43449],[123.66553,-16.43662],[123.66369,-16.4331],[123.65555,-16.43183],[123.64863,-16.42721],[123.64499,-16.42831],[123.63611,-16.42598],[123.6375,-16.42825],[123.63514,-16.42925],[123.63284,-16.42459],[123.62958,-16.42298],[123.6214,-16.42996],[123.61316,-16.4259],[123.608,-16.42574],[123.60312,-16.42151],[123.59775,-16.42045],[123.59694,-16.41886],[123.59413,-16.41906],[123.59181,-16.41712],[123.59941,-16.41753],[123.60517,-16.41554],[123.60412,-16.41474],[123.60612,-16.41363],[123.60546,-16.41],[123.598,-16.40565],[123.59006,-16.40354],[123.58862,-16.40749],[123.5862,-16.40283],[123.57193,-16.40079],[123.57355,-16.40295],[123.56969,-16.40291],[123.57237,-16.40441],[123.57106,-16.40609],[123.57491,-16.40782],[123.57174,-16.40836],[123.56487,-16.40491],[123.55692,-16.40348],[123.56617,-16.40345],[123.56631,-16.40119],[123.5683,-16.40087],[123.56364,-16.39811],[123.54703,-16.39672],[123.5378,-16.39449],[123.53674,-16.39539],[123.53848,-16.39665],[123.53589,-16.39798],[123.53178,-16.39595],[123.53486,-16.39605],[123.53487,-16.39503],[123.52634,-16.39258],[123.52811,-16.39124],[123.52173,-16.38486],[123.50913,-16.38022],[123.50854,-16.38101],[123.51191,-16.38307],[123.51414,-16.38298],[123.51773,-16.3864],[123.51519,-16.38726],[123.51864,-16.38924],[123.51863,-16.39059],[123.5109,-16.39041],[123.51125,-16.39132],[123.5199,-16.39309],[123.52037,-16.39197],[123.52258,-16.39436],[123.5248,-16.39415],[123.52676,-16.39734],[123.53075,-16.39681],[123.54663,-16.40113],[123.5382,-16.40139],[123.53667,-16.40251],[123.54592,-16.40282],[123.56308,-16.40794],[123.56446,-16.41089],[123.56016,-16.4078],[123.54785,-16.40849],[123.55635,-16.41399],[123.55645,-16.41546],[123.55915,-16.41548],[123.56649,-16.4195],[123.57889,-16.42018],[123.57689,-16.42197],[123.58225,-16.42484],[123.58222,-16.42767],[123.57612,-16.42874],[123.57309,-16.42725],[123.55951,-16.42634],[123.53758,-16.41755],[123.52441,-16.41054],[123.52265,-16.41154],[123.51693,-16.40889],[123.51083,-16.41053],[123.50664,-16.40756],[123.5045,-16.41081],[123.50278,-16.40707],[123.50204,-16.41057],[123.49972,-16.40896],[123.49795,-16.40985],[123.5047,-16.41432],[123.50535,-16.41998],[123.50713,-16.41773],[123.51135,-16.41755],[123.51309,-16.41914],[123.51097,-16.42059],[123.51292,-16.424],[123.54014,-16.43148],[123.54356,-16.42925],[123.54193,-16.42754],[123.54299,-16.42721],[123.54789,-16.42985],[123.54319,-16.43105],[123.54795,-16.43539],[123.55998,-16.43878],[123.56181,-16.4432],[123.56824,-16.44552],[123.56964,-16.44542],[123.56592,-16.44256],[123.57191,-16.44125],[123.57891,-16.44346],[123.58126,-16.4428],[123.58241,-16.44474],[123.58687,-16.44432],[123.59362,-16.44935],[123.59372,-16.45071],[123.59924,-16.44872],[123.60262,-16.45056],[123.60202,-16.45237],[123.60903,-16.45469],[123.60701,-16.45749],[123.60876,-16.45887],[123.61553,-16.46073],[123.61983,-16.46472],[123.63422,-16.46677],[123.63549,-16.46881],[123.64202,-16.47181],[123.64318,-16.47408],[123.65137,-16.47494],[123.65111,-16.47708],[123.64877,-16.47729],[123.64828,-16.47988],[123.65282,-16.48286],[123.6528,-16.48467],[123.65528,-16.48333],[123.66053,-16.48496],[123.66028,-16.48699],[123.66294,-16.49108],[123.66163,-16.4939],[123.65751,-16.49601],[123.65071,-16.4964],[123.6451,-16.49455],[123.64555,-16.4967],[123.63536,-16.49662],[123.63288,-16.49863],[123.63514,-16.49458],[123.62707,-16.49384],[123.6272,-16.49146],[123.62522,-16.49043],[123.62181,-16.49198],[123.61865,-16.49128],[123.61723,-16.49308],[123.6153,-16.49231],[123.61523,-16.49385],[123.61066,-16.49426],[123.60974,-16.49211],[123.60925,-16.49425],[123.60715,-16.49356],[123.60585,-16.49524],[123.60375,-16.49398],[123.60273,-16.49069],[123.60212,-16.49329],[123.59978,-16.49236],[123.59939,-16.49643],[123.59417,-16.49164],[123.5946,-16.49492],[123.59074,-16.49455],[123.59318,-16.49694],[123.58851,-16.4952],[123.58297,-16.49855],[123.58553,-16.50106],[123.58833,-16.50142],[123.58795,-16.50481],[123.58559,-16.50705],[123.58849,-16.51046],[123.59305,-16.51096],[123.59365,-16.50938],[123.59986,-16.50909],[123.60329,-16.50573],[123.60763,-16.50486],[123.60772,-16.5078],[123.61098,-16.51043],[123.61532,-16.51001],[123.62091,-16.51424],[123.62981,-16.51477],[123.63704,-16.518],[123.64448,-16.5245],[123.64469,-16.52778],[123.64303,-16.53003],[123.59881,-16.52197],[123.59041,-16.51772],[123.58432,-16.51744],[123.59903,-16.52516],[123.59455,-16.52589],[123.58301,-16.51935],[123.56922,-16.51629],[123.56234,-16.51227],[123.56773,-16.51209],[123.56681,-16.51073],[123.54636,-16.50422],[123.54762,-16.50785],[123.53627,-16.50594],[123.53602,-16.50809],[123.53414,-16.50863],[123.53559,-16.5039],[123.54402,-16.50454],[123.53561,-16.50198],[123.52046,-16.49336],[123.51811,-16.49414],[123.51602,-16.49197],[123.50795,-16.49054],[123.50481,-16.48757],[123.50108,-16.48652],[123.49865,-16.48266],[123.48884,-16.47963],[123.48537,-16.4753],[123.47347,-16.46999],[123.46677,-16.47242],[123.46099,-16.4761],[123.46145,-16.477],[123.4632,-16.47826],[123.46695,-16.47796],[123.46956,-16.47504],[123.47153,-16.47653],[123.47261,-16.48027],[123.47009,-16.48025],[123.47251,-16.484],[123.48442,-16.48818],[123.48222,-16.48624],[123.48444,-16.48614],[123.48977,-16.49298],[123.49514,-16.49404],[123.50208,-16.50405],[123.50099,-16.50721],[123.49296,-16.50171],[123.49234,-16.50532],[123.49791,-16.51114],[123.49659,-16.51452],[123.48942,-16.51649],[123.48591,-16.51589],[123.47681,-16.51185],[123.46464,-16.51038],[123.46068,-16.50763],[123.45622,-16.50872],[123.45433,-16.51074],[123.4492,-16.50775],[123.44531,-16.50986],[123.44545,-16.50794],[123.43109,-16.50295],[123.43157,-16.50182],[123.44246,-16.50192],[123.4434,-16.50137],[123.44224,-16.50045],[123.42855,-16.49885],[123.42876,-16.50112],[123.42438,-16.50616],[123.42822,-16.5088],[123.42854,-16.51118],[123.44702,-16.5144],[123.44958,-16.51646],[123.45745,-16.51495],[123.46808,-16.51821],[123.46874,-16.52217],[123.4604,-16.52459],[123.46296,-16.5263],[123.4606,-16.52741],[123.46011,-16.52978],[123.4637,-16.53479],[123.47125,-16.54164],[123.48209,-16.54728],[123.48501,-16.54798],[123.49101,-16.546],[123.49698,-16.55894],[123.50312,-16.56601],[123.51141,-16.56697],[123.51345,-16.5684],[123.50298,-16.56804],[123.49809,-16.56506],[123.49549,-16.56673],[123.49583,-16.56888],[123.49428,-16.57079],[123.49654,-16.5803],[123.50224,-16.58397],[123.50696,-16.59295],[123.51161,-16.59774],[123.51174,-16.58406],[123.51746,-16.5736],[123.51775,-16.56612],[123.52814,-16.57222],[123.5381,-16.57276],[123.54007,-16.57504],[123.54221,-16.57201],[123.5417,-16.56364],[123.53948,-16.5626],[123.53765,-16.55874],[123.5386,-16.55672],[123.53386,-16.55046],[123.53025,-16.54737],[123.52076,-16.54816],[123.52652,-16.54587],[123.52606,-16.5444],[123.53005,-16.54398],[123.53646,-16.54799],[123.55484,-16.54974],[123.57863,-16.54983],[123.57832,-16.54531],[123.58139,-16.54262],[123.58192,-16.53966],[123.58859,-16.53829],[123.60305,-16.54461],[123.61515,-16.55432],[123.61697,-16.56078],[123.6147,-16.56551],[123.61944,-16.57377],[123.61302,-16.57013],[123.60669,-16.5703],[123.59827,-16.56752],[123.58925,-16.56744],[123.59204,-16.56984],[123.59096,-16.57288],[123.59189,-16.57391],[123.60379,-16.57932],[123.60201,-16.58213],[123.59653,-16.58184],[123.59489,-16.58323],[123.59498,-16.58185],[123.59205,-16.58171],[123.5884,-16.58281],[123.58838,-16.58507],[123.5852,-16.58696],[123.58315,-16.59316],[123.58115,-16.5945],[123.57125,-16.58696],[123.56634,-16.58635],[123.56339,-16.58824],[123.56286,-16.59468],[123.56545,-16.5938],[123.56473,-16.59549],[123.56636,-16.5963],[123.56353,-16.59763],[123.56304,-16.60079],[123.56677,-16.6024],[123.5678,-16.60501],[123.57246,-16.60799],[123.56847,-16.60886],[123.56626,-16.60726],[123.5647,-16.6112],[123.56426,-16.60803],[123.56076,-16.60631],[123.55874,-16.60946],[123.55627,-16.61011],[123.55566,-16.61259],[123.55809,-16.61578],[123.5602,-16.61557],[123.55901,-16.61794],[123.56378,-16.62171],[123.57362,-16.62202],[123.57388,-16.62522],[123.56397,-16.626],[123.56335,-16.62973],[123.55535,-16.6326],[123.54996,-16.63233],[123.54912,-16.63514],[123.54553,-16.636],[123.54417,-16.63473],[123.53178,-16.63386],[123.52296,-16.63616],[123.51646,-16.64175],[123.5066,-16.64313],[123.50658,-16.64494],[123.50891,-16.64677],[123.51689,-16.6456],[123.51861,-16.64934],[123.52056,-16.65005],[123.51364,-16.65495],[123.50777,-16.65546],[123.50728,-16.65772],[123.50281,-16.65881],[123.50924,-16.6609],[123.51249,-16.66432],[123.51684,-16.66334],[123.51939,-16.66642],[123.52128,-16.66474],[123.52301,-16.66781],[123.52645,-16.664],[123.52666,-16.66581],[123.53148,-16.6654],[123.53196,-16.66416],[123.53546,-16.66521],[123.53772,-16.66206],[123.54101,-16.66141],[123.54186,-16.65806],[123.54184,-16.66051],[123.54467,-16.65907],[123.54383,-16.66032],[123.54536,-16.66088],[123.54251,-16.66368],[123.54683,-16.6661],[123.55119,-16.66399],[123.55217,-16.6597],[123.55378,-16.66243],[123.55306,-16.66412],[123.55575,-16.66572],[123.55728,-16.66506],[123.5637,-16.66828],[123.56982,-16.66596],[123.56745,-16.6682],[123.57139,-16.67275],[123.57457,-16.67222],[123.57877,-16.67417],[123.58762,-16.66758],[123.58831,-16.66939],[123.59568,-16.67149],[123.59753,-16.67422],[123.59506,-16.67556],[123.59995,-16.67899],[123.60148,-16.67844],[123.60966,-16.68145],[123.61248,-16.68136],[123.61425,-16.67922],[123.61777,-16.67948],[123.62429,-16.68507],[123.62284,-16.68902],[123.62446,-16.69129],[123.63498,-16.69567],[123.63777,-16.69841],[123.64442,-16.71553],[123.64836,-16.72065],[123.66353,-16.72993],[123.67097,-16.73768],[123.6757,-16.7462],[123.68152,-16.75167],[123.68759,-16.75556],[123.69891,-16.7491],[123.7023,-16.74935],[123.70369,-16.75162],[123.70944,-16.75144],[123.71154,-16.7527],[123.71219,-16.75949],[123.7137,-16.76176],[123.71163,-16.77022],[123.7176,-16.78485],[123.72296,-16.78998],[123.72617,-16.79927],[123.73429,-16.80951],[123.74726,-16.83064],[123.75227,-16.83508],[123.75835,-16.83773],[123.7596,-16.84271],[123.7577,-16.8453],[123.75823,-16.86644],[123.76097,-16.87584],[123.76873,-16.88867],[123.77049,-16.88846],[123.77152,-16.89141],[123.77434,-16.8912],[123.77748,-16.89434],[123.7756,-16.89539],[123.77827,-16.89903],[123.78234,-16.90108],[123.78678,-16.90667],[123.79613,-16.91182],[123.81246,-16.91025],[123.82024,-16.90669],[123.83195,-16.8957],[123.83711,-16.89619],[123.84688,-16.89287],[123.84957,-16.89379],[123.85592,-16.89248],[123.86346,-16.88926],[123.87646,-16.87962],[123.88397,-16.87788],[123.88775,-16.87531],[123.8905,-16.8682],[123.89286,-16.86585],[123.88778,-16.86076],[123.89428,-16.86439],[123.89334,-16.85721],[123.89573,-16.85897],[123.89804,-16.86396],[123.90364,-16.86376],[123.90956,-16.86257],[123.91467,-16.85867],[123.9211,-16.85678],[123.92098,-16.85206],[123.92252,-16.85577],[123.92591,-16.85681],[123.93406,-16.85179],[123.94214,-16.85206],[123.94487,-16.84891],[123.94573,-16.84372],[123.94447,-16.83964],[123.9405,-16.83668],[123.94224,-16.82279],[123.95143,-16.8181],[123.95439,-16.81867],[123.95446,-16.82106],[123.94924,-16.82928],[123.95132,-16.83234],[123.94944,-16.83391],[123.9493,-16.8364],[123.95882,-16.84443],[123.95768,-16.84651],[123.95928,-16.8524],[123.95152,-16.8675],[123.94883,-16.86819],[123.94579,-16.86655],[123.93827,-16.86774],[123.93332,-16.87076],[123.93408,-16.8738],[123.93145,-16.87052],[123.92839,-16.87129],[123.92155,-16.87554],[123.92046,-16.88039],[123.92174,-16.88144],[123.91998,-16.88163],[123.9202,-16.88309],[123.91585,-16.88649],[123.90433,-16.88639],[123.9026,-16.88748],[123.8985,-16.89652],[123.89306,-16.90236],[123.89233,-16.90561],[123.8944,-16.90741],[123.89138,-16.9072],[123.87132,-16.92063],[123.83419,-16.9537],[123.82688,-16.95726],[123.81261,-16.97988],[123.80257,-16.98636],[123.80595,-16.98955],[123.82162,-16.99282],[123.8204,-16.99788],[123.79646,-17.00399],[123.79917,-17.01867],[123.8179,-17.05447],[123.82759,-17.10661],[123.83425,-17.11804],[123.83283,-17.12256],[123.82823,-17.12707],[123.82961,-17.13464],[123.83735,-17.1419],[123.84238,-17.14903],[123.84899,-17.15257],[123.85715,-17.16106],[123.86056,-17.16231],[123.86736,-17.16832],[123.86992,-17.17703],[123.87767,-17.18067],[123.88553,-17.18657],[123.88515,-17.19537],[123.88771,-17.2025],[123.89358,-17.20591],[123.8965,-17.20462],[123.90123,-17.20514],[123.90253,-17.20378],[123.90347,-17.20424],[123.9024,-17.20593],[123.90558,-17.20651],[123.90805,-17.20414],[123.90852,-17.20651],[123.91487,-17.20563],[123.9125,-17.21184],[123.88871,-17.22171],[123.87801,-17.22168],[123.8625,-17.21656],[123.85453,-17.20648],[123.85325,-17.20241],[123.85409,-17.19857],[123.85198,-17.1954],[123.84106,-17.19175],[123.83624,-17.19162],[123.83378,-17.18935],[123.82993,-17.17838],[123.81936,-17.17428],[123.81772,-17.17527],[123.80727,-17.16915],[123.79346,-17.15069],[123.79158,-17.15012],[123.78922,-17.15228],[123.79064,-17.14932],[123.7861,-17.1388],[123.77883,-17.13425],[123.77579,-17.12938],[123.77382,-17.13045],[123.77308,-17.12903],[123.77486,-17.12701],[123.77219,-17.11536],[123.76113,-17.08774],[123.75516,-17.08162],[123.75204,-17.08245],[123.74755,-17.07458],[123.74087,-17.06834],[123.73684,-17.06773],[123.72575,-17.06004],[123.70829,-17.04709],[123.70443,-17.04267],[123.70078,-17.04525],[123.69568,-17.05495],[123.6892,-17.06002],[123.68026,-17.05922],[123.67915,-17.04506],[123.67516,-17.04448],[123.67189,-17.0404],[123.6672,-17.03846],[123.66004,-17.03964],[123.65933,-17.01017],[123.65337,-17.00269],[123.64798,-16.99972],[123.64294,-16.99778],[123.634,-16.99956],[123.62376,-17.00313],[123.61528,-17.00875],[123.60599,-17.00882],[123.6007,-17.01061],[123.59644,-17.0159],[123.59796,-17.01749],[123.58957,-17.02921],[123.58626,-17.03179],[123.58507,-17.03489],[123.58532,-17.03224],[123.58355,-17.03325],[123.58496,-17.05993],[123.58837,-17.08255],[123.58762,-17.09283],[123.59064,-17.10098],[123.60809,-17.13937],[123.63058,-17.16014],[123.64624,-17.18394],[123.64172,-17.19364],[123.63302,-17.19474],[123.6282,-17.19381],[123.62513,-17.19572],[123.62382,-17.19865],[123.62175,-17.21537],[123.61889,-17.22271],[123.61707,-17.26124],[123.61275,-17.27908],[123.61666,-17.28036],[123.61144,-17.28292],[123.60453,-17.30086],[123.60284,-17.3117],[123.60407,-17.32606],[123.60294,-17.33939],[123.59814,-17.35151],[123.59474,-17.35744],[123.59262,-17.35856],[123.59379,-17.36152],[123.5919,-17.36115],[123.58851,-17.35572],[123.58642,-17.34926],[123.58395,-17.34801],[123.581,-17.35014],[123.57386,-17.36718],[123.57275,-17.37644],[123.57451,-17.37939],[123.57518,-17.38572],[123.56985,-17.39383],[123.56992,-17.40344],[123.56449,-17.40579],[123.56763,-17.41394],[123.58277,-17.42474],[123.58159,-17.42587],[123.58035,-17.43807],[123.58332,-17.4573],[123.58223,-17.46373],[123.58479,-17.47019],[123.58407,-17.47335],[123.5804,-17.4774],[123.57966,-17.48361],[123.58282,-17.48962],[123.59561,-17.49984],[123.59442,-17.50187],[123.59793,-17.50708],[123.60013,-17.51557],[123.59906,-17.51884],[123.59482,-17.51837],[123.59135,-17.52943],[123.59706,-17.54268],[123.58994,-17.5526],[123.59076,-17.55543],[123.59533,-17.5603],[123.59294,-17.56696],[123.59315,-17.57374],[123.58924,-17.57802],[123.5811,-17.579],[123.58036,-17.58418],[123.57921,-17.58024],[123.58076,-17.57595],[123.57738,-17.57495],[123.57936,-17.57312],[123.57729,-17.56885],[123.578,-17.5626],[123.5724,-17.55583],[123.57368,-17.55434],[123.574,-17.53478],[123.57769,-17.527],[123.57688,-17.52383],[123.57244,-17.51771],[123.57128,-17.51217],[123.56893,-17.51126],[123.568,-17.50831],[123.56272,-17.50388],[123.55825,-17.5033],[123.556,-17.5051],[123.54778,-17.5002],[123.54356,-17.50107],[123.54626,-17.49816],[123.54509,-17.49635],[123.54522,-17.46922],[123.5424,-17.46774],[123.54101,-17.46378],[123.5397,-17.46615],[123.54143,-17.47463],[123.53976,-17.47745],[123.5405,-17.47237],[123.5378,-17.46896],[123.53495,-17.47392],[123.53621,-17.48229],[123.53387,-17.48189],[123.53305,-17.47697],[123.53533,-17.46827],[123.53345,-17.46747],[123.53218,-17.46913],[123.53275,-17.46724],[123.5357,-17.46601],[123.53807,-17.46207],[123.53845,-17.45789],[123.53633,-17.45799],[123.53752,-17.45438],[123.53413,-17.44962],[123.5326,-17.45018],[123.53298,-17.45566],[123.53157,-17.45577],[123.53047,-17.45198],[123.52316,-17.45228],[123.52627,-17.44246],[123.5242,-17.43319],[123.52294,-17.43643],[123.5222,-17.43216],[123.51867,-17.43294],[123.51558,-17.43716],[123.51632,-17.43225],[123.5148,-17.42953],[123.51244,-17.4311],[123.5123,-17.43551],[123.51129,-17.42589],[123.51413,-17.4224],[123.51427,-17.41845],[123.50957,-17.41515],[123.50783,-17.41119],[123.50472,-17.41196],[123.50253,-17.41082],[123.50232,-17.40686],[123.49962,-17.40459],[123.48329,-17.39705],[123.48393,-17.38836],[123.47828,-17.38675],[123.47382,-17.38275],[123.46229,-17.36113],[123.45929,-17.3506],[123.44272,-17.34543],[123.42518,-17.32545],[123.41845,-17.32836],[123.41034,-17.32662],[123.40521,-17.3275],[123.40752,-17.32547],[123.39274,-17.31624],[123.38878,-17.3076],[123.39392,-17.29534],[123.39436,-17.28065],[123.38736,-17.2493],[123.38342,-17.24002],[123.36697,-17.21721],[123.36185,-17.2069],[123.35459,-17.18143],[123.34459,-17.16272],[123.33362,-17.15],[123.32856,-17.14964],[123.32894,-17.14613],[123.31574,-17.13137],[123.31352,-17.12988],[123.30833,-17.13178],[123.31211,-17.12931],[123.31235,-17.12773],[123.30138,-17.11569],[123.29061,-17.10771],[123.28822,-17.09515],[123.28658,-17.09413],[123.2807,-17.07703],[123.28132,-17.07211],[123.28187,-17.07748],[123.28327,-17.0784],[123.28508,-17.07219],[123.28168,-17.05239],[123.27822,-17.04107],[123.27819,-17.03553],[123.2645,-17.01703],[123.26336,-17.01182],[123.256,-17.00601],[123.24563,-16.99322],[123.24146,-16.98707],[123.23484,-16.96993],[123.19219,-16.93987],[123.18459,-16.93685],[123.18091,-16.9374],[123.18228,-16.93366],[123.16864,-16.92493],[123.15634,-16.92242],[123.14911,-16.9247],[123.14826,-16.92019],[123.15281,-16.91255],[123.14863,-16.90866],[123.15039,-16.88777],[123.15355,-16.87842],[123.1634,-16.85897],[123.1661,-16.85877],[123.17193,-16.86222],[123.17649,-16.86152],[123.17777,-16.85772],[123.17378,-16.85535],[123.17229,-16.84872],[123.17049,-16.84765],[123.16749,-16.85064],[123.16213,-16.84663],[123.16138,-16.84074],[123.16455,-16.84033],[123.16541,-16.83706],[123.16075,-16.83441],[123.15949,-16.83179],[123.16141,-16.81791],[123.15789,-16.80736],[123.15291,-16.80154],[123.14774,-16.80205],[123.13484,-16.79072],[123.12726,-16.78714],[123.11986,-16.78728],[123.11794,-16.79133],[123.11227,-16.79455],[123.10993,-16.79418],[123.10599,-16.78973],[123.11063,-16.7839],[123.10988,-16.77824],[123.105,-16.78384],[123.10254,-16.7837],[123.1049,-16.78226],[123.10783,-16.77257],[123.10355,-16.76721],[123.10278,-16.76302],[123.10198,-16.75137],[123.10412,-16.7489],[123.10346,-16.74528],[123.11875,-16.73154],[123.13021,-16.73483],[123.13264,-16.73802],[123.13575,-16.73229],[123.13849,-16.71887],[123.14506,-16.70842],[123.14284,-16.69732],[123.13884,-16.68846],[123.13508,-16.68921],[123.13306,-16.69134],[123.13668,-16.69318],[123.13724,-16.69545],[123.13545,-16.69781],[123.13705,-16.70133],[123.12662,-16.71105],[123.11509,-16.71375],[123.10525,-16.71274],[123.09403,-16.70911],[123.09325,-16.7056],[123.08489,-16.69827],[123.08652,-16.68914],[123.08469,-16.67589],[123.08527,-16.66617],[123.08376,-16.6648],[123.08242,-16.66942],[123.08212,-16.6849],[123.07874,-16.69323],[123.07438,-16.69454],[123.07078,-16.69134],[123.06214,-16.69418],[123.05062,-16.69077],[123.04929,-16.68375],[123.04581,-16.68066],[123.04428,-16.68121],[123.03619,-16.67151],[123.03725,-16.67073],[123.03685,-16.66518],[123.0397,-16.66273],[123.04176,-16.65676],[123.03477,-16.65262],[123.03265,-16.64446],[123.03326,-16.64209],[123.03682,-16.63897],[123.03526,-16.63205],[123.03867,-16.62135],[123.03681,-16.61997],[123.03013,-16.62001],[123.02711,-16.61704],[123.02266,-16.60715],[123.02408,-16.6066],[123.02328,-16.60456],[123.02008,-16.6078],[123.01879,-16.60756],[123.01592,-16.61194],[123.01588,-16.61499],[123.0077,-16.63242],[123.00403,-16.63509],[123.00091,-16.63447],[122.99857,-16.63572],[122.99575,-16.64084],[122.99553,-16.63743],[122.98832,-16.6256],[122.99029,-16.62119],[122.9959,-16.61811],[122.99459,-16.61461],[122.99679,-16.6111],[122.99651,-16.60184],[122.99498,-16.60117],[122.98657,-16.60708],[122.98174,-16.60135],[122.98336,-16.59761],[122.98217,-16.59536],[122.98474,-16.59308],[122.98274,-16.59219],[122.97724,-16.59357],[122.97218,-16.59066],[122.96457,-16.59171],[122.9607,-16.5906],[122.95842,-16.58831],[122.95831,-16.5835],[122.95443,-16.58013],[122.95455,-16.57814],[122.95572,-16.58068],[122.959,-16.57954],[122.96003,-16.57558],[122.96365,-16.57262],[122.96874,-16.56187],[122.97202,-16.56129],[122.97989,-16.56351],[122.97988,-16.56204],[122.98502,-16.55874],[122.985,-16.55648],[122.98687,-16.55477],[122.98347,-16.55468],[122.98333,-16.55129],[122.98108,-16.55245],[122.98445,-16.54145],[122.98979,-16.5325],[123.00043,-16.52714],[123.00532,-16.52986],[123.00803,-16.52842],[123.0067,-16.52219],[122.99771,-16.52399],[122.99395,-16.52084],[122.98774,-16.52212],[122.98162,-16.5174],[122.97483,-16.518],[122.97107,-16.5161],[122.97634,-16.51494],[122.97573,-16.51133],[122.97701,-16.50986],[122.97583,-16.50738],[122.98016,-16.50713],[122.98458,-16.50112],[122.9881,-16.50155],[122.98738,-16.49918],[122.9975,-16.4858],[122.99632,-16.484],[122.99749,-16.48332],[122.99723,-16.47925],[122.9957,-16.47756],[122.9791,-16.47708],[122.9828,-16.47559],[122.98558,-16.47016],[122.98592,-16.46823],[122.98299,-16.46512],[122.99193,-16.45676],[122.99583,-16.4596],[122.99851,-16.45642],[123.00129,-16.45596],[123.00455,-16.45886],[123.00867,-16.45653],[123.01095,-16.45237],[123.01541,-16.45174],[123.01667,-16.45436],[123.01844,-16.45302],[123.02207,-16.45318],[123.02298,-16.45556],[123.02116,-16.4604],[123.02383,-16.46269],[123.02538,-16.46],[123.03441,-16.45931],[123.03667,-16.45673],[123.04285,-16.45895],[123.04423,-16.46111],[123.04182,-16.46685],[123.04176,-16.47182],[123.04502,-16.47378],[123.04509,-16.46745],[123.04725,-16.46296],[123.06686,-16.44972],[123.07669,-16.44033],[123.07557,-16.43636],[123.07003,-16.43947],[123.06759,-16.43741],[123.06326,-16.43679],[123.05615,-16.44361],[123.05147,-16.44367],[123.04694,-16.44],[123.04308,-16.43985],[123.04135,-16.43768],[123.03529,-16.43512],[123.03101,-16.43055],[123.0307,-16.42682],[123.03406,-16.42075],[123.02399,-16.41996],[123.01827,-16.40882],[123.01476,-16.40576],[123.01939,-16.40363],[123.0245,-16.39792],[123.03095,-16.39675],[123.03489,-16.40019],[123.03577,-16.39488],[123.03246,-16.3884],[123.03413,-16.3856],[123.03052,-16.38409],[123.02927,-16.38057],[123.02702,-16.3828],[123.02387,-16.3822],[123.02028,-16.3782],[123.02383,-16.37553],[123.02317,-16.37179],[123.02679,-16.37251],[123.02718,-16.36958],[123.03125,-16.37166],[123.03573,-16.36922],[123.03605,-16.36244],[123.0389,-16.3592],[123.03177,-16.35832],[123.02209,-16.36488],[122.99164,-16.38008],[122.99142,-16.38212],[122.99459,-16.38504],[122.9937,-16.3934],[122.99008,-16.39365],[122.98669,-16.39592],[122.98718,-16.4001],[122.98242,-16.40589],[122.98012,-16.40507],[122.98427,-16.40215],[122.98495,-16.39842],[122.98341,-16.39447],[122.99203,-16.38754],[122.99154,-16.38347],[122.98744,-16.38247],[122.98766,-16.38089],[122.98533,-16.38237],[122.98279,-16.38837],[122.97404,-16.39531],[122.95523,-16.40173],[122.94352,-16.40144],[122.93539,-16.39323],[122.93083,-16.3928],[122.9253,-16.38944],[122.92488,-16.39712],[122.91898,-16.41105],[122.90153,-16.43497],[122.90552,-16.43495],[122.90928,-16.43798],[122.91109,-16.43768],[122.90871,-16.44115],[122.90508,-16.44128],[122.90296,-16.43971],[122.90306,-16.43654],[122.90178,-16.43666],[122.89808,-16.44719],[122.89952,-16.45283],[122.89585,-16.46821],[122.90043,-16.47022],[122.90253,-16.46908],[122.90571,-16.47359],[122.90692,-16.48093],[122.90438,-16.48851],[122.89683,-16.50007],[122.8841,-16.50803],[122.87251,-16.50989],[122.86723,-16.50935],[122.86347,-16.5062],[122.86475,-16.5036],[122.86308,-16.49909],[122.85389,-16.51268],[122.85543,-16.51482],[122.85786,-16.50894],[122.86126,-16.50994],[122.86198,-16.51287],[122.86574,-16.51512],[122.86564,-16.51896],[122.87375,-16.52378],[122.87458,-16.52638],[122.88352,-16.52582],[122.88423,-16.53024],[122.88162,-16.5286],[122.87991,-16.53013],[122.8753,-16.53021],[122.86506,-16.52032],[122.86142,-16.51909],[122.86215,-16.5227],[122.8595,-16.53006],[122.84774,-16.54649],[122.83044,-16.55492],[122.8165,-16.55611],[122.82295,-16.55767],[122.83092,-16.55718],[122.83342,-16.56069],[122.83199,-16.56113],[122.83045,-16.55809],[122.81159,-16.55828],[122.80004,-16.57087],[122.79477,-16.57168],[122.79863,-16.56952],[122.79839,-16.56715],[122.80292,-16.55877],[122.80968,-16.5506],[122.81164,-16.54529],[122.81794,-16.53916],[122.81012,-16.54529],[122.80349,-16.55617],[122.78004,-16.57874],[122.7713,-16.5903],[122.77901,-16.58493],[122.77905,-16.59282],[122.7768,-16.58926],[122.77587,-16.59017],[122.77744,-16.60011],[122.77112,-16.6286],[122.74738,-16.67049],[122.74181,-16.68339],[122.7451,-16.68598],[122.74665,-16.69027],[122.74388,-16.70011],[122.74917,-16.70449],[122.7628,-16.71032],[122.76514,-16.70918],[122.76487,-16.70082],[122.77294,-16.69695],[122.77377,-16.694],[122.77483,-16.69784],[122.77787,-16.6967],[122.7794,-16.69828],[122.78185,-16.69589],[122.78415,-16.69596],[122.78116,-16.69872],[122.78564,-16.70288],[122.78531,-16.70414],[122.77942,-16.70167],[122.77661,-16.70439],[122.77414,-16.70282],[122.7731,-16.70451],[122.77571,-16.71219],[122.77411,-16.72236],[122.77521,-16.73207],[122.77381,-16.73298],[122.7757,-16.73546],[122.78473,-16.73554],[122.79082,-16.73371],[122.79682,-16.73764],[122.80096,-16.74474],[122.80494,-16.74404],[122.80353,-16.74247],[122.80095,-16.74259],[122.8027,-16.74044],[122.80658,-16.74279],[122.80413,-16.74551],[122.80637,-16.74844],[122.80683,-16.74663],[122.8086,-16.74787],[122.80708,-16.74968],[122.81003,-16.75283],[122.8112,-16.75294],[122.81049,-16.75148],[122.81178,-16.75091],[122.81566,-16.75315],[122.82128,-16.75075],[122.82747,-16.74451],[122.82981,-16.74428],[122.82712,-16.74576],[122.82971,-16.7471],[122.83843,-16.74447],[122.83464,-16.7481],[122.82677,-16.74734],[122.82643,-16.74994],[122.83019,-16.75015],[122.82152,-16.75313],[122.82142,-16.75697],[122.8232,-16.76012],[122.82719,-16.76067],[122.83034,-16.75806],[122.8301,-16.7567],[122.83105,-16.75817],[122.82954,-16.76066],[122.8334,-16.75827],[122.83317,-16.75997],[122.83048,-16.76134],[122.83206,-16.76291],[122.82838,-16.76372],[122.82827,-16.76688],[122.82394,-16.76769],[122.82489,-16.76972],[122.82348,-16.76984],[122.82478,-16.77164],[122.83343,-16.7724],[122.83089,-16.77433],[122.8276,-16.77355],[122.82878,-16.77546],[122.83125,-16.77557],[122.83055,-16.77681],[122.83419,-16.7768],[122.83056,-16.77839],[122.83397,-16.78075],[122.83925,-16.7796],[122.83422,-16.78448],[122.84162,-16.78524],[122.84222,-16.78896],[122.84558,-16.79202],[122.83681,-16.78662],[122.83576,-16.78752],[122.83153,-16.78573],[122.83201,-16.78867],[122.82859,-16.78428],[122.82435,-16.78091],[122.82293,-16.78125],[122.82352,-16.7782],[122.81771,-16.77556],[122.8181,-16.7737],[122.81363,-16.7701],[122.81223,-16.77305],[122.80986,-16.77429],[122.81175,-16.77022],[122.8102,-16.76616],[122.80491,-16.76325],[122.80062,-16.76701],[122.80303,-16.76213],[122.79903,-16.76045],[122.79926,-16.75932],[122.79149,-16.75234],[122.78161,-16.74741],[122.78186,-16.74978],[122.79211,-16.76059],[122.79119,-16.76308],[122.7928,-16.76848],[122.79121,-16.76771],[122.7899,-16.77011],[122.78852,-16.76964],[122.78665,-16.77168],[122.78425,-16.77023],[122.78921,-16.76794],[122.78896,-16.76354],[122.78591,-16.76378],[122.78142,-16.75566],[122.77624,-16.75139],[122.77354,-16.7514],[122.77249,-16.75231],[122.77756,-16.75895],[122.77722,-16.76087],[122.77285,-16.75468],[122.76967,-16.75266],[122.76933,-16.75446],[122.77298,-16.75694],[122.77165,-16.76155],[122.77099,-16.75966],[122.76794,-16.75888],[122.77134,-16.75796],[122.76675,-16.75436],[122.75962,-16.76151],[122.76196,-16.7655],[122.75951,-16.76343],[122.75624,-16.76559],[122.7519,-16.7656],[122.74981,-16.77024],[122.74616,-16.76901],[122.74271,-16.77219],[122.74382,-16.76936],[122.74839,-16.76799],[122.75119,-16.76448],[122.75622,-16.76186],[122.75726,-16.7588],[122.76498,-16.752],[122.76543,-16.74793],[122.75744,-16.74604],[122.74414,-16.76089],[122.73739,-16.77447],[122.73447,-16.77764],[122.71409,-16.78597],[122.70659,-16.78746],[122.70106,-16.78522],[122.69893,-16.7806],[122.69352,-16.77723],[122.68042,-16.78744],[122.6755,-16.78791],[122.66508,-16.79416],[122.63742,-16.80069],[122.62861,-16.79959],[122.62015,-16.79465],[122.6192,-16.79205],[122.62106,-16.78775],[122.61705,-16.78132],[122.61774,-16.77906],[122.61304,-16.77569],[122.6135,-16.77331],[122.60995,-16.76564],[122.60116,-16.76737],[122.59505,-16.76433],[122.5825,-16.76415],[122.57944,-16.76212],[122.57699,-16.76653],[122.5695,-16.77141],[122.57314,-16.77355],[122.57362,-16.77626],[122.57632,-16.7758],[122.5775,-16.77727],[122.57751,-16.78009],[122.57412,-16.78575],[122.57002,-16.78621],[122.5636,-16.79504],[122.5533,-16.80535],[122.55532,-16.81213],[122.55943,-16.81302],[122.56215,-16.81798],[122.56437,-16.81752],[122.57131,-16.82259],[122.57321,-16.8271],[122.57051,-16.82858],[122.57134,-16.83095],[122.5696,-16.83513],[122.57124,-16.83614],[122.5696,-16.83671],[122.56748,-16.83457],[122.56782,-16.82904],[122.56524,-16.83029],[122.567,-16.83141],[122.56538,-16.83797],[122.56408,-16.8356],[122.56501,-16.83356],[122.5629,-16.83244],[122.56548,-16.83209],[122.5643,-16.82927],[122.56266,-16.83029],[122.55115,-16.82886],[122.5514,-16.83168],[122.55422,-16.83484],[122.55833,-16.83392],[122.56056,-16.8355],[122.55317,-16.83597],[122.55105,-16.83451],[122.54576,-16.82944],[122.54995,-16.82163],[122.54936,-16.81982],[122.53381,-16.83693],[122.53711,-16.84178],[122.53714,-16.85138],[122.54256,-16.85611],[122.54351,-16.86141],[122.54644,-16.86028],[122.55009,-16.86196],[122.5515,-16.86444],[122.55003,-16.88026],[122.55616,-16.88996],[122.55654,-16.8964],[122.55854,-16.89933],[122.5644,-16.89604],[122.56947,-16.90325],[122.56985,-16.91082],[122.56742,-16.91998],[122.57038,-16.92935],[122.57792,-16.93656],[122.58221,-16.9332],[122.57969,-16.93881],[122.58405,-16.94365],[122.58559,-16.94806],[122.58959,-16.95109],[122.58913,-16.95223],[122.59289,-16.95233],[122.59748,-16.95491],[122.59572,-16.95605],[122.59266,-16.95402],[122.59137,-16.95493],[122.59563,-16.96429],[122.59833,-16.96485],[122.60795,-16.96267],[122.61217,-16.96524],[122.60596,-16.96449],[122.60151,-16.96631],[122.60069,-16.96835],[122.60336,-16.97015],[122.60211,-16.97128],[122.59893,-16.96801],[122.59399,-16.96678],[122.58762,-16.9572],[122.58468,-16.95755],[122.58223,-16.96004],[122.57787,-16.95633],[122.57317,-16.95668],[122.57235,-16.95566],[122.55745,-16.95989],[122.55722,-16.96136],[122.55401,-16.96238],[122.55556,-16.95808],[122.55416,-16.96012],[122.5517,-16.96013],[122.54546,-16.95551],[122.53654,-16.95701],[122.52758,-16.94766],[122.50916,-16.95155],[122.50796,-16.95435],[122.50763,-16.95166],[122.51009,-16.94759],[122.5082,-16.94488],[122.51032,-16.94544],[122.51079,-16.94827],[122.51303,-16.94928],[122.51979,-16.93367],[122.51638,-16.9321],[122.51614,-16.92871],[122.51378,-16.92645],[122.50862,-16.92737],[122.50309,-16.92366],[122.5033,-16.91597],[122.48921,-16.91533],[122.48969,-16.91849],[122.48745,-16.91522],[122.49026,-16.91364],[122.48579,-16.90981],[122.48225,-16.90383],[122.48351,-16.89433],[122.48023,-16.89457],[122.47789,-16.89695],[122.47907,-16.89977],[122.4769,-16.92169],[122.48149,-16.92484],[122.48552,-16.93726],[122.48494,-16.94189],[122.47758,-16.95309],[122.47689,-16.95716],[122.47994,-16.95636],[122.48333,-16.95195],[122.48391,-16.94879],[122.4852,-16.94912],[122.48556,-16.95161],[122.48112,-16.95919],[122.4783,-16.95987],[122.47596,-16.96315],[122.47504,-16.96813],[122.47611,-16.97422],[122.47975,-16.97365],[122.478,-16.97569],[122.47824,-16.97783],[122.47965,-16.9793],[122.48141,-16.97895],[122.48106,-16.98133],[122.47506,-16.97694],[122.47366,-16.97976],[122.4766,-16.98089],[122.4732,-16.98146],[122.47213,-16.97694],[122.46967,-16.97887],[122.46862,-16.98271],[122.47338,-16.98784],[122.46875,-16.98633],[122.4672,-16.98012],[122.46463,-16.98205],[122.46415,-16.979],[122.46144,-16.97776],[122.46719,-16.97707],[122.46859,-16.97096],[122.46764,-16.96882],[122.46014,-16.97392],[122.45744,-16.97427],[122.46131,-16.972],[122.46084,-16.97064],[122.4545,-16.97326],[122.45064,-16.97801],[122.45276,-16.98196],[122.44935,-16.98016],[122.4435,-16.98639],[122.44444,-16.98774],[122.43715,-16.98618],[122.43468,-16.98324],[122.43104,-16.98337],[122.43559,-16.98047],[122.43597,-16.98234],[122.43785,-16.98199],[122.43891,-16.98357],[122.43855,-16.97973],[122.44078,-16.98131],[122.44079,-16.98334],[122.44348,-16.98051],[122.44429,-16.97441],[122.4417,-16.97171],[122.44639,-16.97124],[122.44721,-16.96977],[122.44521,-16.96786],[122.44074,-16.96708],[122.45014,-16.96592],[122.46056,-16.95686],[122.46243,-16.95268],[122.46194,-16.94511],[122.47002,-16.9373],[122.46966,-16.93628],[122.45806,-16.94309],[122.44846,-16.95361],[122.43439,-16.9602],[122.42816,-16.9592],[122.42429,-16.96033],[122.39791,-16.97937],[122.36636,-16.99763],[122.36354,-17.00086],[122.36978,-17.00808],[122.36661,-17.01171],[122.35995,-17.02596],[122.35105,-17.03694],[122.33815,-17.04782],[122.33193,-17.05111],[122.32194,-17.0518],[122.31783,-17.05362],[122.30398,-17.06054],[122.29553,-17.06722],[122.28791,-17.07379],[122.27747,-17.08737],[122.26867,-17.09473],[122.2634,-17.10446],[122.258,-17.10966],[122.2532,-17.11984],[122.2518,-17.12809],[122.25381,-17.13171],[122.26722,-17.137],[122.26663,-17.13519],[122.27344,-17.13167],[122.28437,-17.12928],[122.28448,-17.12747],[122.28777,-17.12566],[122.29151,-17.11774],[122.3008,-17.11739],[122.30349,-17.11241],[122.30163,-17.12089],[122.29834,-17.12146],[122.29598,-17.11886],[122.29328,-17.11921],[122.2926,-17.13028],[122.29695,-17.13265],[122.30106,-17.13196],[122.30317,-17.13004],[122.306,-17.13275],[122.30811,-17.13071],[122.30787,-17.1289],[122.31199,-17.12708],[122.30964,-17.13082],[122.31188,-17.13161],[122.31634,-17.12911],[122.31787,-17.12967],[122.31764,-17.13114],[122.31352,-17.13262],[122.31447,-17.13499],[122.3133,-17.13646],[122.31941,-17.13532],[122.31389,-17.13883],[122.30965,-17.13737],[122.30988,-17.13443],[122.3073,-17.13772],[122.30436,-17.13603],[122.2979,-17.13773],[122.29284,-17.1374],[122.28815,-17.13956],[122.29038,-17.14227],[122.29721,-17.14338],[122.29862,-17.1453],[122.30591,-17.14552],[122.30462,-17.14744],[122.3118,-17.1498],[122.30792,-17.15071],[122.31086,-17.15251],[122.31721,-17.15126],[122.31839,-17.15363],[122.31357,-17.15533],[122.31899,-17.15894],[122.31275,-17.15793],[122.31157,-17.155],[122.30804,-17.15286],[122.30675,-17.15512],[122.30533,-17.15083],[122.30063,-17.15389],[122.30004,-17.1496],[122.29475,-17.15006],[122.28204,-17.14511],[122.27852,-17.14647],[122.27899,-17.14929],[122.28135,-17.15053],[122.27983,-17.15743],[122.27701,-17.15675],[122.27618,-17.15325],[122.27806,-17.15223],[122.27465,-17.15043],[122.2708,-17.15468],[122.26525,-17.15519],[122.26526,-17.16039],[122.26103,-17.15961],[122.25774,-17.16153],[122.25491,-17.16063],[122.25751,-17.16379],[122.25857,-17.16786],[122.2574,-17.16899],[122.25374,-17.16289],[122.24657,-17.16392],[122.25878,-17.15565],[122.25444,-17.15589],[122.25162,-17.15759],[122.24105,-17.16924],[122.244,-17.17489],[122.24565,-17.17296],[122.24706,-17.1733],[122.246,-17.17681],[122.24295,-17.17726],[122.23943,-17.18416],[122.24368,-17.19195],[122.2431,-17.19602],[122.24121,-17.19184],[122.23733,-17.19015],[122.23555,-17.18598],[122.23403,-17.18575],[122.22933,-17.19107],[122.23134,-17.19615],[122.22934,-17.19819],[122.22569,-17.19232],[122.22851,-17.19039],[122.22756,-17.18825],[122.22874,-17.18632],[122.23437,-17.18101],[122.2292,-17.18316],[122.22638,-17.18644],[122.21796,-17.20951],[122.20658,-17.22918],[122.20472,-17.24037],[122.2086,-17.23913],[122.20976,-17.232],[122.21352,-17.22737],[122.21493,-17.22816],[122.21423,-17.23256],[122.21141,-17.23528],[122.21107,-17.24036],[122.20167,-17.24591],[122.19849,-17.24434],[122.19907,-17.24106],[122.19498,-17.24439],[122.19366,-17.24265],[122.19578,-17.24106],[122.19507,-17.23993],[122.18731,-17.2404],[122.18167,-17.24718],[122.17898,-17.25623],[122.17322,-17.26358],[122.17417,-17.26538],[122.17682,-17.26364],[122.17511,-17.27024],[122.17405,-17.26708],[122.17299,-17.26742],[122.17066,-17.2872],[122.16668,-17.29918],[122.1646,-17.32947],[122.16202,-17.34156],[122.15885,-17.34778],[122.15003,-17.35536],[122.15289,-17.38575],[122.15196,-17.39457],[122.14843,-17.3983],[122.14997,-17.40881],[122.15001,-17.44712],[122.15227,-17.46564],[122.1497,-17.48113],[122.14593,-17.48497],[122.14369,-17.48531],[122.1424,-17.48882],[122.14359,-17.50091],[122.14242,-17.50362],[122.14728,-17.53718],[122.1473,-17.55413],[122.14518,-17.56034],[122.15049,-17.56915],[122.1492,-17.57401],[122.15062,-17.57424],[122.15369,-17.57988],[122.16147,-17.58406],[122.16359,-17.58733],[122.16666,-17.58869],[122.16749,-17.59343],[122.17256,-17.60122],[122.1792,-17.62766],[122.18408,-17.66765],[122.18502,-17.66799],[122.18572,-17.66132],[122.1889,-17.66053],[122.19385,-17.66185],[122.19244,-17.66391],[122.18831,-17.6629],[122.18678,-17.66426],[122.19103,-17.66629],[122.1941,-17.67024],[122.19966,-17.68481],[122.20122,-17.70345],[122.20089,-17.72956],[122.19798,-17.75329],[122.2033,-17.76413],[122.19871,-17.7743],[122.20072,-17.77927],[122.20014,-17.78413],[122.2031,-17.79633],[122.20442,-17.81068],[122.20881,-17.8291],[122.21214,-17.85293],[122.21288,-17.87372],[122.20937,-17.9013],[122.20776,-17.93441],[122.20494,-17.94526],[122.19564,-17.96391],[122.18974,-17.9707],[122.181,-17.97399],[122.17711,-17.97275],[122.17534,-17.97399],[122.18125,-17.98009],[122.18585,-17.98133],[122.19106,-17.98607],[122.19388,-17.99739],[122.19994,-18.00095],[122.20715,-18.00886],[122.21128,-18.00491],[122.21104,-18.00253],[122.20703,-17.99752],[122.21078,-17.98921],[122.21574,-17.9831],[122.2234,-17.97699],[122.23761,-17.97102],[122.23874,-17.96635],[122.2411,-17.96329],[122.24205,-17.96499],[122.24287,-17.9642],[122.24487,-17.95832],[122.24723,-17.95673],[122.24726,-17.95293],[122.25065,-17.95232],[122.25538,-17.95819],[122.27405,-17.96336],[122.27936,-17.96347],[122.28196,-17.96629],[122.3017,-17.9736],[122.30323,-17.97269],[122.31091,-17.97494],[122.33087,-17.97638],[122.33596,-17.97987],[122.34339,-17.97861],[122.34848,-17.97521],[122.3519,-17.97521],[122.36206,-17.98276],[122.36633,-17.9884],[122.37069,-17.98882],[122.37071,-17.99099],[122.37808,-17.9898],[122.37261,-17.9937],[122.37619,-18.01543],[122.37936,-18.02514],[122.37977,-18.0456],[122.3819,-18.05328],[122.37896,-18.06515],[122.38097,-18.07065],[122.37697,-18.07747],[122.3785,-18.08325],[122.37616,-18.08878],[122.37724,-18.09421],[122.37494,-18.10362],[122.37109,-18.10743],[122.37028,-18.11643],[122.36766,-18.11873],[122.36255,-18.12832],[122.35539,-18.1331],[122.34453,-18.14644],[122.32279,-18.16171],[122.31506,-18.17231],[122.30541,-18.17076],[122.28578,-18.17948],[122.26154,-18.18446],[122.25725,-18.18649],[122.25257,-18.19181],[122.24217,-18.19938],[122.23424,-18.19724],[122.22881,-18.20334],[122.22833,-18.20165],[122.21462,-18.20402],[122.21048,-18.20764],[122.20492,-18.21736],[122.20728,-18.22064],[122.21166,-18.22267],[122.21202,-18.22855],[122.19983,-18.24968],[122.19487,-18.24629],[122.18777,-18.24685],[122.18635,-18.249],[122.18505,-18.24787],[122.18647,-18.24539],[122.1925,-18.24392],[122.19711,-18.24459],[122.19912,-18.24312],[122.20066,-18.23759],[122.19061,-18.2412],[122.19345,-18.23781],[122.20161,-18.23533],[122.1983,-18.23069],[122.18789,-18.2351],[122.18304,-18.2394],[122.17582,-18.25736],[122.17215,-18.2629],[122.17263,-18.26731],[122.17677,-18.26539],[122.17795,-18.26606],[122.17345,-18.269],[122.1686,-18.26832],[122.16955,-18.27081],[122.16813,-18.27341],[122.16624,-18.26663],[122.15464,-18.28516],[122.13003,-18.30741],[122.12281,-18.31058],[122.09949,-18.3152],[122.08339,-18.32762],[122.07476,-18.32524],[122.06967,-18.32648],[122.06352,-18.3258],[122.05819,-18.33325],[122.04598,-18.35731],[122.04112,-18.36228],[122.03638,-18.36443],[122.03069,-18.37448],[122.02631,-18.37775],[122.01742,-18.39051],[122.00723,-18.39536],[122.00036,-18.40275],[121.99574,-18.40428],[121.9826,-18.40483],[121.97986,-18.41024],[121.94668,-18.43925],[121.94324,-18.44071],[121.93957,-18.43946],[121.92902,-18.44849],[121.92452,-18.44972],[121.90365,-18.46404],[121.88197,-18.47022],[121.87202,-18.47167],[121.86373,-18.4694],[121.85167,-18.46169],[121.84967,-18.45796],[121.84541,-18.45513],[121.84424,-18.44982],[121.83999,-18.44371],[121.83276,-18.4472],[121.8234,-18.44684],[121.81522,-18.45112],[121.81308,-18.45597],[121.80062,-18.46996],[121.7923,-18.48248],[121.78898,-18.48417],[121.79146,-18.48655],[121.79238,-18.49468],[121.79818,-18.49842],[121.80112,-18.50645],[121.80325,-18.50804],[121.8042,-18.5068],[121.80267,-18.50148],[121.80516,-18.50262],[121.81241,-18.49235],[121.81194,-18.4884],[121.80875,-18.48489],[121.81018,-18.48105],[121.81124,-18.48568],[121.81703,-18.4918],[121.80775,-18.50974],[121.80193,-18.51583],[121.79434,-18.51943],[121.79563,-18.52316],[121.79941,-18.5269],[121.79834,-18.52995],[121.78813,-18.53772],[121.79205,-18.53423],[121.79538,-18.5278],[121.79031,-18.521],[121.79071,-18.51793],[121.79436,-18.51152],[121.79708,-18.51142],[121.79839,-18.50984],[121.79284,-18.50372],[121.79094,-18.50383],[121.785,-18.51026],[121.78154,-18.522],[121.76476,-18.55281],[121.75656,-18.56115],[121.74328,-18.56632],[121.74256,-18.57004],[121.73058,-18.57137],[121.72939,-18.57566],[121.72973,-18.57916],[121.73471,-18.57985],[121.74216,-18.58383],[121.75579,-18.58499],[121.76287,-18.59416],[121.77211,-18.5961],[121.78003,-18.60572],[121.78216,-18.60641],[121.78353,-18.60465],[121.78405,-18.60743],[121.78191,-18.61002],[121.78571,-18.60833],[121.79083,-18.60924],[121.78381,-18.61082],[121.78712,-18.61963],[121.78567,-18.62494],[121.7872,-18.62822],[121.78623,-18.63828],[121.78965,-18.64224],[121.79226,-18.64258],[121.7914,-18.65761],[121.79259,-18.65242],[121.79402,-18.65197],[121.79247,-18.65818],[121.78926,-18.66122],[121.7882,-18.66077],[121.78701,-18.65929],[121.78833,-18.6541],[121.78691,-18.65387],[121.78096,-18.66189],[121.76694,-18.67304],[121.75829,-18.6711],[121.75188,-18.67482],[121.74247,-18.68993],[121.74091,-18.69682],[121.74281,-18.69773],[121.74442,-18.69635],[121.74517,-18.69999],[121.74125,-18.70078],[121.74112,-18.70472],[121.73732,-18.70392],[121.73947,-18.70167],[121.73734,-18.69681],[121.7345,-18.69691],[121.72784,-18.70175],[121.71728,-18.70635],[121.71467,-18.70476],[121.70791,-18.70667],[121.70448,-18.70248],[121.69809,-18.69862],[121.6982,-18.70144],[121.69463,-18.70561],[121.68679,-18.7091],[121.68584,-18.71135],[121.68133,-18.71247],[121.67776,-18.71562],[121.68144,-18.71473],[121.67894,-18.71698],[121.6819,-18.71925],[121.68118,-18.7206],[121.67479,-18.71787],[121.66945,-18.71899],[121.66673,-18.7165],[121.66502,-18.72024],[121.66393,-18.71845],[121.66543,-18.7157],[121.66473,-18.71276],[121.65727,-18.70709],[121.64862,-18.70685],[121.63936,-18.70998],[121.6364,-18.70873],[121.63547,-18.70421],[121.63557,-18.70963],[121.6294,-18.70882],[121.63305,-18.71844],[121.63124,-18.71871],[121.63078,-18.72193],[121.62584,-18.70927],[121.62884,-18.70024],[121.61815,-18.7063],[121.61752,-18.71986],[121.61981,-18.74201],[121.62633,-18.74361],[121.63001,-18.74193],[121.63451,-18.7433],[121.6416,-18.75089],[121.64693,-18.75271],[121.64976,-18.75769],[121.65175,-18.76663],[121.65554,-18.7672],[121.6522,-18.77295],[121.64967,-18.78594],[121.64548,-18.79587],[121.64583,-18.79937],[121.65356,-18.80827],[121.65492,-18.81318],[121.65441,-18.82143],[121.65106,-18.83147],[121.6532,-18.83592],[121.65032,-18.83769],[121.64879,-18.83474],[121.65215,-18.82334],[121.65146,-18.81905],[121.64886,-18.81588],[121.64612,-18.81847],[121.64772,-18.82125],[121.64646,-18.82276],[121.64266,-18.82264],[121.64268,-18.818],[121.64089,-18.82173],[121.63518,-18.82555],[121.63133,-18.84],[121.63239,-18.84328],[121.63452,-18.84475],[121.63903,-18.84341],[121.63771,-18.8477],[121.63392,-18.84701],[121.62931,-18.84135],[121.62812,-18.84157],[121.61819,-18.86436],[121.61081,-18.87033],[121.60844,-18.87009],[121.60596,-18.86669],[121.60274,-18.86917],[121.60094,-18.8738],[121.60318,-18.87843],[121.60052,-18.89244],[121.60072,-18.90317],[121.5921,-18.92054],[121.57597,-18.94737],[121.5774,-18.94794],[121.58086,-18.94343],[121.58644,-18.94278],[121.58847,-18.94018],[121.59511,-18.94224],[121.59763,-18.93887],[121.6001,-18.94067],[121.59605,-18.94394],[121.58822,-18.94335],[121.57822,-18.95088],[121.56624,-18.94722],[121.56163,-18.94201],[121.557,-18.94053],[121.55319,-18.94345],[121.55342,-18.94616],[121.5611,-18.955],[121.56461,-18.96925],[121.55396,-18.99861],[121.54076,-19.02128],[121.52612,-19.03967],[121.52219,-19.04282],[121.51803,-19.04281],[121.51909,-19.04609],[121.5242,-19.04825],[121.52537,-19.05311],[121.52058,-19.07117],[121.50709,-19.10108],[121.49812,-19.11233],[121.46565,-19.16357],[121.41893,-19.2278],[121.41301,-19.23797],[121.33323,-19.34164],[121.27213,-19.40392],[121.25774,-19.42109],[121.21014,-19.46629],[121.17026,-19.49746],[121.16181,-19.50221],[121.14835,-19.51384],[121.13299,-19.52355],[121.12835,-19.5284],[121.11393,-19.53856],[121.09237,-19.5503],[121.07128,-19.56621],[121.05508,-19.57479],[121.04089,-19.58539],[121.02874,-19.59092],[121.01123,-19.60152],[120.9819,-19.62102],[120.96151,-19.63197],[120.95603,-19.63275],[120.95483,-19.63422],[120.95356,-19.63347],[120.95081,-19.63863],[120.95066,-19.63579],[120.94935,-19.63545],[120.93635,-19.64187],[120.87195,-19.66774],[120.86264,-19.6745],[120.86047,-19.67501],[120.86527,-19.67078],[120.8647,-19.66936],[120.85287,-19.67335],[120.84225,-19.67954],[120.82114,-19.68683],[120.75862,-19.7146],[120.74132,-19.72088],[120.63101,-19.77003],[120.60499,-19.77831],[120.568,-19.7862],[120.53885,-19.79874],[120.48213,-19.81682],[120.46767,-19.8241],[120.46147,-19.82475],[120.44486,-19.83089],[120.40973,-19.84553],[120.38394,-19.85084],[120.35048,-19.86344],[120.32298,-19.87572],[120.19595,-19.91389],[120.16123,-19.9155],[120.13322,-19.91242],[120.08746,-19.92196],[120.08031,-19.92124],[120.07803,-19.92292],[120.08741,-19.92527],[120.08125,-19.92647],[120.08147,-19.92508],[120.07501,-19.9224],[120.05425,-19.92841],[120.02475,-19.93262],[120.01007,-19.93365],[119.98745,-19.93158],[119.97278,-19.93299],[119.93679,-19.94249],[119.90268,-19.94904],[119.87253,-19.95952],[119.87004,-19.96438],[119.86432,-19.96541],[119.86624,-19.96958],[119.86445,-19.96778],[119.86194,-19.9681],[119.86396,-19.96643],[119.86312,-19.96429],[119.85978,-19.96407],[119.86156,-19.96215],[119.84058,-19.96887],[119.82961,-19.97071],[119.81326,-19.972],[119.79439,-19.97025],[119.79046,-19.97094],[119.78777,-19.97329],[119.79188,-19.96924],[119.79152,-19.96811],[119.78531,-19.96734],[119.78033,-19.96306],[119.77539,-19.96263],[119.7724,-19.96015],[119.77311,-19.95665],[119.77143,-19.95519],[119.76416,-19.95555],[119.76679,-19.95768],[119.77004,-19.9667],[119.77255,-19.96974],[119.77256,-19.97144],[119.77089,-19.97223],[119.76599,-19.97236],[119.76521,-19.97642],[119.76206,-19.97575],[119.76218,-19.97338],[119.76014,-19.97158],[119.75716,-19.97035],[119.75633,-19.97216],[119.75537,-19.97171],[119.75535,-19.96629],[119.75738,-19.96358],[119.74509,-19.96643],[119.7433,-19.96779],[119.74355,-19.96937],[119.73532,-19.97119],[119.73461,-19.97402],[119.73008,-19.97617],[119.73175,-19.97685],[119.73676,-19.97503],[119.74285,-19.9784],[119.74286,-19.98043],[119.7486,-19.98448],[119.7517,-19.98289],[119.75275,-19.9837],[119.75278,-19.98488],[119.74908,-19.98538],[119.74442,-19.98347],[119.74336,-19.98799],[119.74132,-19.98438],[119.74281,-19.99868],[119.74533,-19.99959],[119.74652,-20.0032],[119.74521,-20.00478],[119.74246,-20.00353],[119.74115,-20.0059],[119.74783,-20.00974],[119.74794,-20.01651],[119.75295,-20.01922],[119.75391,-20.02159],[119.75176,-20.02012],[119.75101,-20.02117],[119.74544,-20.01583],[119.74699,-20.0129],[119.74628,-20.01087],[119.74261,-20.01293],[119.73302,-20.01334],[119.72634,-20.01671],[119.73027,-20.02044],[119.73009,-20.02247],[119.72598,-20.01942],[119.72347,-20.02066],[119.72263,-20.0237],[119.72357,-20.02539],[119.72578,-20.02472],[119.7249,-20.02619],[119.72263,-20.02641],[119.7175,-20.02133],[119.71451,-20.02245],[119.71308,-20.02505],[119.70269,-20.02989],[119.70209,-20.03372],[119.70567,-20.03553],[119.70483,-20.03722],[119.7028,-20.03519],[119.69277,-20.03394],[119.69683,-20.03789],[119.69408,-20.03788],[119.69109,-20.04104],[119.69277,-20.03732],[119.69468,-20.03642],[119.69147,-20.03508],[119.69206,-20.03269],[119.70006,-20.03417],[119.69915,-20.03125],[119.70066,-20.02884],[119.70735,-20.02538],[119.70938,-20.02132],[119.70676,-20.01455],[119.70676,-20.01827],[119.7057,-20.01806],[119.70665,-20.00778],[119.70343,-20.00372],[119.70367,-20.00088],[119.70088,-19.99509],[119.68052,-20.0038],[119.68313,-20.00877],[119.67836,-20.01237],[119.68261,-20.01229],[119.67655,-20.02072],[119.6732,-20.03199],[119.66495,-20.04033],[119.65551,-20.04652],[119.61548,-20.06564],[119.59959,-20.07012],[119.58358,-20.07246],[119.57999,-20.07539],[119.57569,-20.07493],[119.57321,-20.07856],[119.56935,-20.08033],[119.56541,-20.08021],[119.56971,-20.07943],[119.57306,-20.07617],[119.57342,-20.0747],[119.56985,-20.07097],[119.56591,-20.0695],[119.56388,-20.07152],[119.56317,-20.06836],[119.5587,-20.06936],[119.54586,-20.06472],[119.54455,-20.06133],[119.54049,-20.06144],[119.53047,-20.05713],[119.51759,-20.04796],[119.51294,-20.04649],[119.49661,-20.03325],[119.49162,-20.02579],[119.48851,-20.025],[119.49032,-20.018],[119.47493,-20.01267],[119.47236,-20.01009],[119.47101,-20.00566],[119.46982,-20.01124],[119.4661,-20.01332],[119.45153,-20.01441],[119.45009,-20.01768],[119.44305,-20.01721],[119.43886,-20.01612],[119.43996,-20.0119],[119.43221,-20.00624],[119.4296,-20.00138],[119.41995,-19.99494],[119.41517,-19.99449],[119.41219,-19.99495],[119.4069,-19.99906],[119.39128,-19.9998],[119.3855,-19.99881],[119.3846,-20.00252],[119.38187,-20.00481],[119.38141,-20.00317],[119.37694,-20.0054],[119.37444,-20.0037],[119.37168,-20.00809],[119.36858,-20.00724],[119.37108,-20.00685],[119.37468,-20.00246],[119.37766,-20.00382],[119.37957,-20.00304],[119.38126,-19.99643],[119.37338,-19.99147],[119.36729,-19.99192],[119.35749,-19.98899],[119.33827,-19.98617],[119.32979,-19.98843],[119.3237,-19.98843],[119.32079,-19.99036],[119.32239,-19.98753],[119.32012,-19.98867],[119.30531,-19.98269],[119.28561,-19.97806],[119.27248,-19.97694],[119.27176,-19.9758],[119.27523,-19.97512],[119.25827,-19.97207],[119.24263,-19.9645],[119.24048,-19.96913],[119.24156,-19.97105],[119.24359,-19.97071],[119.2449,-19.96755],[119.24846,-19.97058],[119.2449,-19.96856],[119.24371,-19.97195],[119.23997,-19.97169],[119.23893,-19.96868],[119.24001,-19.96484],[119.2381,-19.96134],[119.22712,-19.9558],[119.21828,-19.9532],[119.19297,-19.9507],[119.18533,-19.95137],[119.17363,-19.95769],[119.1716,-19.95656],[119.17315,-19.96254],[119.16848,-19.97688],[119.16787,-19.98862],[119.1736,-19.99133],[119.17619,-19.99446],[119.17503,-19.99405],[119.17626,-19.9992],[119.17478,-19.99863],[119.17252,-19.99212],[119.16811,-19.9919],[119.17216,-20.00772],[119.17407,-20.0092],[119.18954,-20.0115],[119.18829,-20.01259],[119.19171,-20.01469],[119.19434,-20.01402],[119.21057,-20.01724],[119.2125,-20.02114],[119.20708,-20.02366],[119.19575,-20.01944],[119.19014,-20.02055],[119.18,-20.01836],[119.1744,-20.01518],[119.16843,-20.01515],[119.15869,-20.00405],[119.16064,-20.01211],[119.15724,-20.00698],[119.15604,-19.99403],[119.15068,-19.98612],[119.1508,-19.98285],[119.1471,-19.97856],[119.136,-19.97064],[119.1187,-19.9617],[119.10676,-19.95909],[119.09972,-19.95931],[119.09661,-19.96055],[119.08836,-19.97036],[119.08751,-19.97985],[119.08954,-19.98064],[119.09133,-19.98403],[119.09254,-19.98103],[119.09351,-19.98176],[119.0918,-19.9855],[119.09371,-19.98844],[119.09013,-19.98866],[119.09197,-19.99085],[119.08797,-19.99261],[119.08857,-19.99396],[119.08677,-19.99633],[119.06836,-20.01538],[119.05349,-20.02321],[119.04312,-20.02192],[119.04,-20.0245],[119.04201,-20.02741],[119.03713,-20.02595],[119.03175,-20.02751],[119.03121,-20.0298],[119.02828,-20.02862],[119.02459,-20.02922],[119.02349,-20.03011],[119.02442,-20.03113],[119.0222,-20.0313],[119.02218,-20.02971],[119.0265,-20.02658],[119.01221,-20.03357],[119.00328,-20.03515],[118.9954,-20.03454],[118.99384,-20.03578],[118.98537,-20.05514],[118.98288,-20.07364],[118.97642,-20.0955],[118.96795,-20.11362],[118.95915,-20.12701],[118.94088,-20.14474],[118.92469,-20.15311],[118.90913,-20.15788],[118.89651,-20.16774],[118.87949,-20.19428],[118.86732,-20.20911],[118.86297,-20.21664],[118.86028,-20.22543],[118.86075,-20.22746],[118.86263,-20.22142],[118.86287,-20.23177],[118.86428,-20.2355],[118.87455,-20.23894],[118.87537,-20.24109],[118.87822,-20.2425],[118.87891,-20.24381],[118.87353,-20.24887],[118.87146,-20.25371],[118.87532,-20.25926],[118.88266,-20.26111],[118.87382,-20.26016],[118.86955,-20.25336],[118.87187,-20.24694],[118.87607,-20.24493],[118.87453,-20.24233],[118.86299,-20.23861],[118.85975,-20.23299],[118.85308,-20.2299],[118.85213,-20.2282],[118.85393,-20.22799],[118.85131,-20.22549],[118.84207,-20.23063],[118.83528,-20.24526],[118.8398,-20.24833],[118.83273,-20.24987],[118.8298,-20.25888],[118.83063,-20.26013],[118.83246,-20.25937],[118.83625,-20.26073],[118.84101,-20.26527],[118.84474,-20.26134],[118.84727,-20.26231],[118.8428,-20.26596],[118.84064,-20.26606],[118.83766,-20.26547],[118.83421,-20.26184],[118.83241,-20.26228],[118.82881,-20.2652],[118.82937,-20.27107],[118.8278,-20.27264],[118.84282,-20.2804],[118.84577,-20.28685],[118.84935,-20.28947],[118.85246,-20.28926],[118.86028,-20.28208],[118.85484,-20.29063],[118.84635,-20.28968],[118.84078,-20.28208],[118.82263,-20.27599],[118.82167,-20.27655],[118.82372,-20.27973],[118.82065,-20.28625],[118.82439,-20.28545],[118.82088,-20.28783],[118.8185,-20.28579],[118.82152,-20.28152],[118.82071,-20.27801],[118.81576,-20.281],[118.80597,-20.28108],[118.8044,-20.28322],[118.8082,-20.28419],[118.80592,-20.28808],[118.80666,-20.2847],[118.80427,-20.28548],[118.79785,-20.27889],[118.7932,-20.28105],[118.78012,-20.28296],[118.76823,-20.28171],[118.76287,-20.28613],[118.75089,-20.28752],[118.73947,-20.2958],[118.71641,-20.30705],[118.70298,-20.31057],[118.69026,-20.31579],[118.67677,-20.32665],[118.67742,-20.32804],[118.6806,-20.32712],[118.68386,-20.32387],[118.68733,-20.32715],[118.68408,-20.32602],[118.67866,-20.33027],[118.67958,-20.33536],[118.67777,-20.33738],[118.67835,-20.34031],[118.67656,-20.33963],[118.67669,-20.33748],[118.66569,-20.34285],[118.66472,-20.34229],[118.6671,-20.33967],[118.67372,-20.33532],[118.67446,-20.33227],[118.6679,-20.32884],[118.65514,-20.33111],[118.65445,-20.33035],[118.66672,-20.3268],[118.66733,-20.32534],[118.65232,-20.31587],[118.64182,-20.31244],[118.63841,-20.30634],[118.63923,-20.30173],[118.64136,-20.30122],[118.64038,-20.29848],[118.63137,-20.29867],[118.61463,-20.30584],[118.5982,-20.30825],[118.5941,-20.3041],[118.59645,-20.28924],[118.59755,-20.28806],[118.59938,-20.29115],[118.60045,-20.29053],[118.598,-20.28654],[118.59541,-20.29015],[118.59024,-20.30265],[118.58945,-20.30704],[118.59103,-20.30808],[118.57842,-20.30846],[118.57438,-20.31085],[118.57304,-20.31617],[118.5885,-20.32456],[118.58654,-20.32578],[118.58713,-20.32714],[118.59177,-20.32966],[118.60318,-20.32455],[118.60678,-20.32458],[118.61047,-20.32709],[118.61562,-20.32645],[118.62417,-20.33321],[118.62529,-20.33272],[118.62512,-20.32948],[118.62956,-20.33436],[118.62645,-20.33341],[118.62385,-20.33475],[118.6253,-20.33598],[118.62377,-20.336],[118.61596,-20.32904],[118.61234,-20.33161],[118.60851,-20.33159],[118.61575,-20.34056],[118.62003,-20.34187],[118.61729,-20.34242],[118.61352,-20.34104],[118.61242,-20.33737],[118.60564,-20.33123],[118.59245,-20.33519],[118.58742,-20.33538],[118.5918,-20.34083],[118.60052,-20.34519],[118.60288,-20.34904],[118.60696,-20.34828],[118.6084,-20.3466],[118.61285,-20.34754],[118.6031,-20.35153],[118.59669,-20.34493],[118.59425,-20.34999],[118.59507,-20.35214],[118.59782,-20.35295],[118.59595,-20.35448],[118.5934,-20.35191],[118.59286,-20.3449],[118.59119,-20.34365],[118.58856,-20.34431],[118.58534,-20.33925],[118.58022,-20.33725],[118.57841,-20.33904],[118.58018,-20.34301],[118.57945,-20.34537],[118.58324,-20.35059],[118.57858,-20.35767],[118.58097,-20.35001],[118.57824,-20.34615],[118.57603,-20.33778],[118.57506,-20.33857],[118.57612,-20.34339],[118.57202,-20.34639],[118.57131,-20.3452],[118.57468,-20.34308],[118.57277,-20.33917],[118.57398,-20.33353],[118.57619,-20.33226],[118.57443,-20.32795],[118.56902,-20.33118],[118.56824,-20.33885],[118.56659,-20.33579],[118.563,-20.33543],[118.56091,-20.34365],[118.5567,-20.34633],[118.55626,-20.34975],[118.55203,-20.3463],[118.5534,-20.33998],[118.55615,-20.33978],[118.55817,-20.3416],[118.56057,-20.34094],[118.56084,-20.33778],[118.55653,-20.3364],[118.55615,-20.33438],[118.55774,-20.33562],[118.56001,-20.33484],[118.56329,-20.32956],[118.55799,-20.31857],[118.55849,-20.31666],[118.56087,-20.31758],[118.56643,-20.32575],[118.56871,-20.32475],[118.5695,-20.32244],[118.56545,-20.31804],[118.57043,-20.32013],[118.56662,-20.31755],[118.56812,-20.31553],[118.5659,-20.31506],[118.56372,-20.31081],[118.56541,-20.30799],[118.56739,-20.30872],[118.56677,-20.30536],[118.56891,-20.30093],[118.57375,-20.30159],[118.56876,-20.29425],[118.56197,-20.29438],[118.52627,-20.30535],[118.53834,-20.30736],[118.54734,-20.30484],[118.55376,-20.30883],[118.55732,-20.3136],[118.55491,-20.31483],[118.55016,-20.31073],[118.54813,-20.3106],[118.54656,-20.31217],[118.54543,-20.31825],[118.54684,-20.32086],[118.54326,-20.31959],[118.54049,-20.32171],[118.54056,-20.32758],[118.54604,-20.33112],[118.54735,-20.33482],[118.54336,-20.33844],[118.5424,-20.33776],[118.54565,-20.3344],[118.54508,-20.33146],[118.53877,-20.32937],[118.53396,-20.33115],[118.53733,-20.32767],[118.53664,-20.32439],[118.5309,-20.3239],[118.53211,-20.32255],[118.53642,-20.32259],[118.53956,-20.31922],[118.53996,-20.31347],[118.53675,-20.31164],[118.50622,-20.32765],[118.51113,-20.32781],[118.51458,-20.33043],[118.51792,-20.3308],[118.51612,-20.33202],[118.51277,-20.33143],[118.51299,-20.33392],[118.50983,-20.33909],[118.50659,-20.34008],[118.50633,-20.3429],[118.51102,-20.34643],[118.50845,-20.34641],[118.5064,-20.34877],[118.50455,-20.34051],[118.51121,-20.3321],[118.51074,-20.33063],[118.50299,-20.33201],[118.50064,-20.33419],[118.49106,-20.33426],[118.48659,-20.33045],[118.49497,-20.32813],[118.48753,-20.32596],[118.48407,-20.32832],[118.47941,-20.32914],[118.48571,-20.33994],[118.49362,-20.34056],[118.49593,-20.34363],[118.49583,-20.34676],[118.48928,-20.35098],[118.48822,-20.34976],[118.49391,-20.34598],[118.49304,-20.34362],[118.48655,-20.34354],[118.48585,-20.34631],[118.48062,-20.34675],[118.47992,-20.34867],[118.47753,-20.34948],[118.47823,-20.34688],[118.46863,-20.34423],[118.46404,-20.33941],[118.45585,-20.33506],[118.44893,-20.33714],[118.44753,-20.34087],[118.44993,-20.34266],[118.45031,-20.34673],[118.44825,-20.34301],[118.44454,-20.34213],[118.43917,-20.34465],[118.43497,-20.34276],[118.43032,-20.34584],[118.42803,-20.34471],[118.43426,-20.34131],[118.43913,-20.34282],[118.4396,-20.33844],[118.43121,-20.33737],[118.42369,-20.33956],[118.41687,-20.33955],[118.4121,-20.34415],[118.41511,-20.34537],[118.40891,-20.34914],[118.41155,-20.35361],[118.41076,-20.35663],[118.41286,-20.35795],[118.41164,-20.36107],[118.40386,-20.36429],[118.40945,-20.35851],[118.40064,-20.34863],[118.39129,-20.34744],[118.3868,-20.34968],[118.38599,-20.35205],[118.38352,-20.34964],[118.3791,-20.35136],[118.37614,-20.35668],[118.37964,-20.35915],[118.38085,-20.36196],[118.37921,-20.36961],[118.37905,-20.36118],[118.37232,-20.35829],[118.37287,-20.35128],[118.36868,-20.35142],[118.36926,-20.36621],[118.36785,-20.36961],[118.36355,-20.37144],[118.36555,-20.37311],[118.36361,-20.37395],[118.36151,-20.37078],[118.36316,-20.36681],[118.35915,-20.35871],[118.35593,-20.35997],[118.35184,-20.35808],[118.34802,-20.36013],[118.34653,-20.3631],[118.34407,-20.36004],[118.34585,-20.358],[118.34932,-20.35741],[118.34596,-20.35585],[118.35279,-20.3566],[118.35362,-20.35524],[118.3488,-20.3512],[118.34479,-20.34231],[118.34631,-20.33744],[118.34614,-20.32988],[118.32789,-20.34094],[118.32083,-20.34098],[118.30972,-20.34556],[118.30086,-20.34584],[118.28878,-20.34862],[118.29035,-20.35076],[118.30347,-20.3494],[118.30869,-20.3528],[118.31051,-20.35617],[118.31541,-20.35468],[118.31649,-20.35569],[118.31592,-20.35885],[118.31784,-20.36087],[118.31715,-20.36393],[118.31835,-20.36539],[118.31595,-20.36382],[118.31737,-20.36178],[118.31473,-20.36021],[118.31482,-20.35604],[118.3104,-20.35832],[118.31012,-20.36259],[118.30841,-20.36433],[118.30934,-20.36013],[118.30763,-20.35619],[118.30294,-20.35294],[118.29887,-20.35308],[118.29778,-20.35162],[118.29261,-20.35388],[118.29505,-20.35513],[118.29424,-20.36011],[118.2891,-20.3607],[118.28857,-20.36327],[118.28493,-20.36502],[118.28351,-20.3674],[118.28193,-20.36402],[118.28588,-20.36332],[118.28502,-20.35914],[118.28103,-20.35341],[118.25735,-20.35884],[118.25833,-20.36279],[118.25238,-20.3696],[118.25431,-20.37196],[118.25409,-20.37501],[118.25723,-20.37771],[118.25387,-20.37772],[118.25097,-20.37322],[118.24738,-20.37358],[118.24652,-20.37065],[118.24424,-20.36976],[118.24233,-20.37078],[118.24115,-20.3744],[118.23601,-20.37522],[118.23672,-20.37386],[118.23971,-20.37351],[118.24018,-20.37193],[118.23879,-20.36992],[118.23273,-20.36813],[118.22518,-20.36692],[118.2155,-20.37093],[118.22472,-20.37054],[118.21395,-20.37319],[118.21114,-20.37926],[118.2004,-20.38964],[118.20037,-20.39373],[118.19617,-20.40374],[118.19564,-20.39957],[118.19827,-20.39519],[118.19764,-20.39022],[118.19893,-20.38547],[118.20074,-20.38693],[118.20202,-20.38139],[118.20669,-20.37978],[118.20547,-20.3764],[118.19768,-20.37554],[118.19445,-20.37668],[118.19339,-20.37974],[118.19146,-20.37715],[118.18788,-20.37909],[118.18146,-20.37955],[118.18046,-20.38093],[118.1777,-20.37993],[118.17461,-20.38446],[118.16611,-20.38518],[118.16514,-20.38293],[118.16463,-20.37751],[118.16593,-20.37592],[118.16425,-20.37469],[118.16531,-20.37152],[118.16954,-20.36897],[118.18434,-20.365],[118.19345,-20.36923],[118.19238,-20.3715],[118.19824,-20.36944],[118.19331,-20.36551],[118.18608,-20.36456],[118.18046,-20.36015],[118.17818,-20.36039],[118.18009,-20.35812],[118.18619,-20.35798],[118.19364,-20.36212],[118.19594,-20.36561],[118.19749,-20.36379],[118.19984,-20.36893],[118.19977,-20.36412],[118.19759,-20.36119],[118.18414,-20.35599],[118.18497,-20.35414],[118.18738,-20.35515],[118.18603,-20.34962],[118.18373,-20.3467],[118.17658,-20.3517],[118.17945,-20.35191],[118.18018,-20.35327],[118.176,-20.35487],[118.18229,-20.35396],[118.18211,-20.35597],[118.17864,-20.35598],[118.17445,-20.3594],[118.17362,-20.35815],[118.17231,-20.35911],[118.17456,-20.35499],[118.17395,-20.35397],[118.17229,-20.35613],[118.17132,-20.355],[118.17298,-20.35093],[118.1848,-20.34556],[118.19001,-20.35559],[118.19482,-20.35906],[118.20022,-20.36005],[118.19549,-20.35036],[118.19459,-20.34043],[118.19639,-20.34008],[118.19674,-20.33791],[118.19301,-20.33592],[118.18158,-20.3364],[118.16092,-20.35788],[118.13477,-20.37156],[118.12866,-20.37703],[118.1103,-20.38771],[118.10908,-20.39231],[118.10674,-20.39405],[118.10676,-20.398],[118.10855,-20.39811],[118.10977,-20.40104],[118.10353,-20.40039],[118.10555,-20.39699],[118.10506,-20.3944],[118.10326,-20.39475],[118.09478,-20.39829],[118.07019,-20.41579],[118.05009,-20.42209],[118.04737,-20.42955],[118.03868,-20.44145],[118.02579,-20.45348],[118.01779,-20.4587],[117.99232,-20.47214],[117.95303,-20.47873],[117.9546,-20.48075],[117.95687,-20.47882],[117.95961,-20.4799],[117.95616,-20.48109],[117.9575,-20.48526],[117.9629,-20.48671],[117.96531,-20.4911],[117.96158,-20.48773],[117.95571,-20.48843],[117.95377,-20.48313],[117.95029,-20.48133],[117.94811,-20.47784],[117.9438,-20.47774],[117.9438,-20.47955],[117.94093,-20.4799],[117.94122,-20.48172],[117.93926,-20.4816],[117.93987,-20.48521],[117.9424,-20.48678],[117.93929,-20.48815],[117.94328,-20.49762],[117.9414,-20.50655],[117.94218,-20.51089],[117.94034,-20.50961],[117.93795,-20.51153],[117.93154,-20.52658],[117.93479,-20.52883],[117.94295,-20.53049],[117.94401,-20.52744],[117.9428,-20.52383],[117.95044,-20.51589],[117.94865,-20.51177],[117.94942,-20.51042],[117.95604,-20.5074],[117.9617,-20.50663],[117.96012,-20.50897],[117.9576,-20.50819],[117.95354,-20.51159],[117.95138,-20.5116],[117.95344,-20.51611],[117.94901,-20.51827],[117.94842,-20.51997],[117.95069,-20.51838],[117.95441,-20.51915],[117.95739,-20.51587],[117.9592,-20.51699],[117.95466,-20.5213],[117.95105,-20.51996],[117.94843,-20.52256],[117.94691,-20.53273],[117.94273,-20.53682],[117.94574,-20.53906],[117.9503,-20.53803],[117.95318,-20.53926],[117.95934,-20.54493],[117.95969,-20.5468],[117.96518,-20.5417],[117.96181,-20.53889],[117.96245,-20.53436],[117.96587,-20.53458],[117.97149,-20.53151],[117.96968,-20.52779],[117.97098,-20.52519],[117.97353,-20.5315],[117.97198,-20.53366],[117.96432,-20.53673],[117.96698,-20.54079],[117.96413,-20.5469],[117.96773,-20.54802],[117.96903,-20.54338],[117.97286,-20.54167],[117.9718,-20.54721],[117.97506,-20.55047],[117.97061,-20.54834],[117.97059,-20.54439],[117.96905,-20.54857],[117.96282,-20.55018],[117.95934,-20.5494],[117.95852,-20.55325],[117.9609,-20.5565],[117.96024,-20.56194],[117.95891,-20.5607],[117.95961,-20.55539],[117.95719,-20.55223],[117.95777,-20.54783],[117.95465,-20.54569],[117.95113,-20.5469],[117.94541,-20.54618],[117.94638,-20.5481],[117.94866,-20.54865],[117.94952,-20.55181],[117.94839,-20.55315],[117.94843,-20.54978],[117.94615,-20.55036],[117.94439,-20.55793],[117.94043,-20.55896],[117.94332,-20.56042],[117.94093,-20.56257],[117.94334,-20.56607],[117.94179,-20.56697],[117.94166,-20.56438],[117.93913,-20.56337],[117.94092,-20.56065],[117.93635,-20.5574],[117.93455,-20.55853],[117.93562,-20.5557],[117.93839,-20.55727],[117.94378,-20.5568],[117.94412,-20.55228],[117.94134,-20.54665],[117.93545,-20.54418],[117.9333,-20.54656],[117.93461,-20.54272],[117.93216,-20.54139],[117.92717,-20.54218],[117.92915,-20.54066],[117.91986,-20.54356],[117.91424,-20.54708],[117.91227,-20.55551],[117.91632,-20.55837],[117.92051,-20.55689],[117.92458,-20.56103],[117.91848,-20.55882],[117.91501,-20.56097],[117.91466,-20.56267],[117.91779,-20.56537],[117.92367,-20.56569],[117.93029,-20.57086],[117.92031,-20.56671],[117.9147,-20.57193],[117.91487,-20.57343],[117.91147,-20.5742],[117.91218,-20.57658],[117.90872,-20.57545],[117.91457,-20.57035],[117.91591,-20.56728],[117.91203,-20.56381],[117.90967,-20.56398],[117.90518,-20.56123],[117.90038,-20.56193],[117.90599,-20.55938],[117.90612,-20.55683],[117.90335,-20.55367],[117.90047,-20.55278],[117.89796,-20.5546],[117.89651,-20.55347],[117.89015,-20.55816],[117.88972,-20.55713],[117.89531,-20.55178],[117.89002,-20.54954],[117.88175,-20.55194],[117.87183,-20.56112],[117.86982,-20.56678],[117.87104,-20.57175],[117.87632,-20.57298],[117.87873,-20.57557],[117.87839,-20.5811],[117.88102,-20.5777],[117.88437,-20.57645],[117.88508,-20.57408],[117.89143,-20.57304],[117.88616,-20.57543],[117.88474,-20.57826],[117.88978,-20.57846],[117.8934,-20.58365],[117.89627,-20.58353],[117.898,-20.58525],[117.89352,-20.58574],[117.89123,-20.58128],[117.88846,-20.57937],[117.88583,-20.58198],[117.88222,-20.57962],[117.88019,-20.58234],[117.87647,-20.58235],[117.87431,-20.57953],[117.86748,-20.58193],[117.86461,-20.58442],[117.85938,-20.59743],[117.86,-20.60398],[117.86337,-20.60668],[117.86523,-20.60507],[117.86458,-20.60746],[117.86134,-20.6077],[117.86005,-20.61132],[117.85786,-20.6085],[117.8581,-20.60558],[117.85413,-20.60603],[117.85449,-20.60838],[117.8532,-20.60912],[117.8515,-20.60796],[117.84325,-20.61566],[117.82241,-20.62623],[117.81691,-20.63156],[117.81415,-20.63213],[117.81104,-20.63485],[117.81117,-20.63643],[117.80853,-20.63723],[117.80614,-20.64062],[117.80231,-20.64222],[117.79609,-20.64788],[117.7931,-20.65196],[117.79419,-20.65557],[117.78746,-20.6531],[117.78279,-20.65436],[117.77835,-20.65697],[117.77429,-20.66353],[117.77576,-20.66787],[117.77779,-20.6668],[117.78194,-20.66741],[117.78513,-20.67186],[117.78896,-20.66936],[117.79268,-20.66935],[117.79486,-20.67533],[117.81163,-20.67299],[117.80974,-20.67416],[117.7999,-20.67554],[117.79343,-20.67929],[117.79089,-20.67893],[117.79403,-20.67771],[117.79005,-20.67354],[117.78549,-20.67479],[117.78212,-20.67062],[117.7742,-20.67008],[117.77324,-20.67374],[117.77019,-20.67632],[117.76953,-20.67479],[117.77205,-20.67302],[117.77192,-20.67043],[117.76947,-20.66607],[117.74732,-20.67411],[117.74625,-20.68228],[117.74481,-20.67569],[117.73929,-20.67763],[117.73705,-20.6826],[117.7374,-20.68656],[117.73595,-20.68543],[117.73629,-20.67888],[117.71398,-20.68221],[117.71062,-20.68538],[117.70582,-20.68584],[117.70355,-20.68777],[117.70412,-20.69454],[117.70066,-20.68676],[117.69467,-20.69039],[117.68987,-20.69029],[117.6917,-20.69336],[117.68819,-20.69153],[117.68915,-20.68905],[117.69347,-20.68949],[117.6973,-20.68699],[117.69346,-20.68599],[117.68683,-20.6773],[117.68689,-20.67209],[117.68945,-20.66871],[117.68621,-20.67008],[117.68296,-20.66681],[117.68044,-20.66659],[117.67351,-20.67892],[117.66679,-20.67938],[117.66777,-20.68446],[117.67476,-20.69529],[117.67537,-20.69902],[117.67416,-20.69665],[117.67116,-20.69665],[117.67139,-20.69417],[117.66706,-20.68989],[117.66729,-20.68774],[117.66416,-20.68413],[117.664,-20.67926],[117.66822,-20.67384],[117.66737,-20.67227],[117.66054,-20.67646],[117.65433,-20.6889],[117.65207,-20.69692],[117.65436,-20.69945],[117.65497,-20.7038],[117.65863,-20.70263],[117.65905,-20.70368],[117.65377,-20.70584],[117.65632,-20.71546],[117.65294,-20.71058],[117.65318,-20.70686],[117.65137,-20.70392],[117.64801,-20.70427],[117.64214,-20.70959],[117.64399,-20.71164],[117.63745,-20.70858],[117.6283,-20.70908],[117.63541,-20.70712],[117.64045,-20.70812],[117.64356,-20.70371],[117.64656,-20.70213],[117.64559,-20.69795],[117.6469,-20.69298],[117.64508,-20.68943],[117.63717,-20.69334],[117.64352,-20.68621],[117.6417,-20.67797],[117.63563,-20.67569],[117.62597,-20.67709],[117.62118,-20.67959],[117.62046,-20.68309],[117.61658,-20.68726],[117.61888,-20.67884],[117.63641,-20.67301],[117.63892,-20.66939],[117.64834,-20.66198],[117.64574,-20.66169],[117.64167,-20.66498],[117.63926,-20.66306],[117.63074,-20.66376],[117.62775,-20.66704],[117.61204,-20.6752],[117.58997,-20.67976],[117.5937,-20.68404],[117.59503,-20.69048],[117.59912,-20.69273],[117.59888,-20.69476],[117.59599,-20.69334],[117.59311,-20.68856],[117.5907,-20.688],[117.58723,-20.68947],[117.58502,-20.69416],[117.58713,-20.70077],[117.59505,-20.70008],[117.59492,-20.70363],[117.59445,-20.70132],[117.58677,-20.70269],[117.58042,-20.69664],[117.57523,-20.69616],[117.57331,-20.69402],[117.56851,-20.69594],[117.5696,-20.69896],[117.56611,-20.69775],[117.55256,-20.70399],[117.55136,-20.70659],[117.55363,-20.7082],[117.55486,-20.71336],[117.54827,-20.72568],[117.54996,-20.72692],[117.55512,-20.72589],[117.55626,-20.72685],[117.55571,-20.73083],[117.55416,-20.72691],[117.5514,-20.72838],[117.54756,-20.72817],[117.54493,-20.73393],[117.54229,-20.73619],[117.54137,-20.73513],[117.55222,-20.71585],[117.55281,-20.71088],[117.54453,-20.70773],[117.527,-20.71396],[117.50852,-20.71749],[117.50792,-20.71851],[117.51049,-20.71991],[117.49483,-20.71897],[117.48931,-20.72135],[117.48859,-20.72372],[117.48463,-20.72158],[117.46938,-20.7277],[117.45305,-20.72816],[117.44258,-20.73059],[117.44177,-20.73506],[117.43457,-20.74049],[117.43986,-20.74342],[117.4449,-20.74327],[117.45284,-20.75132],[117.45705,-20.75301],[117.46113,-20.75165],[117.46161,-20.75267],[117.45837,-20.75459],[117.45909,-20.75606],[117.45741,-20.75721],[117.45621,-20.75482],[117.45275,-20.75537],[117.44948,-20.75189],[117.44698,-20.75139],[117.44395,-20.7467],[117.44143,-20.74534],[117.43867,-20.74896],[117.44179,-20.74975],[117.44107,-20.75359],[117.44023,-20.75043],[117.43543,-20.75122],[117.43375,-20.75484],[117.42979,-20.758],[117.43315,-20.75314],[117.43117,-20.75215],[117.43554,-20.74919],[117.4365,-20.74648],[117.43182,-20.74637],[117.43446,-20.74445],[117.43085,-20.74253],[117.42903,-20.73943],[117.43156,-20.73428],[117.427,-20.73112],[117.41619,-20.72899],[117.41199,-20.72978],[117.41007,-20.7326],[117.4061,-20.72944],[117.39518,-20.73058],[117.38773,-20.73533],[117.38745,-20.74477],[117.39051,-20.74843],[117.39075,-20.75114],[117.39724,-20.75193],[117.40385,-20.76005],[117.39616,-20.75317],[117.38835,-20.75272],[117.38609,-20.76043],[117.38835,-20.76063],[117.3928,-20.7578],[117.39736,-20.75882],[117.3982,-20.76379],[117.39605,-20.7665],[117.39797,-20.77101],[117.39641,-20.77113],[117.39581,-20.76797],[117.39376,-20.76616],[117.3958,-20.76243],[117.3934,-20.76029],[117.39016,-20.76097],[117.38356,-20.77034],[117.38284,-20.77577],[117.38549,-20.78141],[117.38309,-20.78198],[117.38177,-20.78435],[117.38128,-20.77995],[117.37873,-20.77893],[117.37756,-20.77577],[117.38319,-20.76684],[117.38295,-20.7647],[117.38019,-20.75883],[117.37875,-20.75984],[117.37947,-20.76346],[117.37696,-20.7642],[117.37839,-20.76233],[117.37706,-20.75883],[117.38079,-20.7577],[117.38282,-20.7507],[117.36984,-20.73421],[117.36276,-20.73432],[117.36307,-20.73748],[117.3666,-20.74042],[117.36673,-20.74573],[117.36481,-20.74844],[117.35231,-20.75711],[117.35181,-20.7605],[117.35376,-20.76369],[117.35389,-20.76821],[117.35072,-20.77162],[117.35413,-20.77115],[117.35749,-20.77363],[117.35788,-20.77576],[117.35353,-20.77623],[117.35425,-20.7789],[117.35161,-20.77589],[117.35617,-20.77465],[117.35125,-20.77431],[117.34909,-20.77567],[117.34971,-20.77897],[117.34729,-20.77668],[117.34553,-20.77753],[117.34824,-20.77397],[117.35076,-20.76618],[117.34966,-20.76302],[117.34048,-20.76427],[117.33995,-20.76923],[117.33731,-20.7742],[117.33569,-20.77205],[117.33803,-20.77048],[117.33779,-20.76664],[117.34213,-20.76207],[117.34031,-20.75828],[117.33179,-20.7663],[117.33199,-20.77056],[117.33026,-20.76668],[117.33262,-20.76121],[117.3259,-20.76031],[117.32265,-20.76144],[117.32025,-20.75851],[117.32974,-20.76065],[117.33658,-20.75899],[117.33707,-20.75647],[117.33899,-20.75579],[117.34439,-20.7594],[117.34668,-20.75929],[117.35015,-20.75048],[117.35691,-20.74693],[117.35784,-20.74302],[117.35507,-20.73964],[117.34754,-20.73564],[117.3463,-20.73535],[117.34715,-20.7376],[117.34414,-20.73535],[117.33958,-20.73636],[117.32961,-20.73422],[117.32676,-20.73207],[117.32745,-20.73062],[117.30268,-20.72679],[117.30115,-20.72801],[117.30343,-20.7349],[117.29731,-20.73581],[117.298,-20.73802],[117.29334,-20.73581],[117.29539,-20.73501],[117.29487,-20.73405],[117.30163,-20.73422],[117.29993,-20.72649],[117.29538,-20.72564],[117.2955,-20.72711],[117.29274,-20.7288],[117.29346,-20.72993],[117.29178,-20.73004],[117.28967,-20.7343],[117.28794,-20.7349],[117.2913,-20.72948],[117.29202,-20.72361],[117.28542,-20.72474],[117.28374,-20.72688],[117.2853,-20.73095],[117.28393,-20.73531],[117.28227,-20.73375],[117.28386,-20.73038],[117.28194,-20.72654],[117.2853,-20.72214],[117.28469,-20.72024],[117.27821,-20.71977],[117.27917,-20.7253],[117.27761,-20.72733],[117.26381,-20.72849],[117.27038,-20.72586],[117.27557,-20.7262],[117.27749,-20.72383],[117.27401,-20.72315],[117.2566,-20.70892],[117.24477,-20.7043],[117.24711,-20.71219],[117.24502,-20.71419],[117.24063,-20.71072],[117.24411,-20.70733],[117.24063,-20.70338],[117.24255,-20.70372],[117.24229,-20.70252],[117.2231,-20.69513],[117.21194,-20.69772],[117.21586,-20.69796],[117.21422,-20.70043],[117.2153,-20.7036],[117.21819,-20.70439],[117.221,-20.70312],[117.22898,-20.70552],[117.22669,-20.71182],[117.21914,-20.71489],[117.21649,-20.71952],[117.21841,-20.72235],[117.21643,-20.72483],[117.21721,-20.72178],[117.21502,-20.71966],[117.21697,-20.71738],[117.21729,-20.71331],[117.21806,-20.71218],[117.22382,-20.71173],[117.2273,-20.70676],[117.2225,-20.70597],[117.21806,-20.70721],[117.21446,-20.70597],[117.20762,-20.69828],[117.20558,-20.69297],[117.20054,-20.69128],[117.19361,-20.68644],[117.19226,-20.68393],[117.19574,-20.68212],[117.19518,-20.68032],[117.19262,-20.68009],[117.19106,-20.68178],[117.18889,-20.68664],[117.18973,-20.69048],[117.18529,-20.69454],[117.18588,-20.69793],[117.18672,-20.69985],[117.19279,-20.70048],[117.19465,-20.70313],[117.19639,-20.70138],[117.19669,-20.70404],[117.19897,-20.70539],[117.20053,-20.70449],[117.20029,-20.70619],[117.19752,-20.70711],[117.19525,-20.70494],[117.19181,-20.70521],[117.19285,-20.70313],[117.19189,-20.70178],[117.18676,-20.70139],[117.18324,-20.69827],[117.18409,-20.69296],[117.18265,-20.69183],[117.17616,-20.69996],[117.17195,-20.70058],[117.1788,-20.69375],[117.1782,-20.69115],[117.18373,-20.68901],[117.18085,-20.68494],[117.18938,-20.67959],[117.19238,-20.67557],[117.19586,-20.67456],[117.19658,-20.67207],[117.19995,-20.66936],[117.20043,-20.66654],[117.19589,-20.66816],[117.18914,-20.66507],[117.18938,-20.67049],[117.19166,-20.67252],[117.1901,-20.67331],[117.18586,-20.67143],[117.18794,-20.66992],[117.18746,-20.66721],[117.1823,-20.6689],[117.18302,-20.66619],[117.17978,-20.6628],[117.17522,-20.66415],[117.17546,-20.66765],[117.17378,-20.6689],[117.17557,-20.67387],[117.17702,-20.66946],[117.17966,-20.67364],[117.18326,-20.6715],[117.18385,-20.6727],[117.18121,-20.67669],[117.17809,-20.67658],[117.16801,-20.68222],[117.16933,-20.67533],[117.16477,-20.67171],[117.1661,-20.66618],[117.16934,-20.66268],[117.16682,-20.66008],[117.1673,-20.65737],[117.17199,-20.65466],[117.16946,-20.65681],[117.1734,-20.65945],[117.17174,-20.66076],[117.17222,-20.66291],[117.17042,-20.66358],[117.17006,-20.66776],[117.17329,-20.67398],[117.1733,-20.6646],[117.17546,-20.6611],[117.1781,-20.66054],[117.17691,-20.6527],[117.18015,-20.65049],[117.17895,-20.64981],[117.18171,-20.64665],[117.18137,-20.64505],[117.17331,-20.65173],[117.15843,-20.6583],[117.15699,-20.65768],[117.16803,-20.64754],[117.17127,-20.6419],[117.17149,-20.64675],[117.16791,-20.64935],[117.16844,-20.65184],[117.17355,-20.65003],[117.18014,-20.64347],[117.17823,-20.64247],[117.1816,-20.63965],[117.17932,-20.63343],[117.17488,-20.63049],[117.17176,-20.63015],[117.16648,-20.63502],[117.1654,-20.63455],[117.16672,-20.63218],[117.16564,-20.62834],[117.16792,-20.6306],[117.17248,-20.62834],[117.18124,-20.63106],[117.18508,-20.63524],[117.18952,-20.63728],[117.1906,-20.634],[117.19357,-20.63413],[117.19194,-20.63617],[117.19296,-20.63842],[117.19646,-20.63701],[117.20002,-20.63252],[117.20076,-20.6303],[117.19914,-20.63116],[117.19742,-20.62959],[117.19815,-20.62568],[117.19298,-20.61843],[117.19064,-20.61133],[117.18672,-20.61138],[117.18678,-20.61532],[117.18562,-20.61672],[117.18066,-20.61611],[117.1856,-20.61625],[117.18667,-20.61404],[117.17911,-20.6096],[117.17537,-20.60224],[117.18013,-20.60043],[117.18034,-20.59798],[117.18459,-20.59586],[117.18461,-20.59242],[117.1827,-20.59392],[117.18236,-20.59179],[117.17436,-20.59474],[117.17242,-20.59197],[117.16495,-20.60378],[117.1503,-20.61349],[117.1474,-20.61668],[117.14752,-20.61992],[117.14565,-20.61968],[117.14165,-20.62255],[117.14063,-20.62595],[117.13803,-20.62746],[117.14032,-20.63487],[117.13443,-20.64017],[117.13142,-20.64808],[117.13214,-20.65113],[117.1282,-20.65438],[117.12698,-20.6518],[117.12193,-20.65405],[117.12289,-20.65564],[117.12185,-20.65642],[117.11941,-20.65496],[117.12014,-20.65213],[117.11509,-20.65495],[117.10825,-20.65348],[117.10534,-20.65477],[117.10676,-20.65303],[117.09814,-20.64784],[117.0959,-20.64183],[117.0959,-20.64036],[117.09891,-20.63833],[117.10156,-20.63009],[117.09472,-20.62759],[117.09436,-20.62398],[117.09304,-20.62714],[117.08631,-20.63176],[117.08451,-20.63605],[117.06638,-20.63953],[117.05761,-20.64822],[117.05712,-20.65228],[117.05868,-20.65375],[117.0564,-20.65522],[117.05376,-20.65397],[117.04979,-20.65826],[117.04691,-20.65758],[117.04451,-20.6622],[117.03881,-20.66756],[117.03803,-20.65948],[117.02951,-20.65823],[117.035,-20.6531],[117.03704,-20.64999],[117.0368,-20.64763],[117.02226,-20.651],[117.0155,-20.64997],[117.01441,-20.6524],[117.00956,-20.65424],[117.00848,-20.65332],[117.00427,-20.65536],[117.00053,-20.65446],[116.99549,-20.65833],[116.98814,-20.65854],[116.98544,-20.66254],[116.98291,-20.66248],[116.98247,-20.66444],[116.97901,-20.66679],[116.97677,-20.66653],[116.97579,-20.66969],[116.9896,-20.66882],[116.99322,-20.6737],[116.99252,-20.67528],[116.99711,-20.67516],[116.99493,-20.67651],[116.99204,-20.67596],[116.99178,-20.67314],[116.98731,-20.67001],[116.98662,-20.67397],[116.98939,-20.67406],[116.99084,-20.67631],[116.9869,-20.67893],[116.98749,-20.67678],[116.98976,-20.67598],[116.98891,-20.67463],[116.98555,-20.67442],[116.98612,-20.67047],[116.97916,-20.67108],[116.97931,-20.67435],[116.98161,-20.67693],[116.97926,-20.68743],[116.98076,-20.67637],[116.97739,-20.67459],[116.97736,-20.67132],[116.97364,-20.671],[116.9725,-20.67246],[116.97415,-20.67495],[116.97115,-20.67542],[116.96545,-20.68325],[116.96102,-20.68384],[116.95787,-20.68205],[116.95633,-20.68331],[116.94645,-20.69342],[116.94558,-20.69818],[116.95203,-20.70129],[116.95479,-20.69635],[116.95789,-20.69843],[116.95682,-20.70121],[116.95657,-20.69877],[116.9544,-20.69777],[116.95383,-20.70161],[116.9452,-20.7028],[116.94029,-20.7052],[116.93942,-20.70698],[116.9349,-20.70682],[116.92643,-20.71319],[116.92862,-20.71792],[116.93248,-20.71982],[116.94364,-20.71974],[116.94787,-20.72299],[116.95268,-20.72432],[116.94738,-20.7237],[116.94269,-20.72043],[116.92708,-20.72007],[116.92601,-20.72234],[116.92925,-20.72448],[116.93166,-20.73091],[116.92792,-20.72567],[116.91991,-20.74067],[116.91691,-20.74091],[116.92144,-20.73705],[116.92754,-20.72507],[116.92492,-20.72093],[116.92754,-20.71781],[116.92366,-20.71231],[116.91254,-20.71881],[116.90319,-20.72101],[116.89878,-20.72409],[116.88951,-20.72053],[116.88543,-20.7218],[116.88207,-20.72103],[116.88,-20.72277],[116.87632,-20.7231],[116.86983,-20.72223],[116.8282,-20.7087],[116.82469,-20.70336],[116.81718,-20.69654],[116.8154,-20.69613],[116.81425,-20.69893],[116.81322,-20.69846],[116.81034,-20.69379],[116.81335,-20.69614],[116.814,-20.69447],[116.80925,-20.68754],[116.80572,-20.68503],[116.80386,-20.68072],[116.80139,-20.68061],[116.80006,-20.67324],[116.79585,-20.66681],[116.79112,-20.66769],[116.79064,-20.67098],[116.79338,-20.67308],[116.79371,-20.67593],[116.79068,-20.6799],[116.78825,-20.67976],[116.78667,-20.6819],[116.78662,-20.68489],[116.78956,-20.68755],[116.7867,-20.68611],[116.78569,-20.68287],[116.78665,-20.68076],[116.78553,-20.67996],[116.78713,-20.68026],[116.79259,-20.67634],[116.78972,-20.67088],[116.79168,-20.66544],[116.78838,-20.66533],[116.79372,-20.66356],[116.79454,-20.64857],[116.8022,-20.63993],[116.80173,-20.63542],[116.79815,-20.63389],[116.79735,-20.62806],[116.80642,-20.62479],[116.80615,-20.62191],[116.81228,-20.61436],[116.81415,-20.60712],[116.80817,-20.6048],[116.80946,-20.60263],[116.81394,-20.60054],[116.81863,-20.60462],[116.82324,-20.5964],[116.82361,-20.58867],[116.81704,-20.59089],[116.81475,-20.5887],[116.81645,-20.58678],[116.82012,-20.58661],[116.81911,-20.58078],[116.83567,-20.56466],[116.84817,-20.54755],[116.85436,-20.54384],[116.85504,-20.53932],[116.86386,-20.53338],[116.86737,-20.52597],[116.86429,-20.52213],[116.85944,-20.52144],[116.85611,-20.52342],[116.85458,-20.52186],[116.84909,-20.52166],[116.84032,-20.52363],[116.83725,-20.5228],[116.83276,-20.52586],[116.82891,-20.52502],[116.82402,-20.5264],[116.82129,-20.52516],[116.8158,-20.5284],[116.80875,-20.52925],[116.80401,-20.5412],[116.8083,-20.53971],[116.81189,-20.54026],[116.81488,-20.5381],[116.81552,-20.54155],[116.80937,-20.54679],[116.81216,-20.54791],[116.81168,-20.54972],[116.81275,-20.54996],[116.81144,-20.54983],[116.81091,-20.5478],[116.8067,-20.55329],[116.7957,-20.55936],[116.79002,-20.55819],[116.78239,-20.56825],[116.78178,-20.57097],[116.77864,-20.57361],[116.7779,-20.57656],[116.77986,-20.57776],[116.78058,-20.57645],[116.78869,-20.57451],[116.79681,-20.56849],[116.79842,-20.5656],[116.79648,-20.56924],[116.79869,-20.57168],[116.80102,-20.57124],[116.79903,-20.57222],[116.79932,-20.57489],[116.79438,-20.57757],[116.79143,-20.58322],[116.78679,-20.58567],[116.78639,-20.58846],[116.78094,-20.5873],[116.78032,-20.58435],[116.78157,-20.58279],[116.77727,-20.58411],[116.77348,-20.58791],[116.7706,-20.58807],[116.76828,-20.59042],[116.76773,-20.59349],[116.76327,-20.59769],[116.76566,-20.5995],[116.76463,-20.60146],[116.75891,-20.60151],[116.75709,-20.60575],[116.7583,-20.60907],[116.75418,-20.61137],[116.75213,-20.61494],[116.74932,-20.61499],[116.74636,-20.62051],[116.74543,-20.6246],[116.74684,-20.62603],[116.74934,-20.62314],[116.7516,-20.62464],[116.74984,-20.62475],[116.75058,-20.62609],[116.74919,-20.62552],[116.74884,-20.62772],[116.75233,-20.62946],[116.74986,-20.63077],[116.75052,-20.6321],[116.75117,-20.63035],[116.75538,-20.63152],[116.75941,-20.63022],[116.76222,-20.63138],[116.76375,-20.63042],[116.76452,-20.63251],[116.76146,-20.63332],[116.75891,-20.63669],[116.75509,-20.63461],[116.75248,-20.63511],[116.73994,-20.64108],[116.7386,-20.63979],[116.72981,-20.63998],[116.72919,-20.63719],[116.72701,-20.63941],[116.72167,-20.63793],[116.72167,-20.64633],[116.71089,-20.65432],[116.7077,-20.65482],[116.70756,-20.65794],[116.70534,-20.66061],[116.70158,-20.66184],[116.70266,-20.66541],[116.70169,-20.66918],[116.69365,-20.67381],[116.69219,-20.67832],[116.69437,-20.68074],[116.6886,-20.68222],[116.68748,-20.68066],[116.68442,-20.68036],[116.67969,-20.68284],[116.67476,-20.68231],[116.66806,-20.68483],[116.65394,-20.69302],[116.65013,-20.6988],[116.64248,-20.70471],[116.64241,-20.71283],[116.64494,-20.71452],[116.65046,-20.71402],[116.65044,-20.71043],[116.65283,-20.70895],[116.65955,-20.70948],[116.66197,-20.7124],[116.6668,-20.7117],[116.66197,-20.7131],[116.65824,-20.71028],[116.65392,-20.70996],[116.65128,-20.71099],[116.65166,-20.71392],[116.65023,-20.71585],[116.65444,-20.71741],[116.65874,-20.71366],[116.66122,-20.71388],[116.6566,-20.71785],[116.66671,-20.7222],[116.67306,-20.71992],[116.67806,-20.71323],[116.68153,-20.71096],[116.68417,-20.71083],[116.68759,-20.71295],[116.68889,-20.70577],[116.68982,-20.71261],[116.68755,-20.71454],[116.68539,-20.71376],[116.68475,-20.72302],[116.68349,-20.71851],[116.68492,-20.71602],[116.68263,-20.71422],[116.67861,-20.71918],[116.66638,-20.7283],[116.67394,-20.7268],[116.67564,-20.72995],[116.68076,-20.73161],[116.68155,-20.73602],[116.68586,-20.73717],[116.68328,-20.74312],[116.68532,-20.74549],[116.68476,-20.75045],[116.68237,-20.75216],[116.68426,-20.74752],[116.68273,-20.74434],[116.67814,-20.74811],[116.68255,-20.74267],[116.68373,-20.73849],[116.68084,-20.73693],[116.67925,-20.73174],[116.67442,-20.73067],[116.67322,-20.72759],[116.66679,-20.73027],[116.66157,-20.72708],[116.65928,-20.72393],[116.64208,-20.72193],[116.64114,-20.72238],[116.64934,-20.72906],[116.65487,-20.72994],[116.65585,-20.73388],[116.66352,-20.73204],[116.66414,-20.7343],[116.66582,-20.73451],[116.66413,-20.73579],[116.66378,-20.74136],[116.66295,-20.73324],[116.65694,-20.73546],[116.65214,-20.73548],[116.65155,-20.73763],[116.65611,-20.73806],[116.65757,-20.74031],[116.64968,-20.74245],[116.64703,-20.74488],[116.6505,-20.74373],[116.65363,-20.74586],[116.65364,-20.74907],[116.65039,-20.74463],[116.64703,-20.74646],[116.64618,-20.74398],[116.6482,-20.74058],[116.65229,-20.74135],[116.65516,-20.73953],[116.65035,-20.73854],[116.64914,-20.7364],[116.65404,-20.73231],[116.64948,-20.73335],[116.64433,-20.72784],[116.6396,-20.72594],[116.63364,-20.73483],[116.63611,-20.73451],[116.63954,-20.73678],[116.63885,-20.74232],[116.63657,-20.74357],[116.64126,-20.74423],[116.63516,-20.74448],[116.63816,-20.74876],[116.6377,-20.75192],[116.63993,-20.75321],[116.6384,-20.75439],[116.6354,-20.74787],[116.62977,-20.75116],[116.63503,-20.74708],[116.6352,-20.74288],[116.63333,-20.74415],[116.62943,-20.74366],[116.63321,-20.74325],[116.63583,-20.73917],[116.63811,-20.73826],[116.63186,-20.73716],[116.62991,-20.73208],[116.63133,-20.72858],[116.63612,-20.72619],[116.63401,-20.71445],[116.63063,-20.71072],[116.62582,-20.71647],[116.62541,-20.72149],[116.62699,-20.72566],[116.62426,-20.73053],[116.62404,-20.73403],[116.62115,-20.73393],[116.6207,-20.73198],[116.62259,-20.73336],[116.62403,-20.73256],[116.62221,-20.72896],[116.61609,-20.7291],[116.61943,-20.72671],[116.62309,-20.71518],[116.61353,-20.72301],[116.6152,-20.71985],[116.61088,-20.72133],[116.60026,-20.73289],[116.59175,-20.7345],[116.59227,-20.7368],[116.59379,-20.73496],[116.59667,-20.73506],[116.5932,-20.73744],[116.59713,-20.74358],[116.6008,-20.74509],[116.60384,-20.7495],[116.60618,-20.74965],[116.60516,-20.75116],[116.60192,-20.7514],[116.60521,-20.75381],[116.60132,-20.75208],[116.60107,-20.75016],[116.60251,-20.74948],[116.60154,-20.74745],[116.59756,-20.74566],[116.59301,-20.7467],[116.5917,-20.75032],[116.5874,-20.75241],[116.5945,-20.74466],[116.59113,-20.74345],[116.59021,-20.74041],[116.58602,-20.74165],[116.58135,-20.74551],[116.58565,-20.74854],[116.5835,-20.74851],[116.58307,-20.75171],[116.58314,-20.74824],[116.57919,-20.74518],[116.57283,-20.74554],[116.57051,-20.74909],[116.57002,-20.74654],[116.56058,-20.7468],[116.56935,-20.7459],[116.57222,-20.74408],[116.57799,-20.74439],[116.58194,-20.74204],[116.57833,-20.74168],[116.55338,-20.74642],[116.55423,-20.74799],[116.55232,-20.74992],[116.55187,-20.755],[116.55148,-20.74958],[116.54979,-20.74835],[116.54715,-20.74926],[116.54753,-20.75163],[116.54426,-20.75332],[116.54632,-20.75028],[116.52592,-20.75285],[116.52341,-20.755],[116.52968,-20.76017],[116.53211,-20.76784],[116.5393,-20.76476],[116.54243,-20.76633],[116.54316,-20.76791],[116.5385,-20.77131],[116.54212,-20.7784],[116.5373,-20.77211],[116.53849,-20.76973],[116.54136,-20.76837],[116.54029,-20.76555],[116.53488,-20.76851],[116.53152,-20.76874],[116.52692,-20.7603],[116.52367,-20.75918],[116.52414,-20.75805],[116.51983,-20.76055],[116.51422,-20.76791],[116.5134,-20.77175],[116.51739,-20.77704],[116.52352,-20.77837],[116.53196,-20.78658],[116.53664,-20.78464],[116.5387,-20.78847],[116.54447,-20.79101],[116.53775,-20.78894],[116.5358,-20.78544],[116.53269,-20.78748],[116.52956,-20.78569],[116.52784,-20.79151],[116.52693,-20.78886],[116.52874,-20.78527],[116.52774,-20.78276],[116.52118,-20.77897],[116.51842,-20.7812],[116.52053,-20.78245],[116.51824,-20.78463],[116.51921,-20.78245],[116.51753,-20.78111],[116.51968,-20.77952],[116.51379,-20.77852],[116.50733,-20.78261],[116.50148,-20.79088],[116.4893,-20.79716],[116.49536,-20.79915],[116.49649,-20.8023],[116.4979,-20.79781],[116.50066,-20.79849],[116.49826,-20.79849],[116.49721,-20.80297],[116.49866,-20.80477],[116.50239,-20.80566],[116.50123,-20.80648],[116.50228,-20.80781],[116.49626,-20.80535],[116.49243,-20.7995],[116.48579,-20.80143],[116.48316,-20.80427],[116.48271,-20.80991],[116.4884,-20.80852],[116.48975,-20.81394],[116.48816,-20.81543],[116.48585,-20.81498],[116.48801,-20.81362],[116.48775,-20.81012],[116.48284,-20.81142],[116.48054,-20.808],[116.4694,-20.81617],[116.46687,-20.81494],[116.46345,-20.82168],[116.46441,-20.8277],[116.46909,-20.82701],[116.4709,-20.82983],[116.47403,-20.83027],[116.47665,-20.82597],[116.48106,-20.82602],[116.47942,-20.82765],[116.47678,-20.82709],[116.47439,-20.83094],[116.46994,-20.83017],[116.46885,-20.82791],[116.46489,-20.82917],[116.46247,-20.82421],[116.45946,-20.82264],[116.44348,-20.8227],[116.44241,-20.82417],[116.44791,-20.8346],[116.45317,-20.84016],[116.45784,-20.83932],[116.4653,-20.84057],[116.46978,-20.84548],[116.47772,-20.85069],[116.47964,-20.84944],[116.48058,-20.84458],[116.48525,-20.84219],[116.49487,-20.85097],[116.48526,-20.84355],[116.48142,-20.84514],[116.48105,-20.84992],[116.47761,-20.85159],[116.47327,-20.84946],[116.46425,-20.84087],[116.45305,-20.84084],[116.4538,-20.84446],[116.45064,-20.83825],[116.43978,-20.82666],[116.43622,-20.82925],[116.43521,-20.82645],[116.42134,-20.82973],[116.41312,-20.82901],[116.40018,-20.83029],[116.40086,-20.82803],[116.39904,-20.82217],[116.39484,-20.82365],[116.39569,-20.82726],[116.39127,-20.83201],[116.38287,-20.83419],[116.36692,-20.84191],[116.36007,-20.84272],[116.3454,-20.83881],[116.34326,-20.84424],[116.33859,-20.84877],[116.33675,-20.85476],[116.32904,-20.86799],[116.32221,-20.87173],[116.30264,-20.8763],[116.29592,-20.88196],[116.29678,-20.88715],[116.29951,-20.88863],[116.29581,-20.88784],[116.29436,-20.8823],[116.2976,-20.87913],[116.29735,-20.8771],[116.29086,-20.87768],[116.29318,-20.88249],[116.28966,-20.87848],[116.28601,-20.88131],[116.2893,-20.87701],[116.28316,-20.87375],[116.28281,-20.8759],[116.28075,-20.87263],[116.27245,-20.86892],[116.26914,-20.86926],[116.27114,-20.87164],[116.27147,-20.87536],[116.26813,-20.86916],[116.26465,-20.87064],[116.26525,-20.87199],[116.26355,-20.87154],[116.26391,-20.86946],[116.2626,-20.86963],[116.26116,-20.87064],[116.26025,-20.87544],[116.25625,-20.87653],[116.25734,-20.87935],[116.25558,-20.88017],[116.2547,-20.87766],[116.25664,-20.87445],[116.25997,-20.87415],[116.25957,-20.86762],[116.25825,-20.86605],[116.25298,-20.86615],[116.24483,-20.87305],[116.24243,-20.87328],[116.2434,-20.87678],[116.24135,-20.87656],[116.23966,-20.87216],[116.24673,-20.86594],[116.24144,-20.86572],[116.25225,-20.86322],[116.25618,-20.85776],[116.2496,-20.86006],[116.23638,-20.86032],[116.22819,-20.8539],[116.22257,-20.84414],[116.21001,-20.83802],[116.20603,-20.83306],[116.2046,-20.83374],[116.19946,-20.84674],[116.20141,-20.85576],[116.20011,-20.86446],[116.19304,-20.87418],[116.19474,-20.88016],[116.19104,-20.88841],[116.19934,-20.892],[116.20702,-20.88959],[116.21001,-20.88442],[116.21409,-20.88181],[116.21403,-20.87984],[116.21494,-20.88271],[116.2105,-20.88543],[116.21014,-20.88848],[116.21316,-20.88792],[116.21818,-20.88372],[116.21494,-20.88739],[116.22143,-20.88473],[116.22408,-20.88574],[116.22675,-20.88344],[116.22516,-20.88642],[116.22179,-20.88586],[116.20451,-20.89256],[116.19768,-20.90104],[116.19319,-20.90017],[116.18975,-20.90128],[116.18808,-20.90636],[116.1917,-20.91437],[116.19026,-20.91629],[116.191,-20.92081],[116.18894,-20.92313],[116.191,-20.92397],[116.19163,-20.933],[116.19044,-20.94045],[116.18625,-20.94531],[116.18506,-20.95164],[116.18917,-20.96145],[116.18811,-20.96788],[116.18043,-20.97659],[116.17683,-20.97761],[116.16901,-20.97526],[116.16454,-20.96872],[116.15584,-20.97562],[116.15351,-20.98138],[116.14835,-20.98658],[116.14031,-20.9919],[116.13767,-20.99617],[116.13781,-20.99924],[116.14436,-21.00406],[116.14821,-21.00327],[116.14496,-21.00688],[116.14615,-21.01271],[116.14135,-21.0053],[116.1357,-21.00022],[116.13288,-21.00531],[116.13137,-21.00372],[116.13294,-20.99909],[116.13046,-20.997],[116.12553,-20.99723],[116.1262,-20.99897],[116.11526,-21.00236],[116.11177,-21.00202],[116.10748,-20.99781],[116.11081,-21.00303],[116.10323,-21.00111],[116.10323,-21.00506],[116.09938,-21.00709],[116.10131,-21.01263],[116.09986,-21.01296],[116.1007,-21.01613],[116.09589,-21.02177],[116.09553,-21.02448],[116.10394,-21.03046],[116.10647,-21.03961],[116.10298,-21.0474],[116.10213,-21.04638],[116.09891,-21.05166],[116.10563,-21.03837],[116.10322,-21.03125],[116.09541,-21.02753],[116.09372,-21.02425],[116.09782,-21.01522],[116.09626,-21.00935],[116.09999,-21.00213],[116.0971,-21.00043],[116.08964,-21.00607],[116.06943,-21.01702],[116.06077,-21.01938],[116.05897,-21.01746],[116.04983,-21.02231],[116.03996,-21.02377],[116.02925,-21.02942],[116.01674,-21.03099],[116.01289,-21.03403],[115.99701,-21.03944],[115.98939,-21.0401],[115.96548,-21.05509],[115.95367,-21.06422],[115.94898,-21.0667],[115.94188,-21.06805],[115.9379,-21.07459],[115.93128,-21.07808],[115.92767,-21.0774],[115.92693,-21.08778],[115.92464,-21.08947],[115.92379,-21.09568],[115.92042,-21.09726],[115.91694,-21.09262],[115.91477,-21.09375],[115.91488,-21.09826],[115.91192,-21.10157],[115.91501,-21.09273],[115.91802,-21.09195],[115.92162,-21.09579],[115.92343,-21.09354],[115.92188,-21.08495],[115.92537,-21.08315],[115.92574,-21.07785],[115.92274,-21.07615],[115.91816,-21.07874],[115.91057,-21.08584],[115.90622,-21.09509],[115.89526,-21.10478],[115.88935,-21.11267],[115.89198,-21.11957],[115.89259,-21.11629],[115.89692,-21.1172],[115.89511,-21.12036],[115.89943,-21.12131],[115.90112,-21.12308],[115.90099,-21.12601],[115.89991,-21.1259],[115.90028,-21.12319],[115.89438,-21.1207],[115.89583,-21.11799],[115.89404,-21.11708],[115.89186,-21.12058],[115.88886,-21.11606],[115.88645,-21.11594],[115.88151,-21.12113],[115.87957,-21.12541],[115.88005,-21.12948],[115.88196,-21.134],[115.88641,-21.13592],[115.88755,-21.1388],[115.88088,-21.13467],[115.87799,-21.13535],[115.86905,-21.1517],[115.86893,-21.15339],[115.87289,-21.15622],[115.87447,-21.15947],[115.87576,-21.15767],[115.87469,-21.16074],[115.87655,-21.16413],[115.87205,-21.15769],[115.87,-21.15735],[115.86289,-21.16411],[115.86348,-21.16749],[115.86107,-21.16692],[115.85902,-21.16861],[115.85842,-21.17234],[115.85587,-21.17336],[115.85456,-21.17606],[115.85141,-21.18531],[115.85609,-21.18938],[115.85849,-21.19401],[115.85703,-21.20101],[115.86113,-21.19752],[115.86223,-21.19255],[115.86535,-21.19335],[115.86246,-21.19402],[115.85943,-21.20305],[115.8604,-21.20418],[115.85763,-21.20372],[115.85474,-21.2001],[115.8539,-21.20123],[115.85525,-21.20335],[115.85221,-21.20292],[115.85113,-21.20009],[115.85583,-21.19796],[115.85644,-21.19491],[115.85404,-21.19209],[115.85031,-21.19185],[115.84657,-21.1958],[115.84569,-21.19952],[115.83994,-21.19872],[115.83354,-21.20559],[115.83376,-21.21462],[115.84073,-21.22197],[115.84228,-21.22683],[115.84488,-21.22788],[115.84132,-21.22762],[115.83892,-21.2222],[115.83097,-21.22523],[115.82636,-21.23786],[115.82926,-21.23979],[115.82742,-21.24246],[115.82756,-21.23978],[115.82515,-21.24147],[115.82212,-21.24914],[115.82068,-21.24688],[115.81935,-21.24744],[115.82151,-21.25151],[115.82453,-21.25287],[115.83669,-21.25324],[115.83959,-21.25087],[115.83779,-21.24861],[115.83719,-21.24545],[115.83985,-21.24387],[115.84056,-21.24726],[115.84141,-21.24503],[115.84225,-21.24839],[115.84044,-21.24873],[115.83864,-21.24511],[115.83791,-21.24748],[115.8444,-21.25291],[115.82525,-21.25468],[115.81188,-21.25149],[115.80887,-21.24889],[115.80862,-21.25363],[115.81607,-21.26448],[115.8192,-21.26584],[115.81667,-21.26561],[115.80621,-21.25329],[115.80466,-21.24583],[115.79599,-21.2448],[115.7919,-21.24648],[115.78755,-21.25155],[115.78935,-21.25438],[115.79573,-21.2562],[115.79038,-21.25583],[115.79752,-21.2606],[115.79906,-21.26632],[115.79774,-21.26896],[115.79906,-21.27032],[115.79725,-21.27155],[115.79615,-21.27719],[115.79607,-21.26207],[115.79415,-21.26082],[115.79221,-21.26443],[115.78787,-21.26566],[115.78556,-21.2739],[115.78133,-21.2801],[115.78072,-21.28246],[115.7824,-21.28518],[115.77928,-21.28854],[115.77854,-21.28686],[115.78096,-21.28405],[115.77964,-21.28212],[115.78545,-21.27074],[115.7833,-21.26272],[115.7838,-21.25673],[115.78043,-21.25379],[115.77429,-21.25502],[115.76743,-21.2541],[115.76693,-21.25839],[115.77017,-21.26178],[115.76931,-21.26833],[115.77088,-21.26923],[115.77498,-21.26597],[115.77702,-21.26767],[115.7745,-21.26699],[115.77087,-21.27059],[115.76715,-21.26674],[115.76498,-21.26911],[115.76173,-21.26808],[115.76545,-21.2734],[115.76398,-21.27994],[115.76651,-21.28051],[115.76735,-21.28322],[115.77035,-21.28459],[115.76782,-21.28435],[115.76579,-21.28119],[115.76326,-21.2805],[115.76303,-21.27644],[115.76448,-21.27396],[115.76232,-21.27181],[115.7617,-21.27666],[115.75905,-21.27815],[115.76122,-21.27519],[115.76063,-21.27203],[115.75544,-21.27699],[115.75398,-21.2798],[115.75458,-21.28297],[115.75262,-21.284],[115.75345,-21.27774],[115.75906,-21.27203],[115.75904,-21.25624],[115.75635,-21.25385],[115.75031,-21.25903],[115.75186,-21.26479],[115.7481,-21.27245],[115.74966,-21.27392],[115.74713,-21.27414],[115.74676,-21.2764],[115.74411,-21.2773],[115.74459,-21.27876],[115.7482,-21.27934],[115.74662,-21.28633],[115.74859,-21.28942],[115.74661,-21.28859],[115.74577,-21.28554],[115.74228,-21.28655],[115.73871,-21.28547],[115.74542,-21.2843],[115.74748,-21.28024],[115.73917,-21.2792],[115.73798,-21.27491],[115.73649,-21.27693],[115.73736,-21.27886],[115.73494,-21.28156],[115.73586,-21.28382],[115.73012,-21.2829],[115.72746,-21.28549],[115.72445,-21.28537],[115.72372,-21.28695],[115.72709,-21.28899],[115.72648,-21.29057],[115.72288,-21.28785],[115.7224,-21.28571],[115.71997,-21.28871],[115.72072,-21.28311],[115.71555,-21.28016],[115.71629,-21.27666],[115.71411,-21.28083],[115.7094,-21.28296],[115.7071,-21.28645],[115.70721,-21.28973],[115.70962,-21.28996],[115.70877,-21.29188],[115.71033,-21.29369],[115.70511,-21.29956],[115.70449,-21.29862],[115.70937,-21.29391],[115.70602,-21.2934],[115.70709,-21.29108],[115.70455,-21.29091],[115.70784,-21.28002],[115.70315,-21.27945],[115.69288,-21.2872],[115.69457,-21.29116],[115.69382,-21.29737],[115.68886,-21.30424],[115.67896,-21.30997],[115.67931,-21.31414],[115.68286,-21.3156],[115.68324,-21.3193],[115.67684,-21.31931],[115.68219,-21.31776],[115.6769,-21.31459],[115.6681,-21.31558],[115.66425,-21.31376],[115.66147,-21.31556],[115.65256,-21.31564],[115.65013,-21.31902],[115.65035,-21.32557],[115.64793,-21.32974],[115.6484,-21.33166],[115.65875,-21.33587],[115.66238,-21.33091],[115.66636,-21.32963],[115.66455,-21.33137],[115.66684,-21.33149],[115.66828,-21.33375],[115.66611,-21.33228],[115.66394,-21.33464],[115.66322,-21.33238],[115.66104,-21.33565],[115.65827,-21.33654],[115.64948,-21.33448],[115.64971,-21.33663],[115.65115,-21.33821],[115.66235,-21.34107],[115.66222,-21.3422],[115.65091,-21.33923],[115.64874,-21.33742],[115.64945,-21.34069],[115.6557,-21.3472],[115.65293,-21.34635],[115.64777,-21.3408],[115.64635,-21.33391],[115.64394,-21.33232],[115.64249,-21.33345],[115.64479,-21.32939],[115.64432,-21.32736],[115.64034,-21.32712],[115.61809,-21.34567],[115.62206,-21.3476],[115.62469,-21.35303],[115.62746,-21.35473],[115.63241,-21.35114],[115.63243,-21.34865],[115.63546,-21.34505],[115.63743,-21.34554],[115.63388,-21.34866],[115.63833,-21.35127],[115.63832,-21.35281],[115.63556,-21.35058],[115.63253,-21.35249],[115.62902,-21.35632],[115.62796,-21.36317],[115.62671,-21.36218],[115.62721,-21.358],[115.62468,-21.35585],[115.62275,-21.35754],[115.62108,-21.35166],[115.61783,-21.35098],[115.6118,-21.3531],[115.60877,-21.35625],[115.61597,-21.36576],[115.6192,-21.36684],[115.6145,-21.37173],[115.61797,-21.37733],[115.61557,-21.37603],[115.61496,-21.37693],[115.61425,-21.37422],[115.61268,-21.3741],[115.61451,-21.36835],[115.61128,-21.36314],[115.60972,-21.36167],[115.60502,-21.36109],[115.58879,-21.37988],[115.58818,-21.3818],[115.59083,-21.38294],[115.59358,-21.38859],[115.59574,-21.3895],[115.59901,-21.3876],[115.59951,-21.38353],[115.60217,-21.37937],[115.60362,-21.37982],[115.60205,-21.3805],[115.6024,-21.38219],[115.60904,-21.38203],[115.60215,-21.38433],[115.59839,-21.39064],[115.59993,-21.39152],[115.59308,-21.39164],[115.59367,-21.39706],[115.59882,-21.4034],[115.59954,-21.40656],[115.59676,-21.40824],[115.59747,-21.41084],[115.59418,-21.41244],[115.59762,-21.4043],[115.59538,-21.40457],[115.59714,-21.40283],[115.5927,-21.39785],[115.58665,-21.40189],[115.58579,-21.40617],[115.58497,-21.40075],[115.58291,-21.40244],[115.58087,-21.40187],[115.5816,-21.39927],[115.58244,-21.40142],[115.59101,-21.39739],[115.58873,-21.39625],[115.589,-21.38688],[115.58359,-21.38483],[115.57815,-21.38718],[115.55092,-21.41305],[115.54898,-21.41676],[115.55076,-21.42286],[115.55244,-21.42366],[115.55487,-21.41949],[115.55753,-21.41815],[115.55243,-21.42716],[115.56217,-21.43589],[115.56421,-21.4368],[115.56651,-21.43545],[115.57271,-21.42753],[115.57135,-21.43129],[115.56336,-21.43894],[115.5677,-21.44031],[115.56876,-21.44551],[115.57226,-21.44552],[115.57164,-21.44879],[115.57003,-21.4491],[115.57081,-21.44642],[115.56791,-21.44618],[115.56649,-21.44064],[115.56107,-21.43882],[115.56249,-21.44447],[115.56477,-21.4473],[115.56546,-21.45724],[115.56333,-21.44707],[115.55866,-21.43768],[115.55469,-21.43541],[115.54927,-21.43471],[115.54396,-21.43582],[115.54093,-21.43965],[115.53707,-21.44065],[115.53488,-21.44346],[115.53501,-21.44132],[115.5407,-21.4375],[115.53769,-21.43534],[115.53335,-21.43578],[115.51859,-21.44656],[115.51434,-21.45263],[115.52048,-21.4548],[115.51805,-21.45841],[115.51816,-21.46145],[115.5143,-21.46144],[115.51636,-21.46021],[115.51552,-21.45794],[115.51818,-21.45626],[115.51698,-21.45468],[115.51457,-21.45467],[115.50973,-21.45792],[115.50596,-21.46524],[115.50628,-21.47439],[115.51184,-21.47136],[115.51643,-21.47149],[115.51704,-21.46822],[115.52226,-21.46068],[115.52637,-21.45945],[115.52068,-21.46519],[115.51703,-21.47228],[115.51159,-21.47305],[115.50844,-21.47598],[115.51302,-21.47746],[115.5153,-21.48119],[115.51735,-21.48041],[115.5158,-21.47736],[115.51871,-21.4741],[115.51859,-21.47229],[115.52259,-21.46937],[115.52512,-21.46949],[115.52623,-21.4634],[115.52828,-21.46477],[115.52535,-21.47141],[115.52076,-21.47241],[115.51979,-21.47512],[115.51676,-21.47669],[115.52013,-21.48009],[115.51649,-21.48346],[115.51109,-21.47813],[115.50663,-21.47732],[115.50576,-21.4833],[115.50541,-21.4807],[115.50008,-21.4804],[115.4966,-21.48279],[115.49784,-21.48708],[115.49504,-21.48461],[115.49276,-21.48575],[115.49257,-21.49242],[115.49595,-21.4924],[115.49725,-21.48889],[115.49954,-21.48944],[115.50135,-21.49361],[115.50897,-21.49336],[115.50558,-21.49538],[115.50006,-21.49418],[115.49992,-21.49102],[115.49762,-21.49001],[115.49644,-21.49341],[115.49366,-21.49309],[115.49114,-21.49548],[115.49152,-21.49785],[115.49517,-21.50144],[115.49808,-21.50311],[115.50135,-21.49812],[115.50664,-21.50136],[115.50386,-21.50237],[115.50059,-21.49971],[115.49942,-21.50469],[115.51223,-21.50822],[115.51869,-21.50785],[115.52032,-21.50916],[115.51457,-21.51043],[115.51422,-21.52072],[115.51088,-21.52483],[115.51004,-21.52387],[115.51333,-21.51874],[115.51294,-21.51184],[115.51071,-21.50951],[115.49994,-21.50886],[115.49901,-21.51395],[115.49374,-21.51896],[115.49208,-21.52315],[115.49325,-21.53432],[115.49459,-21.53522],[115.49964,-21.53304],[115.50162,-21.53628],[115.50407,-21.53612],[115.50731,-21.53839],[115.50769,-21.53545],[115.50827,-21.53952],[115.50052,-21.53755],[115.49953,-21.53383],[115.49388,-21.53714],[115.49439,-21.54064],[115.49283,-21.54167],[115.49244,-21.54579],[115.49147,-21.53738],[115.48093,-21.53327],[115.47729,-21.53002],[115.47429,-21.53275],[115.47601,-21.53613],[115.47559,-21.54717],[115.47176,-21.53288],[115.47318,-21.53005],[115.47607,-21.52879],[115.47618,-21.52709],[115.46776,-21.51472],[115.46651,-21.52557],[115.4604,-21.53171],[115.4609,-21.53397],[115.46503,-21.53767],[115.46605,-21.5441],[115.46388,-21.54721],[115.46288,-21.53971],[115.45898,-21.53466],[115.45907,-21.53104],[115.45,-21.52816],[115.44833,-21.53156],[115.44508,-21.53282],[115.45065,-21.53493],[115.45636,-21.53976],[115.45772,-21.54438],[115.4557,-21.54846],[115.4546,-21.54666],[115.4564,-21.54563],[115.45651,-21.54359],[115.45527,-21.53988],[115.44351,-21.53283],[115.4489,-21.5267],[115.45167,-21.52634],[115.45676,-21.52891],[115.45868,-21.52754],[115.46175,-21.51894],[115.46138,-21.51657],[115.45944,-21.51602],[115.45874,-21.51884],[115.45621,-21.51965],[115.45777,-21.51851],[115.46,-21.51082],[115.45914,-21.50868],[115.45733,-21.50846],[115.45011,-21.51122],[115.44645,-21.52163],[115.43818,-21.52959],[115.43957,-21.53817],[115.44232,-21.53533],[115.44522,-21.53508],[115.44886,-21.53777],[115.44654,-21.54377],[115.44516,-21.54367],[115.44514,-21.54107],[115.4432,-21.54242],[115.44189,-21.54154],[115.44356,-21.53916],[115.44808,-21.53854],[115.44378,-21.53588],[115.44173,-21.53874],[115.43533,-21.542],[115.43789,-21.53976],[115.43661,-21.53017],[115.43457,-21.53153],[115.43435,-21.53447],[115.43098,-21.53574],[115.43043,-21.54253],[115.42815,-21.54536],[115.43014,-21.53563],[115.42916,-21.53473],[115.43302,-21.53346],[115.43335,-21.52917],[115.42199,-21.52834],[115.41859,-21.52497],[115.41292,-21.52478],[115.40811,-21.52786],[115.41635,-21.53255],[115.40473,-21.52822],[115.39381,-21.53699],[115.38888,-21.53905],[115.39296,-21.5362],[115.38994,-21.53611],[115.38345,-21.54021],[115.38118,-21.54328],[115.38145,-21.54666],[115.38471,-21.54721],[115.38477,-21.54502],[115.38753,-21.54431],[115.38919,-21.54181],[115.39374,-21.54192],[115.39603,-21.53901],[115.39851,-21.53909],[115.4044,-21.53509],[115.40741,-21.53394],[115.41417,-21.53468],[115.41202,-21.5381],[115.41697,-21.53818],[115.41831,-21.53987],[115.41615,-21.54192],[115.41001,-21.54423],[115.40663,-21.5438],[115.40483,-21.54607],[115.40146,-21.547],[115.40074,-21.54803],[115.40364,-21.54925],[115.40329,-21.55302],[115.39791,-21.55357],[115.39913,-21.55605],[115.39574,-21.55324],[115.38958,-21.55373],[115.38545,-21.5489],[115.3817,-21.54813],[115.37641,-21.55098],[115.37148,-21.55725],[115.3704,-21.55576],[115.36152,-21.56259],[115.36018,-21.5617],[115.35417,-21.56534],[115.34958,-21.56503],[115.34356,-21.56733],[115.33997,-21.57243],[115.33118,-21.57598],[115.32819,-21.57893],[115.32917,-21.5813],[115.32762,-21.58526],[115.33236,-21.58998],[115.33469,-21.59505],[115.33904,-21.59468],[115.34164,-21.59598],[115.33385,-21.59607],[115.33104,-21.59044],[115.32666,-21.58617],[115.32723,-21.58029],[115.30955,-21.59044],[115.29822,-21.59412],[115.29086,-21.59551],[115.2771,-21.59502],[115.26223,-21.59307],[115.25208,-21.59075],[115.24856,-21.58817],[115.24469,-21.58819],[115.24596,-21.59588],[115.24229,-21.58978],[115.24312,-21.58706],[115.24673,-21.58467],[115.25216,-21.58499],[115.24233,-21.57679],[115.23444,-21.58914],[115.22999,-21.59255],[115.23443,-21.59621],[115.22855,-21.59425],[115.22566,-21.59528],[115.21979,-21.60254],[115.21946,-21.60864],[115.22129,-21.61281],[115.21936,-21.61304],[115.21987,-21.6162],[115.21637,-21.61746],[115.21851,-21.61215],[115.21717,-21.60978],[115.21647,-21.61166],[115.2162,-21.60866],[115.21835,-21.60435],[115.21121,-21.60202],[115.21106,-21.59773],[115.20406,-21.59799],[115.18688,-21.61241],[115.18822,-21.61557],[115.19415,-21.61723],[115.20348,-21.62329],[115.20686,-21.62293],[115.20929,-21.6245],[115.21015,-21.62788],[115.20772,-21.62473],[115.20446,-21.62498],[115.20604,-21.62734],[115.20546,-21.63096],[115.20374,-21.62611],[115.1938,-21.62028],[115.19494,-21.6283],[115.19288,-21.62684],[115.19018,-21.62019],[115.18678,-21.61749],[115.18603,-21.6123],[115.18167,-21.61052],[115.17854,-21.61132],[115.16987,-21.61667],[115.16159,-21.62506],[115.16401,-21.62731],[115.16751,-21.62617],[115.1703,-21.62807],[115.17057,-21.6336],[115.1766,-21.6366],[115.17542,-21.6372],[115.16997,-21.63462],[115.16848,-21.62752],[115.1639,-21.62821],[115.16063,-21.6262],[115.15331,-21.63549],[115.14718,-21.6406],[115.14163,-21.64266],[115.13523,-21.64269],[115.13222,-21.64484],[115.13311,-21.65263],[115.13892,-21.65498],[115.14241,-21.65776],[115.1422,-21.65903],[115.13773,-21.65736],[115.1352,-21.6603],[115.13687,-21.65623],[115.13349,-21.65512],[115.1317,-21.65983],[115.13032,-21.64202],[115.12025,-21.64196],[115.10882,-21.63155],[115.09916,-21.63864],[115.08096,-21.65839],[115.05713,-21.67587],[115.05521,-21.6796],[115.05597,-21.68604],[115.05472,-21.67757],[115.05256,-21.6804],[115.04894,-21.682],[115.04205,-21.68101],[115.03071,-21.68512],[115.04375,-21.68247],[115.03712,-21.68487],[115.04041,-21.6922],[115.03765,-21.69097],[115.03558,-21.69357],[115.03714,-21.68823],[115.03464,-21.68615],[115.02976,-21.68851],[115.02951,-21.6867],[115.02807,-21.6875],[115.02507,-21.69191],[115.02786,-21.69487],[115.0241,-21.69237],[115.02614,-21.68818],[115.02167,-21.68922],[115.01673,-21.69285],[115.0219,-21.68707],[115.02878,-21.68603],[115.02902,-21.68467],[115.0225,-21.68616],[115.01791,-21.68437],[115.01332,-21.68597],[114.99083,-21.68063],[114.98779,-21.67692],[114.98671,-21.67816],[114.98829,-21.67996],[114.98587,-21.67839],[114.98406,-21.67953],[114.98405,-21.67761],[114.98029,-21.67389],[114.9751,-21.67346],[114.97473,-21.67154],[114.97268,-21.67234],[114.97268,-21.67392],[114.96798,-21.6754],[114.96895,-21.678],[114.97383,-21.68178],[114.96629,-21.67722],[114.95871,-21.68368],[114.95944,-21.68616],[114.96089,-21.68627],[114.96306,-21.68378],[114.96439,-21.68366],[114.96549,-21.68828],[114.97105,-21.68781],[114.97033,-21.6894],[114.96441,-21.68897],[114.96463,-21.68501],[114.96306,-21.68457],[114.96066,-21.68796],[114.963,-21.6926],[114.95836,-21.68616],[114.95233,-21.69002],[114.94521,-21.69038],[114.95269,-21.68889],[114.95714,-21.68413],[114.95821,-21.68063],[114.97231,-21.67076],[114.98209,-21.67152],[114.98839,-21.67398],[114.9839,-21.67072],[114.97315,-21.66963],[114.96832,-21.67122],[114.94676,-21.68631],[114.93615,-21.69075],[114.92963,-21.69179],[114.91621,-21.69081],[114.91427,-21.68833],[114.90983,-21.69456],[114.90791,-21.70044],[114.90346,-21.7053],[114.89767,-21.70803],[114.89093,-21.71426],[114.87549,-21.72074],[114.86549,-21.73093],[114.85897,-21.73264],[114.86092,-21.73803],[114.85825,-21.73411],[114.85717,-21.73445],[114.8532,-21.74169],[114.84211,-21.75109],[114.83198,-21.75518],[114.82485,-21.75576],[114.79205,-21.78169],[114.77841,-21.79053],[114.76948,-21.79507],[114.76018,-21.79644],[114.75401,-21.79577],[114.7377,-21.801],[114.72948,-21.80102],[114.7209,-21.79877],[114.7098,-21.80794],[114.69881,-21.81371],[114.69182,-21.82355],[114.68337,-21.82898],[114.68385,-21.83124],[114.68772,-21.82988],[114.69184,-21.83247],[114.6934,-21.8308],[114.6928,-21.83314],[114.69644,-21.8372],[114.69766,-21.84307],[114.69381,-21.85109],[114.6879,-21.85754],[114.68536,-21.85788],[114.68694,-21.86465],[114.68526,-21.86781],[114.68405,-21.8677],[114.68561,-21.86533],[114.68403,-21.86048],[114.68463,-21.85732],[114.69114,-21.8485],[114.69318,-21.83935],[114.69197,-21.83687],[114.68615,-21.83293],[114.68349,-21.83304],[114.68059,-21.82989],[114.6755,-21.82764],[114.65703,-21.84053],[114.64809,-21.8445],[114.64362,-21.84891],[114.64474,-21.86539],[114.64175,-21.88684],[114.64252,-21.90931],[114.6447,-21.91246],[114.6458,-21.91845],[114.64761,-21.91991],[114.65584,-21.91697],[114.66431,-21.91052],[114.65717,-21.92046],[114.65165,-21.9225],[114.64568,-21.92161],[114.63938,-21.91733],[114.62851,-21.92683],[114.62151,-21.93587],[114.61873,-21.94265],[114.61934,-21.94477],[114.62261,-21.94185],[114.62478,-21.94264],[114.62563,-21.94162],[114.62769,-21.94343],[114.6289,-21.94196],[114.62999,-21.94388],[114.63714,-21.94457],[114.63182,-21.94584],[114.62345,-21.94354],[114.61668,-21.9457],[114.61523,-21.94762],[114.61415,-21.95473],[114.61573,-21.95947],[114.62439,-21.96469],[114.62616,-21.97357],[114.62549,-21.97593],[114.62446,-21.96849],[114.62107,-21.96409],[114.61332,-21.96117],[114.6126,-21.96433],[114.61576,-21.97618],[114.61142,-21.986],[114.60657,-21.98443],[114.60488,-21.98748],[114.60706,-21.99041],[114.60513,-21.99211],[114.60812,-21.99869],[114.60546,-22.0038],[114.60592,-22.00685],[114.60437,-22.00323],[114.60698,-21.99823],[114.60441,-21.99425],[114.60204,-21.9946],[114.60295,-21.99143],[114.60137,-21.98771],[114.5975,-21.98974],[114.59509,-21.99415],[114.59194,-21.99539],[114.58961,-22.00098],[114.58658,-22.0038],[114.58683,-22.00956],[114.58501,-22.01362],[114.58828,-22.01486],[114.58939,-22.01947],[114.58417,-22.01328],[114.5861,-22.0082],[114.5844,-22.00538],[114.58504,-21.99687],[114.58335,-21.99653],[114.57847,-22.00042],[114.57061,-22.00177],[114.57581,-22.01385],[114.57545,-22.01577],[114.57097,-22.01769],[114.57281,-22.02215],[114.56892,-22.01995],[114.5642,-22.02683],[114.56601,-22.03089],[114.57278,-22.03727],[114.57437,-22.04365],[114.57134,-22.03767],[114.56432,-22.03123],[114.56238,-22.02503],[114.56178,-22.02932],[114.5602,-22.02717],[114.56093,-22.02187],[114.55899,-22.02029],[114.55415,-22.02525],[114.55185,-22.04444],[114.54992,-22.04591],[114.54943,-22.05121],[114.54786,-22.05212],[114.55065,-22.05798],[114.54786,-22.06205],[114.55161,-22.06645],[114.54253,-22.06081],[114.5412,-22.06239],[114.54532,-22.06487],[114.54023,-22.06351],[114.53563,-22.066],[114.52328,-22.06261],[114.51735,-22.06645],[114.52013,-22.07344],[114.52025,-22.0827],[114.5234,-22.07931],[114.52788,-22.08078],[114.52837,-22.08259],[114.53575,-22.07875],[114.53236,-22.08372],[114.53006,-22.0836],[114.5274,-22.0862],[114.52679,-22.0897],[114.52316,-22.09342],[114.52582,-22.10031],[114.5314,-22.09533],[114.528,-22.09907],[114.52776,-22.10178],[114.5251,-22.1046],[114.52195,-22.1029],[114.5188,-22.10403],[114.51807,-22.10584],[114.51783,-22.11137],[114.52316,-22.1239],[114.52849,-22.12977],[114.52634,-22.14156],[114.5257,-22.12988],[114.5194,-22.12322],[114.51662,-22.12356],[114.51613,-22.12796],[114.51553,-22.12378],[114.50814,-22.12243],[114.50487,-22.12355],[114.50135,-22.12987],[114.50171,-22.13552],[114.50656,-22.14917],[114.51491,-22.15663],[114.51394,-22.15753],[114.5114,-22.15403],[114.50692,-22.1529],[114.50583,-22.1582],[114.50389,-22.15166],[114.50086,-22.1503],[114.50365,-22.16102],[114.50667,-22.16407],[114.50449,-22.16802],[114.50885,-22.17423],[114.50498,-22.17062],[114.5034,-22.17254],[114.508,-22.18349],[114.5057,-22.18337],[114.50606,-22.17965],[114.50219,-22.17412],[114.49953,-22.16294],[114.49354,-22.16252],[114.4907,-22.17104],[114.49141,-22.16249],[114.48947,-22.15763],[114.48426,-22.15729],[114.47712,-22.15424],[114.47397,-22.15492],[114.47251,-22.15819],[114.46754,-22.15819],[114.46391,-22.15615],[114.45567,-22.15953],[114.45361,-22.16608],[114.46632,-22.17139],[114.47044,-22.17704],[114.47504,-22.18031],[114.47456,-22.18178],[114.48183,-22.18821],[114.48728,-22.18946],[114.49019,-22.18596],[114.49043,-22.18844],[114.48776,-22.19014],[114.48364,-22.19002],[114.47298,-22.18607],[114.47165,-22.18719],[114.47177,-22.19035],[114.47807,-22.19261],[114.48723,-22.20019],[114.48872,-22.20842],[114.49297,-22.21102],[114.49672,-22.22005],[114.50047,-22.22048],[114.49599,-22.22118],[114.49575,-22.21869],[114.49175,-22.21542],[114.4895,-22.21595],[114.489,-22.2191],[114.48472,-22.21068],[114.47843,-22.2048],[114.46643,-22.20423],[114.46521,-22.20762],[114.46836,-22.21147],[114.46582,-22.20931],[114.46473,-22.21123],[114.46933,-22.21793],[114.4554,-22.20693],[114.45321,-22.20795],[114.452,-22.21246],[114.45623,-22.22499],[114.4549,-22.22465],[114.45321,-22.21878],[114.45175,-22.21889],[114.44969,-22.22645],[114.45223,-22.23503],[114.46059,-22.24023],[114.46774,-22.24701],[114.4738,-22.24791],[114.48188,-22.25148],[114.47767,-22.25198],[114.47343,-22.24927],[114.46507,-22.24791],[114.45598,-22.24892],[114.45331,-22.24813],[114.4481,-22.24225],[114.44398,-22.24203],[114.44289,-22.24597],[114.4487,-22.25354],[114.45233,-22.25625],[114.46179,-22.25795],[114.46664,-22.26032],[114.46603,-22.26168],[114.47258,-22.26439],[114.46627,-22.26315],[114.46179,-22.25998],[114.45039,-22.25964],[114.44978,-22.26212],[114.45208,-22.26562],[114.45924,-22.26924],[114.46094,-22.27188],[114.4579,-22.27002],[114.4545,-22.27284],[114.44251,-22.26516],[114.43984,-22.26493],[114.43753,-22.26719],[114.43754,-22.26538],[114.43487,-22.26651],[114.43389,-22.27068],[114.43013,-22.27339],[114.42977,-22.27542],[114.43401,-22.28061],[114.43315,-22.28502],[114.43727,-22.28931],[114.44734,-22.29281],[114.4534,-22.29135],[114.4614,-22.2926],[114.45655,-22.29327],[114.44903,-22.30004],[114.45145,-22.30275],[114.44975,-22.30275],[114.45096,-22.30602],[114.45399,-22.30647],[114.45605,-22.3093],[114.45536,-22.31148],[114.45424,-22.30783],[114.45072,-22.30681],[114.45156,-22.31607],[114.45799,-22.32104],[114.46138,-22.3277],[114.46089,-22.32928],[114.45423,-22.32058],[114.44914,-22.31708],[114.44696,-22.30421],[114.43363,-22.29495],[114.43096,-22.29743],[114.43969,-22.30398],[114.42526,-22.29968],[114.42307,-22.30058],[114.41652,-22.31051],[114.41821,-22.31389],[114.42645,-22.31977],[114.41991,-22.31604],[114.41469,-22.31615],[114.41153,-22.31987],[114.40873,-22.33115],[114.40984,-22.33279],[114.41564,-22.3324],[114.41249,-22.33477],[114.41309,-22.33826],[114.42315,-22.34595],[114.43213,-22.3463],[114.44329,-22.34292],[114.43419,-22.34878],[114.43176,-22.349],[114.43091,-22.35171],[114.43249,-22.35397],[114.44037,-22.35691],[114.44085,-22.35838],[114.44801,-22.35737],[114.45165,-22.36256],[114.44801,-22.35838],[114.43915,-22.35917],[114.43661,-22.35713],[114.43576,-22.35837],[114.43721,-22.36018],[114.4457,-22.36369],[114.43988,-22.36289],[114.44084,-22.36752],[114.43709,-22.36176],[114.42303,-22.35148],[114.41005,-22.35],[114.40701,-22.3509],[114.40604,-22.35665],[114.40882,-22.36207],[114.41137,-22.36388],[114.41703,-22.36351],[114.41076,-22.36501],[114.40821,-22.36376],[114.40446,-22.35857],[114.4013,-22.35958],[114.39692,-22.37165],[114.39642,-22.38294],[114.3986,-22.38655],[114.40552,-22.38656],[114.41934,-22.39538],[114.42238,-22.3938],[114.42334,-22.39572],[114.41861,-22.39662],[114.41449,-22.39526],[114.41655,-22.3991],[114.40636,-22.39175],[114.39338,-22.39095],[114.39482,-22.40167],[114.4021,-22.40303],[114.40113,-22.40461],[114.39736,-22.40483],[114.39203,-22.40178],[114.39045,-22.40257],[114.38983,-22.41204],[114.39237,-22.42153],[114.4025,-22.42642],[114.40256,-22.4282],[114.40789,-22.42922],[114.40316,-22.43023],[114.39855,-22.42684],[114.39236,-22.42661],[114.39127,-22.42796],[114.38605,-22.4266],[114.38483,-22.42931],[114.38628,-22.43405],[114.39113,-22.4371],[114.39648,-22.43688],[114.40531,-22.43893],[114.39975,-22.44072],[114.39174,-22.43902],[114.39299,-22.44624],[114.38822,-22.43901],[114.38215,-22.43856],[114.38032,-22.44126],[114.38141,-22.44566],[114.38578,-22.45007],[114.38517,-22.45221],[114.38832,-22.45267],[114.39184,-22.45696],[114.39001,-22.46102],[114.40033,-22.46329],[114.40384,-22.46939],[114.39596,-22.46396],[114.38709,-22.46339],[114.38357,-22.46474],[114.38173,-22.47636],[114.37712,-22.47613],[114.3827,-22.482],[114.38731,-22.48246],[114.38403,-22.48325],[114.38609,-22.4846],[114.38318,-22.4846],[114.37469,-22.47928],[114.37262,-22.48301],[114.37382,-22.48809],[114.37746,-22.49001],[114.38378,-22.49077],[114.37868,-22.49216],[114.37261,-22.48978],[114.36908,-22.49101],[114.36459,-22.49033],[114.37709,-22.49813],[114.3692,-22.49541],[114.37029,-22.49846],[114.36786,-22.50015],[114.36726,-22.49553],[114.36277,-22.49281],[114.36191,-22.49642],[114.35985,-22.49585],[114.36129,-22.50285],[114.35984,-22.5015],[114.35875,-22.50388],[114.35936,-22.49845],[114.35766,-22.49427],[114.35633,-22.49472],[114.35486,-22.50059],[114.34808,-22.49166],[114.34504,-22.49019],[114.34029,-22.49785],[114.34186,-22.50474],[114.34586,-22.50983],[114.34259,-22.50689],[114.34052,-22.5079],[114.34033,-22.51629],[114.33906,-22.50948],[114.34016,-22.5035],[114.33714,-22.49695],[114.33897,-22.4921],[114.3335,-22.49435],[114.33205,-22.48757],[114.32963,-22.48757],[114.32719,-22.48971],[114.32405,-22.47955],[114.32088,-22.48733],[114.32518,-22.49795],[114.32329,-22.50189],[114.32364,-22.50539],[114.3228,-22.50369],[114.32439,-22.49704],[114.31882,-22.48879],[114.31872,-22.47773],[114.32251,-22.46296],[114.32215,-22.45844],[114.31828,-22.44963],[114.31745,-22.4406],[114.30908,-22.43495],[114.29002,-22.43683],[114.28238,-22.43377],[114.27279,-22.43544],[114.26198,-22.44061],[114.25285,-22.45188],[114.24118,-22.45919],[114.23377,-22.45951],[114.22564,-22.45735],[114.22356,-22.46333],[114.22513,-22.46694],[114.23059,-22.47011],[114.2307,-22.47327],[114.22621,-22.47168],[114.21622,-22.48599],[114.21862,-22.49718],[114.20182,-22.51316],[114.18881,-22.5208],[114.17325,-22.52437],[114.16074,-22.52377],[114.16181,-22.53404],[114.1589,-22.53087],[114.15988,-22.52749],[114.15698,-22.52354],[114.15442,-22.52804],[114.15443,-22.52364],[114.15213,-22.52172],[114.15105,-22.51709],[114.14958,-22.52013],[114.14569,-22.52271],[114.14372,-22.53004],[114.14646,-22.53601],[114.14382,-22.53805],[114.14504,-22.53603],[114.14299,-22.53252],[114.14325,-22.52654],[114.14497,-22.52091],[114.14886,-22.51855],[114.14609,-22.51211],[114.1434,-22.51628],[114.14392,-22.50669],[114.13967,-22.50521],[114.13551,-22.50056],[114.13299,-22.50711],[114.12522,-22.51164],[114.13275,-22.50575],[114.13471,-22.4991],[114.1386,-22.49753],[114.13062,-22.48927],[114.12881,-22.48373],[114.12181,-22.47265],[114.1226,-22.45381],[114.12834,-22.44164],[114.12303,-22.43204],[114.12211,-22.41579],[114.12516,-22.40993],[114.1282,-22.40779],[114.14094,-22.40918],[114.14705,-22.39679],[114.1389,-22.40196],[114.13538,-22.40172],[114.13321,-22.39957],[114.12993,-22.3999],[114.13491,-22.39721],[114.13757,-22.39936],[114.14013,-22.39801],[114.1405,-22.39598],[114.13553,-22.39315],[114.13917,-22.39237],[114.1405,-22.39429],[114.14585,-22.39024],[114.15242,-22.37669],[114.15963,-22.36692],[114.16959,-22.36187],[114.17823,-22.35343],[114.17907,-22.34743],[114.18238,-22.34351],[114.17659,-22.33108],[114.1742,-22.31618],[114.17848,-22.30536],[114.17751,-22.30321],[114.16296,-22.30295],[114.15473,-22.30079],[114.14951,-22.30145],[114.14404,-22.30516],[114.14464,-22.309],[114.14293,-22.31204],[114.13564,-22.31631],[114.13272,-22.3198],[114.12811,-22.3208],[114.1247,-22.3244],[114.12483,-22.32181],[114.12205,-22.31943],[114.11972,-22.32698],[114.12081,-22.328],[114.11766,-22.32731],[114.11583,-22.33114],[114.11415,-22.32505],[114.11709,-22.3149],[114.12123,-22.31187],[114.12643,-22.31391],[114.12671,-22.30477],[114.12902,-22.3023],[114.12515,-22.29935],[114.12527,-22.29732],[114.12709,-22.29767],[114.1271,-22.29394],[114.12375,-22.27926],[114.12632,-22.27182],[114.13228,-22.26597],[114.13302,-22.26157],[114.1161,-22.24393],[114.1131,-22.23546],[114.11529,-22.23208],[114.11337,-22.22508],[114.092,-22.20335],[114.08477,-22.19126],[114.08205,-22.16947],[114.08304,-22.16395],[114.08028,-22.15412],[114.08419,-22.14533],[114.08935,-22.11917],[114.09409,-22.11174],[114.09803,-22.09042],[114.10133,-22.08174],[114.10196,-22.07396],[114.10848,-22.06597],[114.11498,-22.04872],[114.116,-22.03101],[114.11931,-22.0192],[114.12258,-22.01624],[114.12444,-22.00102],[114.12833,-21.99052],[114.12834,-21.98533],[114.13052,-21.98127],[114.13199,-21.97202],[114.13539,-21.96717],[114.13806,-21.95848],[114.14239,-21.95713],[114.13841,-21.95601],[114.14102,-21.95478],[114.14398,-21.95808],[114.1426,-21.95511],[114.13884,-21.95276],[114.14076,-21.94303],[114.13874,-21.9252],[114.14947,-21.87612],[114.14888,-21.86664],[114.15106,-21.8627],[114.15481,-21.85999],[114.15676,-21.85368],[114.16499,-21.84557],[114.1765,-21.82662],[114.18195,-21.8211],[114.18945,-21.81716],[114.19102,-21.81457],[114.17594,-21.80281],[114.16967,-21.78903],[114.16521,-21.78575],[114.16122,-21.7862],[114.13715,-21.80308],[114.13158,-21.80556],[114.11901,-21.80711],[114.10803,-21.80326],[114.08723,-21.81179],[114.07767,-21.81685],[114.07209,-21.82756],[114.05697,-21.83215],[114.03808,-21.847],[114.03457,-21.84666],[114.02393,-21.85114],[114.01435,-21.8632],[113.99509,-21.87545],[113.99471,-21.88379],[113.99203,-21.89011],[113.98633,-21.89539],[113.98547,-21.90058],[113.98195,-21.90486],[113.97964,-21.91106],[113.96957,-21.92017],[113.96396,-21.93799],[113.95912,-21.94012],[113.94796,-21.95069],[113.94529,-21.95463],[113.94381,-21.96264],[113.9409,-21.96466],[113.94197,-21.97019],[113.93688,-21.973],[113.93471,-21.97209],[113.93361,-21.97321],[113.9319,-21.97975],[113.93466,-21.9863],[113.93326,-21.99887],[113.92824,-22.00541],[113.9268,-22.00413],[113.9249,-22.00697],[113.92072,-22.02381],[113.91871,-22.0244],[113.9178,-22.02926],[113.91208,-22.03609],[113.90735,-22.05441],[113.89379,-22.08332],[113.89044,-22.09644],[113.88623,-22.09829],[113.88693,-22.10572],[113.88207,-22.12393],[113.8669,-22.15105],[113.86649,-22.15703],[113.85814,-22.17697],[113.85575,-22.18963],[113.85691,-22.19377],[113.85495,-22.19381],[113.84713,-22.21735],[113.84698,-22.2248],[113.84305,-22.23059],[113.83955,-22.23175],[113.84091,-22.23445],[113.83579,-22.24172],[113.83179,-22.2614],[113.83355,-22.26612],[113.83292,-22.27458],[113.828,-22.28851],[113.82358,-22.29374],[113.82082,-22.30584],[113.81621,-22.3157],[113.80478,-22.33285],[113.80328,-22.33952],[113.79568,-22.35302],[113.78971,-22.36052],[113.78177,-22.36635],[113.78032,-22.37675],[113.77324,-22.38358],[113.76548,-22.38434],[113.76504,-22.38739],[113.76215,-22.38922],[113.75706,-22.40055],[113.74939,-22.40841],[113.74857,-22.41124],[113.75105,-22.41573],[113.74691,-22.44509],[113.73775,-22.47102],[113.72299,-22.4962],[113.71851,-22.49771],[113.71181,-22.49564],[113.70793,-22.49669],[113.71647,-22.51025],[113.71377,-22.51795],[113.7073,-22.52613],[113.70164,-22.52991],[113.69711,-22.53774],[113.69314,-22.54094],[113.68588,-22.54292],[113.68137,-22.54161],[113.67607,-22.5455],[113.66531,-22.55011],[113.66007,-22.55964],[113.65917,-22.56641],[113.65409,-22.57876],[113.65402,-22.58338],[113.66672,-22.58868],[113.67089,-22.59202],[113.67362,-22.59685],[113.67454,-22.61353],[113.66882,-22.62385],[113.66827,-22.62871],[113.67375,-22.64072],[113.68153,-22.65057],[113.68643,-22.6644],[113.6858,-22.67343],[113.68232,-22.67696],[113.6801,-22.68477],[113.6735,-22.69306],[113.67102,-22.69895],[113.67334,-22.71077],[113.6705,-22.71712],[113.67713,-22.72303],[113.69433,-22.7161],[113.7044,-22.71464],[113.7094,-22.71527],[113.72582,-22.72594],[113.73186,-22.73264],[113.74057,-22.73853],[113.75526,-22.75621],[113.77143,-22.78525],[113.77359,-22.79267],[113.7737,-22.80124],[113.77747,-22.81113],[113.7879,-22.82771],[113.79381,-22.84265],[113.79499,-22.84918],[113.79422,-22.85596],[113.80119,-22.88679],[113.81667,-22.90692],[113.81863,-22.9263],[113.82305,-22.93866],[113.8262,-22.956],[113.82484,-22.9736],[113.81977,-22.97704],[113.82647,-22.98667],[113.8295,-22.99487],[113.8277,-23.00339],[113.82944,-23.03089],[113.82765,-23.0423],[113.82503,-23.04445],[113.82529,-23.0473],[113.8218,-23.0505],[113.81251,-23.08276],[113.80388,-23.0937],[113.78968,-23.10673],[113.776,-23.11411],[113.76277,-23.11889],[113.76049,-23.12129],[113.7686,-23.12582],[113.77087,-23.13064],[113.77066,-23.14181],[113.7681,-23.14218],[113.76619,-23.14536],[113.76837,-23.15244],[113.76491,-23.15789],[113.7664,-23.16881],[113.76384,-23.17776],[113.76449,-23.18034],[113.77165,-23.18612],[113.77445,-23.19455],[113.77505,-23.20266],[113.77039,-23.21783],[113.77325,-23.2214],[113.77617,-23.22994],[113.77599,-23.23389],[113.7795,-23.2405],[113.77969,-23.2458],[113.78333,-23.25241],[113.78204,-23.25592],[113.78453,-23.26332],[113.78349,-23.27215],[113.79196,-23.28377],[113.79446,-23.29604],[113.79368,-23.31148],[113.78993,-23.32113],[113.79164,-23.32945],[113.78876,-23.34201],[113.78812,-23.36514],[113.78624,-23.37069],[113.78189,-23.3739],[113.7792,-23.3737],[113.77695,-23.37892],[113.77651,-23.39148],[113.78231,-23.40288],[113.78169,-23.41067],[113.78348,-23.41606],[113.78101,-23.42297],[113.78192,-23.43503],[113.77975,-23.43743],[113.78213,-23.44111],[113.77956,-23.44994],[113.77974,-23.47058],[113.77813,-23.47804],[113.7754,-23.48481],[113.77019,-23.48671],[113.76552,-23.49387],[113.76705,-23.49803],[113.76489,-23.50132],[113.76397,-23.51363],[113.75327,-23.52822],[113.75025,-23.52936],[113.74712,-23.53301],[113.74201,-23.53487],[113.73752,-23.5407],[113.72588,-23.54499],[113.71948,-23.55138],[113.71675,-23.5574],[113.71274,-23.55947],[113.70048,-23.57519],[113.6745,-23.5905],[113.65087,-23.59957],[113.64346,-23.6124],[113.6362,-23.61891],[113.62818,-23.62352],[113.62072,-23.62394],[113.61322,-23.63089],[113.61268,-23.63643],[113.61532,-23.64147],[113.61416,-23.64667],[113.61081,-23.65213],[113.60326,-23.65559],[113.59662,-23.66334],[113.59604,-23.67508],[113.59246,-23.68222],[113.5908,-23.69148],[113.59171,-23.69892],[113.58338,-23.7077],[113.57907,-23.71598],[113.57682,-23.72132],[113.5786,-23.72615],[113.57226,-23.73829],[113.56729,-23.75222],[113.56369,-23.7579],[113.55497,-23.76555],[113.54591,-23.767],[113.54024,-23.76413],[113.53842,-23.76979],[113.53192,-23.77483],[113.53004,-23.78105],[113.527,-23.78334],[113.52019,-23.79763],[113.52167,-23.80742],[113.51931,-23.81523],[113.51854,-23.83137],[113.51384,-23.84732],[113.49864,-23.86756],[113.49711,-23.87322],[113.48935,-23.8803],[113.48119,-23.88512],[113.47032,-23.89855],[113.47184,-23.9027],[113.47017,-23.90644],[113.47146,-23.91139],[113.46521,-23.9224],[113.46501,-23.92556],[113.46933,-23.94751],[113.4694,-23.96274],[113.47092,-23.96644],[113.46663,-23.97709],[113.46556,-23.9894],[113.46144,-23.99872],[113.45871,-24.01363],[113.44695,-24.03216],[113.44401,-24.03273],[113.44044,-24.03026],[113.43,-24.03264],[113.42216,-24.04292],[113.42796,-24.05578],[113.42813,-24.08072],[113.42654,-24.08422],[113.41943,-24.09032],[113.42227,-24.09878],[113.43621,-24.1229],[113.44239,-24.13677],[113.44475,-24.14636],[113.44279,-24.15223],[113.44335,-24.18168],[113.4295,-24.20439],[113.40913,-24.22349],[113.39535,-24.22408],[113.39166,-24.22251],[113.39018,-24.22398],[113.39565,-24.24947],[113.39654,-24.2647],[113.40546,-24.29414],[113.40621,-24.30305],[113.40539,-24.32337],[113.40307,-24.33127],[113.40455,-24.33296],[113.40382,-24.33601],[113.40717,-24.35056],[113.40732,-24.36206],[113.40573,-24.36556],[113.40351,-24.3667],[113.40438,-24.3711],[113.40217,-24.37494],[113.40321,-24.3975],[113.40075,-24.40044],[113.39954,-24.41139],[113.40404,-24.43982],[113.40484,-24.47163],[113.40697,-24.48416],[113.41364,-24.48979],[113.41919,-24.49169],[113.42191,-24.4962],[113.42763,-24.5156],[113.43566,-24.52156],[113.44359,-24.53644],[113.44928,-24.54286],[113.47189,-24.5577],[113.48153,-24.56603],[113.48995,-24.57594],[113.51871,-24.6184],[113.53951,-24.63944],[113.5663,-24.67535],[113.57658,-24.68446],[113.5952,-24.71058],[113.61728,-24.73633],[113.62325,-24.74602],[113.62912,-24.76021],[113.63226,-24.77284],[113.63273,-24.79743],[113.6301,-24.81764],[113.6225,-24.83165],[113.62644,-24.82893],[113.62057,-24.8435],[113.62022,-24.84971],[113.62004,-24.83628],[113.62288,-24.83447],[113.62275,-24.83346],[113.61954,-24.83448],[113.62089,-24.83177],[113.61867,-24.83358],[113.61822,-24.84464],[113.61724,-24.84543],[113.61674,-24.84363],[113.61587,-24.84453],[113.61754,-24.85863],[113.61839,-24.85445],[113.62039,-24.86043],[113.62757,-24.8613],[113.63114,-24.8596],[113.6293,-24.86242],[113.63042,-24.86412],[113.63808,-24.86273],[113.64699,-24.8645],[113.65303,-24.85974],[113.66105,-24.85667],[113.66339,-24.85406],[113.67647,-24.84871],[113.68037,-24.84998],[113.68464,-24.84902],[113.70059,-24.85268],[113.7069,-24.85069],[113.70547,-24.85484],[113.68046,-24.85625],[113.66614,-24.86195],[113.66147,-24.86828],[113.64925,-24.87138],[113.64606,-24.87816],[113.64422,-24.87906],[113.64704,-24.87966],[113.65102,-24.88332],[113.65319,-24.88368],[113.65423,-24.88161],[113.6552,-24.88215],[113.6555,-24.88681],[113.65317,-24.89212],[113.6469,-24.89914],[113.65038,-24.9068],[113.65092,-24.90177],[113.64938,-24.90012],[113.65147,-24.89765],[113.65236,-24.9051],[113.65643,-24.90181],[113.6558,-24.89922],[113.66516,-24.89588],[113.66297,-24.89851],[113.66917,-24.90221],[113.67045,-24.91067],[113.67418,-24.91562],[113.67781,-24.92497],[113.68637,-24.92922],[113.69193,-24.92852],[113.68773,-24.93057],[113.68812,-24.9326],[113.67995,-24.93297],[113.67998,-24.93929],[113.67417,-24.93942],[113.6758,-24.94382],[113.67196,-24.94372],[113.66999,-24.94564],[113.67063,-24.94914],[113.66718,-24.95242],[113.66806,-24.9558],[113.66424,-24.95864],[113.66217,-24.96666],[113.66465,-25.01817],[113.67426,-25.04301],[113.68689,-25.06062],[113.69772,-25.08658],[113.72469,-25.11549],[113.74326,-25.12894],[113.758,-25.13188],[113.76283,-25.13482],[113.76964,-25.13629],[113.78921,-25.15458],[113.80222,-25.1573],[113.80335,-25.15969],[113.81101,-25.1652],[113.81138,-25.16971],[113.81708,-25.17355],[113.81757,-25.1758],[113.81572,-25.17558],[113.81646,-25.17896],[113.82005,-25.18302],[113.82116,-25.18866],[113.82959,-25.19949],[113.83033,-25.20739],[113.83293,-25.21089],[113.8369,-25.21021],[113.83963,-25.21698],[113.83752,-25.22036],[113.83975,-25.22296],[113.84817,-25.25691],[113.84627,-25.25948],[113.8421,-25.25589],[113.84036,-25.25883],[113.84259,-25.26458],[113.84718,-25.27011],[113.85202,-25.2718],[113.85735,-25.27609],[113.87149,-25.2903],[113.86951,-25.29075],[113.86492,-25.28759],[113.87042,-25.29811],[113.86864,-25.29932],[113.85673,-25.29244],[113.86244,-25.29763],[113.87609,-25.31748],[113.88353,-25.32334],[113.89135,-25.33699],[113.89347,-25.34545],[113.8921,-25.34748],[113.89421,-25.35041],[113.89272,-25.35199],[113.8967,-25.3574],[113.89521,-25.36079],[113.89596,-25.36417],[113.89335,-25.36598],[113.89509,-25.37353],[113.89211,-25.37094],[113.89112,-25.37297],[113.89832,-25.38391],[113.89832,-25.38752],[113.90453,-25.39518],[113.91099,-25.398],[113.91385,-25.40093],[113.91335,-25.40285],[113.90814,-25.40669],[113.91361,-25.41345],[113.90889,-25.41018],[113.90553,-25.41109],[113.90206,-25.41007],[113.90988,-25.41966],[113.92504,-25.43296],[113.92915,-25.44266],[113.94419,-25.45866],[113.94233,-25.46092],[113.94843,-25.47715],[113.94122,-25.47321],[113.93974,-25.48021],[113.93923,-25.47062],[113.93775,-25.47727],[113.93451,-25.47446],[113.93402,-25.47547],[113.93775,-25.48122],[113.94496,-25.48607],[113.94882,-25.49193],[113.9523,-25.49407],[113.95453,-25.49339],[113.95292,-25.49632],[113.96487,-25.51447],[113.96674,-25.52101],[113.97023,-25.5262],[113.9706,-25.53082],[113.9767,-25.53793],[113.98032,-25.5492],[113.9863,-25.55495],[113.99165,-25.56487],[113.99167,-25.57513],[113.98717,-25.56194],[113.98556,-25.56206],[113.98457,-25.56679],[113.98444,-25.56037],[113.9822,-25.56082],[113.98358,-25.5677],[113.98743,-25.56747],[113.98943,-25.57581],[113.98707,-25.57536],[113.98757,-25.57908],[113.99131,-25.58607],[113.9902,-25.58991],[113.9968,-25.59903],[113.99767,-25.59813],[113.99467,-25.58968],[113.99691,-25.59058],[113.99866,-25.59689],[114.00306,-25.5999],[114.01527,-25.61686],[113.99954,-25.60219],[114.00033,-25.60719],[114.00425,-25.60859],[114.01537,-25.62047],[114.00507,-25.61671],[114.00382,-25.61704],[114.00419,-25.61851],[114.01966,-25.63233],[114.01818,-25.62962],[114.02178,-25.63099],[114.01683,-25.62713],[114.01622,-25.62408],[114.01797,-25.62308],[114.01921,-25.6241],[114.03275,-25.64717],[114.03634,-25.64944],[114.04102,-25.66017],[114.04844,-25.66731],[114.04682,-25.66753],[114.04163,-25.66198],[114.03629,-25.65936],[114.03492,-25.65992],[114.0354,-25.66251],[114.04519,-25.66899],[114.05848,-25.67491],[114.06194,-25.67898],[114.06928,-25.68172],[114.06877,-25.68398],[114.07759,-25.68638],[114.08354,-25.69148],[114.08328,-25.69362],[114.0911,-25.69636],[114.10558,-25.71255],[114.10928,-25.71888],[114.11957,-25.72817],[114.11832,-25.72896],[114.11473,-25.72511],[114.1136,-25.72544],[114.12226,-25.73596],[114.1225,-25.73732],[114.11924,-25.74001],[114.11488,-25.74033],[114.11412,-25.74315],[114.11523,-25.74575],[114.12193,-25.74949],[114.11783,-25.74903],[114.11941,-25.75524],[114.12375,-25.76021],[114.13245,-25.76386],[114.13194,-25.76476],[114.12809,-25.76305],[114.1334,-25.77164],[114.13552,-25.77154],[114.13591,-25.76872],[114.13827,-25.76975],[114.14631,-25.78016],[114.14518,-25.7823],[114.14171,-25.77936],[114.14033,-25.78025],[114.13253,-25.77232],[114.13449,-25.77809],[114.15225,-25.78819],[114.16476,-25.80572],[114.16837,-25.80607],[114.1634,-25.80278],[114.1664,-25.80155],[114.17211,-25.80643],[114.17556,-25.81264],[114.17145,-25.81263],[114.16848,-25.80957],[114.16797,-25.81126],[114.18449,-25.8226],[114.18423,-25.82372],[114.18112,-25.82259],[114.18224,-25.82428],[114.18958,-25.82679],[114.18658,-25.82779],[114.19093,-25.82995],[114.1918,-25.83221],[114.19665,-25.83392],[114.1934,-25.83481],[114.19876,-25.83562],[114.19838,-25.83675],[114.2026,-25.84048],[114.20716,-25.85178],[114.20541,-25.85301],[114.21014,-25.85449],[114.21287,-25.85766],[114.22047,-25.85881],[114.22395,-25.85995],[114.22332,-25.86153],[114.22706,-25.86199],[114.23015,-25.86697],[114.22666,-25.86786],[114.2264,-25.86977],[114.23326,-25.86867],[114.23101,-25.87103],[114.23336,-25.8742],[114.23211,-25.87566],[114.24568,-25.88055],[114.25914,-25.88071],[114.26685,-25.88773],[114.26457,-25.89629],[114.25817,-25.90462],[114.25527,-25.91295],[114.24811,-25.92353],[114.24747,-25.92781],[114.24907,-25.93255],[114.24705,-25.93649],[114.24938,-25.94699],[114.24722,-25.95555],[114.25205,-25.96313],[114.25288,-25.97294],[114.25758,-25.98333],[114.2647,-25.98076],[114.26532,-25.98212],[114.25693,-25.98965],[114.24506,-25.99254],[114.23186,-25.98674],[114.22362,-25.98739],[114.22353,-25.97825],[114.22568,-25.97364],[114.21846,-25.96888],[114.21496,-25.96954],[114.21108,-25.97359],[114.20721,-25.97346],[114.19795,-25.97839],[114.19468,-25.98356],[114.19679,-25.99873],[114.2015,-26.00391],[114.19835,-26.00567],[114.20516,-26.01104],[114.20958,-26.01705],[114.21029,-26.02067],[114.20851,-26.02347],[114.21032,-26.02901],[114.20916,-26.0316],[114.21694,-26.03979],[114.2208,-26.04084],[114.22313,-26.04401],[114.22469,-26.04967],[114.22261,-26.05653],[114.22806,-26.06109],[114.23149,-26.06653],[114.23287,-26.06752],[114.23312,-26.06632],[114.23732,-26.07019],[114.23745,-26.07512],[114.23819,-26.07148],[114.23929,-26.07269],[114.2388,-26.07695],[114.24,-26.0763],[114.24047,-26.07902],[114.23957,-26.0839],[114.24056,-26.08343],[114.24089,-26.08601],[114.23712,-26.09906],[114.2338,-26.10467],[114.23773,-26.11113],[114.23572,-26.11179],[114.23583,-26.11325],[114.23855,-26.11587],[114.23603,-26.11777],[114.23984,-26.12344],[114.2468,-26.127],[114.24731,-26.1343],[114.24547,-26.13353],[114.2452,-26.13544],[114.2514,-26.14001],[114.25472,-26.14488],[114.25385,-26.15536],[114.24341,-26.1608],[114.24135,-26.16585],[114.23549,-26.16467],[114.23202,-26.16171],[114.23124,-26.16452],[114.22536,-26.16503],[114.22191,-26.16083],[114.22456,-26.15815],[114.22181,-26.14808],[114.22459,-26.14529],[114.22449,-26.14281],[114.2225,-26.14189],[114.22119,-26.14363],[114.21991,-26.1395],[114.22258,-26.13501],[114.22355,-26.12724],[114.22532,-26.125],[114.22818,-26.12649],[114.2307,-26.1246],[114.22814,-26.11882],[114.22352,-26.11901],[114.21069,-26.15779],[114.20487,-26.1636],[114.19119,-26.16832],[114.1883,-26.18025],[114.19281,-26.18965],[114.19097,-26.19719],[114.19245,-26.19935],[114.1919,-26.20363],[114.19943,-26.21136],[114.20554,-26.22405],[114.20557,-26.23217],[114.20265,-26.23541],[114.20486,-26.23938],[114.20404,-26.24478],[114.21579,-26.25617],[114.21812,-26.2607],[114.21755,-26.266],[114.23098,-26.27334],[114.23799,-26.28389],[114.23926,-26.29337],[114.23719,-26.29921],[114.23166,-26.30086],[114.23214,-26.30323],[114.23488,-26.3037],[114.23709,-26.30745],[114.23766,-26.31275],[114.23206,-26.32082],[114.23139,-26.32465],[114.22644,-26.32968],[114.22514,-26.33429],[114.21591,-26.34153],[114.21538,-26.34434],[114.21944,-26.35036],[114.21986,-26.35724],[114.21728,-26.36376],[114.21029,-26.37204],[114.20182,-26.37838],[114.19389,-26.38169],[114.1806,-26.38337],[114.16636,-26.39],[114.16034,-26.40099],[114.16055,-26.40415],[114.15647,-26.41009],[114.14319,-26.41988],[114.12667,-26.4284],[114.12562,-26.43233],[114.11868,-26.43554],[114.11526,-26.43911],[114.11342,-26.44574],[114.10885,-26.44987],[114.09623,-26.45696],[114.08957,-26.45847],[114.08796,-26.46083],[114.09068,-26.45863],[114.09065,-26.46095],[114.09482,-26.45931],[114.09074,-26.46279],[114.09324,-26.46133],[114.08957,-26.4676],[114.08192,-26.46831],[114.0768,-26.46657],[114.07446,-26.46227],[114.0726,-26.45232],[114.07514,-26.45926],[114.07437,-26.45121],[114.08125,-26.45883],[114.07842,-26.45191],[114.08257,-26.45453],[114.07542,-26.44772],[114.06771,-26.44358],[114.05969,-26.43369],[114.05371,-26.42157],[114.05387,-26.4192],[114.04175,-26.40723],[114.03789,-26.4055],[114.03581,-26.40198],[114.0213,-26.39146],[114.00674,-26.37529],[113.99842,-26.3699],[113.99388,-26.36417],[113.99024,-26.36272],[113.98081,-26.35418],[113.97287,-26.34249],[113.96738,-26.32165],[113.96726,-26.29391],[113.95049,-26.26758],[113.95021,-26.26161],[113.95258,-26.25889],[113.95169,-26.25675],[113.95381,-26.2546],[113.95454,-26.24862],[113.95915,-26.24613],[113.95952,-26.24421],[113.94995,-26.23015],[113.94242,-26.22532],[113.93432,-26.20393],[113.93531,-26.20144],[113.93389,-26.18961],[113.93575,-26.18554],[113.93523,-26.18182],[113.94092,-26.16681],[113.94311,-26.15327],[113.94757,-26.14299],[113.94217,-26.13838],[113.94228,-26.13466],[113.93889,-26.12983],[113.9304,-26.13391],[113.92453,-26.13337],[113.91802,-26.13068],[113.91086,-26.12236],[113.90668,-26.10929],[113.90615,-26.10163],[113.90751,-26.09632],[113.9046,-26.08889],[113.90887,-26.06215],[113.90847,-26.05448],[113.90155,-26.04357],[113.89529,-26.03941],[113.89353,-26.03513],[113.89387,-26.02645],[113.9025,-25.99873],[113.91444,-25.98242],[113.91132,-25.97926],[113.90657,-25.96822],[113.90643,-25.9601],[113.89196,-25.96056],[113.88747,-25.95909],[113.88372,-25.95515],[113.87836,-25.95301],[113.87836,-25.94962],[113.87998,-25.95041],[113.8806,-25.94906],[113.87723,-25.94511],[113.87486,-25.94466],[113.86987,-25.94703],[113.86526,-25.95595],[113.86614,-25.96993],[113.86927,-25.97297],[113.8684,-25.97839],[113.87377,-25.98459],[113.87277,-25.98752],[113.87514,-25.99417],[113.87477,-25.99823],[113.8806,-26.01668],[113.87961,-26.02141],[113.88337,-26.0249],[113.88526,-26.02929],[113.88378,-26.0346],[113.88541,-26.03617],[113.88455,-26.03809],[113.88631,-26.04361],[113.88324,-26.05625],[113.87815,-26.06427],[113.87903,-26.0681],[113.88163,-26.06077],[113.88375,-26.0602],[113.88004,-26.07103],[113.87222,-26.08447],[113.86886,-26.0873],[113.86835,-26.08573],[113.87234,-26.08154],[113.8722,-26.07917],[113.86648,-26.08528],[113.86315,-26.09871],[113.85196,-26.11419],[113.84535,-26.11951],[113.84586,-26.12142],[113.83766,-26.13864],[113.83739,-26.13002],[113.83937,-26.12595],[113.83724,-26.12653],[113.83634,-26.11671],[113.84171,-26.11377],[113.84558,-26.11364],[113.8417,-26.11264],[113.83521,-26.11559],[113.83398,-26.12089],[113.83642,-26.14017],[113.83009,-26.15383],[113.81103,-26.18111],[113.80705,-26.18353],[113.80597,-26.18641],[113.79347,-26.19982],[113.78999,-26.20739],[113.78025,-26.2134],[113.77137,-26.21477],[113.76223,-26.2122],[113.7593,-26.19157],[113.75353,-26.18504],[113.75281,-26.1979],[113.7467,-26.20445],[113.74233,-26.20683],[113.73482,-26.20808],[113.72819,-26.20674],[113.72531,-26.20449],[113.72103,-26.19672],[113.71804,-26.19921],[113.70991,-26.19922],[113.70766,-26.20103],[113.70322,-26.19976],[113.70778,-26.19719],[113.71691,-26.19729],[113.72227,-26.19153],[113.72503,-26.19209],[113.72491,-26.19468],[113.72827,-26.18723],[113.728,-26.18013],[113.71909,-26.16977],[113.7094,-26.14317],[113.70828,-26.1434],[113.70967,-26.15039],[113.70767,-26.14983],[113.70113,-26.1319],[113.70324,-26.12592],[113.69917,-26.09458],[113.69954,-26.09131],[113.70465,-26.08532],[113.70352,-26.08115],[113.70589,-26.07911],[113.70576,-26.07675],[113.70338,-26.07596],[113.70274,-26.06886],[113.70374,-26.06716],[113.70436,-26.0693],[113.70536,-26.0684],[113.7061,-26.06197],[113.70413,-26.06278],[113.69996,-26.056],[113.69993,-26.04495],[113.7109,-26.0314],[113.71876,-26.0268],[113.71902,-26.02868],[113.73434,-26.01364],[113.73234,-26.00913],[113.73445,-26.00417],[113.73893,-25.99965],[113.73731,-25.99965],[113.73282,-26.00428],[113.73082,-26.00395],[113.72993,-26.00035],[113.73176,-25.99485],[113.73001,-25.98695],[113.73376,-25.98357],[113.73551,-25.97511],[113.73165,-25.94951],[113.73515,-25.94252],[113.73765,-25.93135],[113.74776,-25.9256],[113.74851,-25.91996],[113.75362,-25.91444],[113.75849,-25.90508],[113.75937,-25.88692],[113.76187,-25.87858],[113.75077,-25.87237],[113.7297,-25.86954],[113.72447,-25.8648],[113.72173,-25.86807],[113.72235,-25.86401],[113.72497,-25.86322],[113.72037,-25.85182],[113.72174,-25.84675],[113.7195,-25.84043],[113.72425,-25.81957],[113.72377,-25.80276],[113.7209,-25.79701],[113.72194,-25.79318],[113.7036,-25.79408],[113.692,-25.78934],[113.67956,-25.77983],[113.67284,-25.77226],[113.66364,-25.75432],[113.65904,-25.74856],[113.65394,-25.7454],[113.64261,-25.74256],[113.62643,-25.73352],[113.61362,-25.72312],[113.60667,-25.71431],[113.60258,-25.70359],[113.59835,-25.70042],[113.59762,-25.69219],[113.59278,-25.68361],[113.59402,-25.67955],[113.58968,-25.66984],[113.59095,-25.65811],[113.58724,-25.64897],[113.58911,-25.6359],[113.58688,-25.64152],[113.58452,-25.63813],[113.58477,-25.63656],[113.586,-25.63738],[113.58453,-25.63396],[113.58516,-25.62798],[113.58132,-25.62076],[113.57684,-25.61962],[113.57758,-25.62413],[113.5828,-25.62877],[113.58205,-25.63001],[113.57931,-25.62887],[113.57968,-25.63226],[113.57469,-25.63688],[113.57083,-25.63788],[113.55864,-25.63549],[113.53776,-25.62575],[113.53194,-25.6131],[113.52524,-25.60778],[113.51971,-25.57991],[113.516,-25.57302],[113.51665,-25.56208],[113.51517,-25.55576],[113.51831,-25.54369],[113.51895,-25.53839],[113.51747,-25.53354],[113.51935,-25.52813],[113.51538,-25.52361],[113.51677,-25.5147],[113.51109,-25.50329],[113.50349,-25.50688],[113.50236,-25.51207],[113.49974,-25.51376],[113.49884,-25.52684],[113.49647,-25.52988],[113.49358,-25.54093],[113.48896,-25.5478],[113.48609,-25.55095],[113.48036,-25.55319],[113.47524,-25.55848],[113.47276,-25.55825],[113.46649,-25.57527],[113.45711,-25.5925],[113.45449,-25.59486],[113.45472,-25.59915],[113.44909,-25.61087],[113.44397,-25.61672],[113.43512,-25.62019],[113.43199,-25.62571],[113.42353,-25.66089],[113.41863,-25.67441],[113.41837,-25.68016],[113.41524,-25.68377],[113.41634,-25.69043],[113.41496,-25.69234],[113.41631,-25.6981],[113.41469,-25.70091],[113.41529,-25.70667],[113.41964,-25.71221],[113.41912,-25.71807],[113.41749,-25.72066],[113.41663,-25.71705],[113.41412,-25.72347],[113.42716,-25.73615],[113.43151,-25.73853],[113.43744,-25.75332],[113.44751,-25.75955],[113.4485,-25.76249],[113.45819,-25.77255],[113.45954,-25.77741],[113.45779,-25.77989],[113.4604,-25.7826],[113.46936,-25.78544],[113.47124,-25.7833],[113.46715,-25.77382],[113.45422,-25.76487],[113.4546,-25.76329],[113.46471,-25.75858],[113.46435,-25.75113],[113.46087,-25.74876],[113.46111,-25.75338],[113.45586,-25.75777],[113.45287,-25.75833],[113.44964,-25.7564],[113.44915,-25.75335],[113.4514,-25.75189],[113.45949,-25.75259],[113.45826,-25.7492],[113.46028,-25.73973],[113.45717,-25.73656],[113.45492,-25.73669],[113.45519,-25.73453],[113.45083,-25.73215],[113.4465,-25.723],[113.44764,-25.71939],[113.45374,-25.71794],[113.45687,-25.7131],[113.44865,-25.71398],[113.44468,-25.70946],[113.44655,-25.7063],[113.45316,-25.70294],[113.45863,-25.70284],[113.461,-25.70386],[113.46285,-25.70713],[113.46896,-25.70738],[113.47245,-25.7093],[113.47318,-25.71291],[113.46994,-25.71573],[113.46521,-25.71368],[113.4641,-25.71097],[113.45948,-25.71559],[113.47142,-25.72013],[113.47326,-25.73051],[113.47151,-25.73175],[113.46715,-25.73106],[113.46579,-25.72813],[113.46231,-25.72575],[113.46056,-25.72856],[113.46054,-25.73375],[113.46677,-25.73557],[113.46701,-25.73862],[113.46961,-25.741],[113.4691,-25.7463],[113.47058,-25.75092],[113.47927,-25.76403],[113.47913,-25.76685],[113.47701,-25.76854],[113.4729,-25.76706],[113.4663,-25.76806],[113.46729,-25.76964],[113.47463,-25.77192],[113.47871,-25.78332],[113.47783,-25.78885],[113.47405,-25.79645],[113.46658,-25.80066],[113.46571,-25.79795],[113.46431,-25.80856],[113.46107,-25.80934],[113.47064,-25.81681],[113.47822,-25.82619],[113.49403,-25.83356],[113.50186,-25.84373],[113.50945,-25.84701],[113.51293,-25.8521],[113.5133,-25.85639],[113.51129,-25.85977],[113.51577,-25.86282],[113.5149,-25.86496],[113.51713,-25.87083],[113.51662,-25.87331],[113.52532,-25.88416],[113.52282,-25.88923],[113.52431,-25.8916],[113.5249,-25.90493],[113.52303,-25.90401],[113.51902,-25.9119],[113.51763,-25.91956],[113.54766,-25.93474],[113.55613,-25.94096],[113.55912,-25.94638],[113.55583,-25.96566],[113.55733,-25.96769],[113.55682,-25.97153],[113.56128,-25.98936],[113.56059,-25.99874],[113.57284,-26.00697],[113.57535,-26.01453],[113.57486,-26.01939],[113.57236,-26.02232],[113.57336,-26.02582],[113.56962,-26.03247],[113.56975,-26.03597],[113.56726,-26.03879],[113.56726,-26.04432],[113.57202,-26.05165],[113.57114,-26.05447],[113.57402,-26.05774],[113.57393,-26.06231],[113.57778,-26.06473],[113.58003,-26.07183],[113.58353,-26.0698],[113.58591,-26.07104],[113.58316,-26.07431],[113.58054,-26.07307],[113.57954,-26.08029],[113.57355,-26.08627],[113.57893,-26.08943],[113.58031,-26.09721],[113.58868,-26.09438],[113.61356,-26.09785],[113.62082,-26.10089],[113.62107,-26.10585],[113.61508,-26.10755],[113.61483,-26.10868],[113.62696,-26.11295],[113.63947,-26.12196],[113.6381,-26.12546],[113.64262,-26.13639],[113.65953,-26.15205],[113.66091,-26.15577],[113.66505,-26.15971],[113.66314,-26.16538],[113.68259,-26.17852],[113.68749,-26.18618],[113.68712,-26.19058],[113.68339,-26.19836],[113.68865,-26.20478],[113.69067,-26.21053],[113.68755,-26.21539],[113.68806,-26.21753],[113.70434,-26.22438],[113.72361,-26.22671],[113.734,-26.2303],[113.75353,-26.23331],[113.79776,-26.25226],[113.83665,-26.2808],[113.84057,-26.29105],[113.8648,-26.31015],[113.86796,-26.31769],[113.88357,-26.341],[113.88361,-26.34957],[113.88049,-26.35431],[113.88545,-26.37144],[113.87523,-26.38602],[113.87414,-26.39437],[113.87061,-26.38987],[113.87024,-26.39133],[113.87252,-26.39708],[113.87053,-26.40193],[113.87822,-26.41172],[113.88226,-26.42005],[113.88739,-26.44969],[113.88517,-26.45883],[113.88571,-26.46819],[113.88875,-26.47619],[113.88903,-26.48149],[113.88522,-26.50247],[113.8754,-26.5219],[113.87215,-26.52281],[113.86366,-26.53671],[113.85766,-26.54203],[113.84552,-26.54917],[113.84027,-26.55133],[113.83312,-26.55124],[113.81151,-26.57723],[113.81089,-26.58186],[113.81279,-26.5867],[113.81169,-26.59302],[113.81424,-26.60384],[113.81274,-26.60678],[113.80974,-26.60994],[113.8061,-26.61119],[113.80006,-26.60602],[113.79617,-26.6075],[113.78763,-26.60504],[113.78322,-26.60099],[113.78056,-26.59277],[113.77642,-26.593],[113.77365,-26.58985],[113.76749,-26.58716],[113.7636,-26.58886],[113.75961,-26.59643],[113.75698,-26.59846],[113.75686,-26.60117],[113.75261,-26.60535],[113.75312,-26.6084],[113.75175,-26.6102],[113.74058,-26.61384],[113.73846,-26.61757],[113.73701,-26.6177],[113.73443,-26.61351],[113.7269,-26.61297],[113.72287,-26.60847],[113.7142,-26.60679],[113.70944,-26.61041],[113.70655,-26.6076],[113.70491,-26.60805],[113.70618,-26.61324],[113.69702,-26.61145],[113.6945,-26.60976],[113.69311,-26.60548],[113.68682,-26.60166],[113.68987,-26.61474],[113.69464,-26.61687],[113.69616,-26.61923],[113.69592,-26.62521],[113.69367,-26.63052],[113.6869,-26.63391],[113.68641,-26.63786],[113.69056,-26.64124],[113.69075,-26.64389],[113.69633,-26.6375],[113.69757,-26.63254],[113.69997,-26.6393],[113.68895,-26.64902],[113.69687,-26.65228],[113.69877,-26.6578],[113.7043,-26.66038],[113.70493,-26.66207],[113.7018,-26.66557],[113.69904,-26.66614],[113.69487,-26.6569],[113.69224,-26.66041],[113.68094,-26.6584],[113.6788,-26.66043],[113.67669,-26.66788],[113.67255,-26.67138],[113.66402,-26.67444],[113.6591,-26.66814],[113.66021,-26.65776],[113.65782,-26.65415],[113.65931,-26.64885],[113.66571,-26.64557],[113.66557,-26.63925],[113.66129,-26.63407],[113.66643,-26.63034],[113.66228,-26.62967],[113.65939,-26.62697],[113.6571,-26.61615],[113.65797,-26.61141],[113.66537,-26.60587],[113.66135,-26.60419],[113.65971,-26.60092],[113.66008,-26.59889],[113.66371,-26.59618],[113.65392,-26.59461],[113.65179,-26.59868],[113.65256,-26.60556],[113.64831,-26.6147],[113.6438,-26.61617],[113.64204,-26.61944],[113.64216,-26.61572],[113.63576,-26.61393],[113.63399,-26.61077],[113.63547,-26.59509],[113.63217,-26.5766],[113.62689,-26.57458],[113.62563,-26.5712],[113.62838,-26.56533],[113.63352,-26.56363],[113.63213,-26.55551],[113.63463,-26.55134],[113.62973,-26.54728],[113.62871,-26.54018],[113.63445,-26.53092],[113.63381,-26.52258],[113.63668,-26.51626],[113.63816,-26.50284],[113.63439,-26.49698],[113.63551,-26.49314],[113.63274,-26.48762],[113.6341,-26.47611],[113.6371,-26.47126],[113.63056,-26.46326],[113.62893,-26.46428],[113.62919,-26.46811],[113.62669,-26.47172],[113.62694,-26.47454],[113.62344,-26.48041],[113.62295,-26.48436],[113.61807,-26.48967],[113.62008,-26.49181],[113.61808,-26.49835],[113.62137,-26.51143],[113.6185,-26.52046],[113.6249,-26.52203],[113.62628,-26.52428],[113.62466,-26.52834],[113.6253,-26.53218],[113.62155,-26.53872],[113.61842,-26.53749],[113.6164,-26.53399],[113.61737,-26.51911],[113.62011,-26.51076],[113.61673,-26.51065],[113.61509,-26.50885],[113.6137,-26.50332],[113.61558,-26.50072],[113.61445,-26.49937],[113.61582,-26.49238],[113.61409,-26.48941],[113.61382,-26.49768],[113.60932,-26.5057],[113.61246,-26.5084],[113.60983,-26.51472],[113.60344,-26.51687],[113.5934,-26.51192],[113.59693,-26.52263],[113.59468,-26.5268],[113.59859,-26.53368],[113.59784,-26.53842],[113.59923,-26.54462],[113.59247,-26.55275],[113.59222,-26.55636],[113.58922,-26.5602],[113.59098,-26.5647],[113.59138,-26.57869],[113.58825,-26.58557],[113.59216,-26.59222],[113.59957,-26.59481],[113.60108,-26.59954],[113.6041,-26.60112],[113.60712,-26.60619],[113.5981,-26.61418],[113.59946,-26.60699],[113.59631,-26.60192],[113.58476,-26.59629],[113.58376,-26.60017],[113.57985,-26.59134],[113.57858,-26.59181],[113.57545,-26.58773],[113.5752,-26.58322],[113.57256,-26.58187],[113.5718,-26.57815],[113.5659,-26.57782],[113.56376,-26.57365],[113.56289,-26.57554],[113.559,-26.57624],[113.55984,-26.54714],[113.56345,-26.53947],[113.56395,-26.53237],[113.56909,-26.52909],[113.5697,-26.5186],[113.57271,-26.51589],[113.5772,-26.50461],[113.57556,-26.49581],[113.56917,-26.49604],[113.56302,-26.49391],[113.56414,-26.48939],[113.55811,-26.48376],[113.55233,-26.4691],[113.55508,-26.46481],[113.56172,-26.46131],[113.56232,-26.44101],[113.56708,-26.43333],[113.56143,-26.42826],[113.56355,-26.42285],[113.56152,-26.40277],[113.55751,-26.39849],[113.55537,-26.39003],[113.54872,-26.3809],[113.55146,-26.37278],[113.55108,-26.36647],[113.55949,-26.35347],[113.55482,-26.3518],[113.54892,-26.33748],[113.54904,-26.33432],[113.54052,-26.32474],[113.54076,-26.31888],[113.53892,-26.31438],[113.5455,-26.30274],[113.54324,-26.29124],[113.5391,-26.28617],[113.53722,-26.27951],[113.53647,-26.28425],[113.53046,-26.28437],[113.52633,-26.28313],[113.51844,-26.27727],[113.51155,-26.27682],[113.51018,-26.27885],[113.51581,-26.2811],[113.51832,-26.28449],[113.51782,-26.28877],[113.51357,-26.29566],[113.5147,-26.29836],[113.5137,-26.30209],[113.50444,-26.30852],[113.49892,-26.30514],[113.49392,-26.31033],[113.4953,-26.31213],[113.50143,-26.31179],[113.50682,-26.31811],[113.50708,-26.32397],[113.50858,-26.32374],[113.50995,-26.32002],[113.51597,-26.32205],[113.51622,-26.32588],[113.51372,-26.32995],[113.51435,-26.33254],[113.51247,-26.33649],[113.51849,-26.34111],[113.52037,-26.35182],[113.52739,-26.35656],[113.52828,-26.3622],[113.52577,-26.36547],[113.52653,-26.37178],[113.52485,-26.37669],[113.51777,-26.38047],[113.51627,-26.38499],[113.5184,-26.39006],[113.51703,-26.39694],[113.51327,-26.40078],[113.50864,-26.40123],[113.50852,-26.40811],[113.50601,-26.40913],[113.50739,-26.41229],[113.50451,-26.4159],[113.50476,-26.43046],[113.50929,-26.43981],[113.50654,-26.44353],[113.50253,-26.44556],[113.50015,-26.45233],[113.50115,-26.45448],[113.50642,-26.45301],[113.50279,-26.46102],[113.5033,-26.4688],[113.49904,-26.47715],[113.49465,-26.48144],[113.49189,-26.482],[113.49014,-26.48076],[113.4865,-26.48482],[113.48274,-26.48122],[113.47973,-26.48054],[113.47697,-26.47704],[113.47596,-26.47423],[113.47985,-26.46633],[113.47758,-26.45731],[113.47984,-26.45291],[113.47921,-26.44997],[113.4841,-26.44805],[113.48447,-26.44411],[113.4881,-26.43914],[113.48472,-26.43294],[113.48534,-26.43057],[113.49073,-26.42967],[113.49085,-26.42538],[113.49938,-26.42459],[113.50226,-26.4203],[113.50163,-26.41353],[113.49698,-26.40677],[113.49573,-26.40135],[113.48959,-26.40011],[113.48658,-26.39651],[113.48469,-26.38354],[113.48907,-26.3771],[113.49646,-26.37812],[113.49835,-26.38048],[113.49873,-26.39628],[113.49999,-26.39921],[113.50224,-26.40022],[113.50537,-26.39345],[113.50499,-26.38951],[113.50799,-26.38071],[113.50561,-26.37428],[113.5066,-26.3639],[113.50522,-26.3621],[113.50034,-26.36244],[113.49595,-26.36018],[113.49169,-26.36244],[113.48781,-26.35703],[113.48843,-26.35353],[113.49244,-26.34879],[113.49732,-26.34676],[113.49882,-26.33604],[113.49556,-26.33142],[113.48278,-26.32071],[113.48465,-26.31597],[113.47864,-26.30819],[113.48139,-26.29702],[113.47976,-26.2924],[113.48189,-26.28822],[113.48138,-26.28067],[113.47863,-26.27469],[113.47988,-26.27108],[113.46222,-26.25337],[113.45971,-26.24243],[113.45958,-26.22179],[113.4522,-26.21773],[113.44832,-26.21254],[113.4487,-26.20566],[113.44557,-26.1866],[113.44644,-26.17972],[113.44469,-26.17656],[113.44744,-26.17126],[113.44432,-26.16799],[113.44469,-26.16325],[113.44169,-26.16708],[113.43694,-26.16753],[113.42931,-26.16516],[113.42443,-26.16099],[113.42168,-26.154],[113.42481,-26.14294],[113.42918,-26.13854],[113.42481,-26.13753],[113.42206,-26.13493],[113.41818,-26.1267],[113.41081,-26.1276],[113.40581,-26.12094],[113.39673,-26.11394],[113.40031,-26.10571],[113.39144,-26.10052],[113.38557,-26.09217],[113.38632,-26.08517],[113.3837,-26.08258],[113.38432,-26.07682],[113.3882,-26.06949],[113.38633,-26.06081],[113.37959,-26.05223],[113.38034,-26.04851],[113.37809,-26.0458],[113.37735,-26.03971],[113.37198,-26.03158],[113.36961,-26.02492],[113.36375,-26.01747],[113.3605,-26.01781],[113.35737,-26.02108],[113.35999,-26.02638],[113.35699,-26.03326],[113.36448,-26.0397],[113.36335,-26.04511],[113.36647,-26.04872],[113.36759,-26.05414],[113.36484,-26.05673],[113.36384,-26.06102],[113.36196,-26.06271],[113.36059,-26.06068],[113.35871,-26.06508],[113.36833,-26.06802],[113.37095,-26.0705],[113.37033,-26.07433],[113.37795,-26.07863],[113.37744,-26.0846],[113.37482,-26.08742],[113.37857,-26.09239],[113.37594,-26.09577],[113.37606,-26.09374],[113.37456,-26.09396],[113.37344,-26.09712],[113.38381,-26.10345],[113.38731,-26.11146],[113.3848,-26.11766],[113.38343,-26.1189],[113.38355,-26.11721],[113.38055,-26.11958],[113.38342,-26.12522],[113.37904,-26.12973],[113.38192,-26.133],[113.37929,-26.13819],[113.38254,-26.14259],[113.38179,-26.14834],[113.37878,-26.15364],[113.38053,-26.15894],[113.37852,-26.16503],[113.38015,-26.17203],[113.37852,-26.18004],[113.38189,-26.18579],[113.38239,-26.18997],[113.38101,-26.19448],[113.38288,-26.20249],[113.38138,-26.20598],[113.38651,-26.21264],[113.38632,-26.21451],[113.38126,-26.20779],[113.37588,-26.20519],[113.36699,-26.20835],[113.36461,-26.21071],[113.36573,-26.22132],[113.36398,-26.22425],[113.36635,-26.23756],[113.36534,-26.23993],[113.35821,-26.24365],[113.35746,-26.24534],[113.3577,-26.25369],[113.35594,-26.25786],[113.35707,-26.26361],[113.35556,-26.27151],[113.35318,-26.27354],[113.35418,-26.27636],[113.35017,-26.28527],[113.34541,-26.28854],[113.3449,-26.29418],[113.33789,-26.29801],[113.33639,-26.30034],[113.34966,-26.29869],[113.35467,-26.30084],[113.35504,-26.30828],[113.35879,-26.31426],[113.35728,-26.31821],[113.35854,-26.319],[113.35853,-26.32803],[113.36304,-26.32893],[113.36285,-26.33637],[113.3708,-26.34901],[113.3707,-26.35755],[113.37931,-26.35793],[113.38257,-26.36098],[113.38231,-26.38523],[113.39008,-26.38715],[113.39797,-26.3955],[113.39885,-26.4061],[113.40036,-26.40847],[113.3999,-26.41823],[113.39897,-26.41208],[113.40029,-26.4084],[113.39797,-26.40588],[113.39709,-26.39696],[113.39433,-26.39216],[113.39283,-26.39268],[113.39258,-26.40226],[113.38995,-26.40136],[113.38331,-26.38748],[113.38181,-26.38929],[113.38243,-26.39583],[113.38042,-26.39876],[113.37679,-26.3982],[113.37077,-26.40045],[113.36839,-26.39921],[113.36489,-26.38714],[113.36877,-26.38567],[113.3699,-26.38364],[113.36752,-26.38105],[113.36151,-26.37924],[113.35713,-26.37349],[113.36076,-26.36773],[113.35964,-26.36243],[113.36064,-26.35724],[113.36528,-26.35409],[113.36503,-26.34766],[113.36207,-26.33836],[113.35715,-26.334],[113.35602,-26.33096],[113.35339,-26.33118],[113.35302,-26.33502],[113.35001,-26.3375],[113.34762,-26.34359],[113.34474,-26.34528],[113.34148,-26.34505],[113.33873,-26.34742],[113.3366,-26.3473],[113.33672,-26.34493],[113.32671,-26.33726],[113.33122,-26.32914],[113.32847,-26.32575],[113.32835,-26.32316],[113.32434,-26.31898],[113.3266,-26.31672],[113.33061,-26.31571],[113.33349,-26.31143],[113.33049,-26.30725],[113.33137,-26.30432],[113.32824,-26.29969],[113.33113,-26.29214],[113.33088,-26.28853],[113.32838,-26.2857],[113.32776,-26.28018],[113.32214,-26.26596],[113.32278,-26.25299],[113.3184,-26.24655],[113.31778,-26.2417],[113.31853,-26.23911],[113.32217,-26.23618],[113.32167,-26.23369],[113.3248,-26.22817],[113.32205,-26.22264],[113.32268,-26.21959],[113.31906,-26.21373],[113.3252,-26.20854],[113.32545,-26.20482],[113.32008,-26.19455],[113.32197,-26.17966],[113.3199,-26.12619],[113.31904,-26.11682],[113.31305,-26.09989],[113.31432,-26.08986],[113.3082,-26.08511],[113.30645,-26.08139],[113.30683,-26.07891],[113.30945,-26.07801],[113.31109,-26.06864],[113.30835,-26.06323],[113.30998,-26.05962],[113.30711,-26.05476],[113.30899,-26.04631],[113.3085,-26.0436],[113.30388,-26.03908],[113.30288,-26.03615],[113.30502,-26.02509],[113.30215,-26.02261],[113.29928,-26.01595],[113.2954,-26.02519],[113.28463,-26.04007],[113.2905,-26.04504],[113.29162,-26.04775],[113.29049,-26.05181],[113.28649,-26.05519],[113.28421,-26.07629],[113.2847,-26.07854],[113.28933,-26.08114],[113.29157,-26.08543],[113.2878,-26.10212],[113.29154,-26.1107],[113.29016,-26.11544],[113.28765,-26.11713],[113.29114,-26.12571],[113.28735,-26.1556],[113.2822,-26.17319],[113.27957,-26.17578],[113.27781,-26.18131],[113.27493,-26.18367],[113.27406,-26.18164],[113.27305,-26.18265],[113.27804,-26.19428],[113.27534,-26.20646],[113.27569,-26.2142],[113.27851,-26.22158],[113.28038,-26.22158],[113.28006,-26.22643],[113.27891,-26.22504],[113.27598,-26.235],[113.27097,-26.23906],[113.26997,-26.24176],[113.26772,-26.23894],[113.26437,-26.22021],[113.26488,-26.20814],[113.26652,-26.20476],[113.26389,-26.20599],[113.26115,-26.19753],[113.2609,-26.19121],[113.25415,-26.18748],[113.2519,-26.18883],[113.23965,-26.18362],[113.22652,-26.18135],[113.22277,-26.17773],[113.21901,-26.17818],[113.19726,-26.17397],[113.19364,-26.17012],[113.1934,-26.16426],[113.18615,-26.16176],[113.18441,-26.15736],[113.17391,-26.15407],[113.16906,-26.14777],[113.16255,-26.14355],[113.15804,-26.14546],[113.15628,-26.15166],[113.15927,-26.15562],[113.16813,-26.16218],[113.17088,-26.16625],[113.17137,-26.17053],[113.17785,-26.1798],[113.19334,-26.19099],[113.2052,-26.20455],[113.23643,-26.23348],[113.26404,-26.27199],[113.27191,-26.28779],[113.27753,-26.294],[113.2784,-26.29976],[113.28315,-26.308],[113.28902,-26.32436],[113.29652,-26.33497],[113.29964,-26.34242],[113.29939,-26.34738],[113.2965,-26.35099],[113.29349,-26.352],[113.29236,-26.35494],[113.29423,-26.36385],[113.29811,-26.36994],[113.29848,-26.37649],[113.30099,-26.37683],[113.30824,-26.38744],[113.30874,-26.39048],[113.30635,-26.39612],[113.30109,-26.39736],[113.29896,-26.396],[113.2967,-26.40018],[113.32651,-26.42626],[113.32901,-26.43371],[113.34041,-26.44308],[113.34956,-26.45414],[113.36974,-26.47005],[113.40137,-26.49999],[113.40536,-26.50176],[113.4115,-26.50931],[113.42769,-26.52116],[113.44677,-26.54078],[113.47502,-26.56345],[113.47979,-26.56999],[113.50353,-26.58858],[113.51408,-26.59873],[113.51798,-26.60594],[113.52401,-26.61022],[113.54086,-26.62735],[113.54965,-26.63332],[113.55833,-26.64448],[113.57229,-26.65766],[113.58035,-26.66837],[113.58437,-26.67141],[113.58929,-26.67986],[113.60011,-26.69112],[113.61183,-26.7078],[113.6185,-26.71399],[113.62921,-26.7292],[113.64231,-26.7435],[113.64837,-26.7568],[113.66703,-26.77774],[113.68015,-26.79768],[113.69352,-26.81062],[113.70831,-26.83337],[113.71852,-26.84169],[113.71992,-26.84597],[113.73671,-26.86646],[113.7448,-26.87974],[113.75642,-26.89212],[113.75757,-26.89775],[113.76352,-26.90653],[113.77274,-26.91621],[113.77654,-26.92319],[113.78311,-26.92903],[113.79591,-26.95212],[113.81628,-26.97946],[113.82201,-26.99422],[113.82756,-27.00205],[113.83113,-27.01424],[113.83822,-27.02657],[113.86094,-27.06046],[113.93379,-27.18179],[113.94175,-27.19195],[113.96644,-27.232],[113.97531,-27.25116],[113.98489,-27.2657],[114.00508,-27.30201],[114.0065,-27.30697],[114.01149,-27.31237],[114.02666,-27.34053],[114.0369,-27.3649],[114.03942,-27.36706],[114.04814,-27.38346],[114.06946,-27.43073],[114.07141,-27.43175],[114.08407,-27.45708],[114.09219,-27.47883],[114.10493,-27.50412],[114.11268,-27.52859],[114.1147,-27.54334],[114.1226,-27.56344],[114.12507,-27.57441],[114.12698,-27.57661],[114.12837,-27.58516],[114.14359,-27.62085],[114.1516,-27.65071],[114.1552,-27.67464],[114.15868,-27.68325],[114.1595,-27.69627],[114.1634,-27.70697],[114.16569,-27.7063],[114.16364,-27.70232],[114.16394,-27.69852],[114.16851,-27.69718],[114.17247,-27.68761],[114.17056,-27.67854],[114.16626,-27.67299],[114.16558,-27.66809],[114.17347,-27.65887],[114.17479,-27.66039],[114.17257,-27.66247],[114.16999,-27.67464],[114.17617,-27.68086],[114.18168,-27.6803],[114.17687,-27.68925],[114.17777,-27.69229],[114.1752,-27.69269],[114.16752,-27.70042],[114.16726,-27.70657],[114.16586,-27.70828],[114.16213,-27.71005],[114.16188,-27.70781],[114.16074,-27.7091],[114.15798,-27.70847],[114.15412,-27.71906],[114.15227,-27.73275],[114.14984,-27.73494],[114.14615,-27.73513],[114.1447,-27.74316],[114.13918,-27.74481],[114.13168,-27.76594],[114.12631,-27.76875],[114.11897,-27.78794],[114.11771,-27.79605],[114.11962,-27.79954],[114.11686,-27.80293],[114.11232,-27.8152],[114.1125,-27.82635],[114.11039,-27.8275],[114.10749,-27.83715],[114.10787,-27.8472],[114.1051,-27.84948],[114.12078,-27.88697],[114.13636,-27.94135],[114.13887,-27.9442],[114.13767,-27.94626],[114.15002,-27.99936],[114.15683,-28.01854],[114.15671,-28.02629],[114.1659,-28.06415],[114.16518,-28.06827],[114.16964,-28.09355],[114.17477,-28.11015],[114.17647,-28.11265],[114.18947,-28.1194],[114.1961,-28.12604],[114.22855,-28.16706],[114.23953,-28.18683],[114.25285,-28.19203],[114.26885,-28.20582],[114.27861,-28.21145],[114.30712,-28.22218],[114.32251,-28.23175],[114.32903,-28.24595],[114.33245,-28.24967],[114.33405,-28.25674],[114.3418,-28.26767],[114.34828,-28.27339],[114.35575,-28.2839],[114.36337,-28.28819],[114.37445,-28.29815],[114.37582,-28.30461],[114.38484,-28.3162],[114.4054,-28.33547],[114.40889,-28.34247],[114.40804,-28.35174],[114.42072,-28.37001],[114.42806,-28.37698],[114.43107,-28.38656],[114.4306,-28.38978],[114.433,-28.39423],[114.45178,-28.41036],[114.45393,-28.41048],[114.45451,-28.40847],[114.45715,-28.40688],[114.45763,-28.40819],[114.46535,-28.40832],[114.46565,-28.40729],[114.46646,-28.40868],[114.45529,-28.40849],[114.45465,-28.41025],[114.46574,-28.42447],[114.47139,-28.42794],[114.4947,-28.45055],[114.53101,-28.49603],[114.53292,-28.50233],[114.54062,-28.51461],[114.54924,-28.52701],[114.55629,-28.53411],[114.5573,-28.53944],[114.56346,-28.55078],[114.56241,-28.55637],[114.56391,-28.55546],[114.56388,-28.55892],[114.56677,-28.56074],[114.57028,-28.56673],[114.57538,-28.57863],[114.58235,-28.58427],[114.58318,-28.58947],[114.59553,-28.61099],[114.59676,-28.6169],[114.60171,-28.62413],[114.60319,-28.63495],[114.60474,-28.63795],[114.60683,-28.63797],[114.60413,-28.64273],[114.60618,-28.64608],[114.60538,-28.649],[114.60844,-28.65242],[114.61244,-28.66352],[114.61123,-28.67409],[114.60637,-28.68017],[114.60573,-28.68666],[114.61194,-28.69777],[114.61899,-28.71929],[114.61981,-28.729],[114.6178,-28.7498],[114.61466,-28.76255],[114.61037,-28.76407],[114.61226,-28.76392],[114.61165,-28.76534],[114.61335,-28.76607],[114.60987,-28.76895],[114.61092,-28.76465],[114.60942,-28.77037],[114.60638,-28.77394],[114.6033,-28.77524],[114.6027,-28.7719],[114.60243,-28.77592],[114.59267,-28.77684],[114.595,-28.77189],[114.59949,-28.77095],[114.59954,-28.76923],[114.59914,-28.77067],[114.59909,-28.76936],[114.59462,-28.77033],[114.59309,-28.77293],[114.59048,-28.77426],[114.59036,-28.77634],[114.58811,-28.77564],[114.58791,-28.77353],[114.59273,-28.77244],[114.59162,-28.7719],[114.59203,-28.77015],[114.58741,-28.77086],[114.58762,-28.77329],[114.58459,-28.7762],[114.57643,-28.77789],[114.57608,-28.78436],[114.59167,-28.78516],[114.59543,-28.7876],[114.59812,-28.79248],[114.60606,-28.79298],[114.60653,-28.79166],[114.6131,-28.79633],[114.61959,-28.80634],[114.62867,-28.83052],[114.62686,-28.83959],[114.62396,-28.84327],[114.6287,-28.85606],[114.63491,-28.86135],[114.63552,-28.86602],[114.63323,-28.86774],[114.63451,-28.86918],[114.63263,-28.87104],[114.63453,-28.87486],[114.69675,-28.94203],[114.72428,-28.96409],[114.74533,-28.98537],[114.75261,-28.99187],[114.75771,-28.99435],[114.772,-29.00744],[114.78009,-29.01654],[114.78494,-29.0197],[114.80175,-29.03922],[114.80946,-29.04378],[114.82308,-29.05914],[114.83235,-29.06638],[114.86988,-29.11241],[114.87219,-29.11696],[114.87408,-29.12895],[114.87761,-29.13548],[114.87691,-29.1371],[114.87899,-29.13833],[114.88744,-29.15758],[114.8892,-29.16531],[114.8881,-29.17042],[114.89185,-29.17609],[114.89407,-29.18798],[114.90151,-29.20807],[114.90147,-29.21202],[114.90671,-29.22112],[114.9208,-29.25547],[114.92003,-29.26023],[114.92207,-29.27017],[114.91516,-29.27245],[114.92014,-29.27095],[114.92086,-29.27224],[114.91964,-29.27459],[114.91589,-29.27645],[114.91465,-29.27644],[114.9141,-29.27527],[114.91408,-29.27227],[114.91378,-29.27455],[114.91445,-29.2774],[114.92121,-29.28779],[114.92409,-29.30588],[114.92688,-29.31272],[114.9377,-29.32247],[114.94547,-29.33252],[114.95426,-29.35217],[114.95858,-29.36534],[114.96006,-29.37933],[114.95635,-29.39739],[114.96783,-29.41515],[114.97422,-29.43723],[114.99091,-29.47392],[114.99758,-29.49353],[114.99723,-29.51358],[114.99123,-29.52733],[114.98664,-29.53227],[114.97714,-29.55738],[114.9776,-29.58381],[114.97573,-29.58812],[114.97479,-29.60379],[114.96667,-29.62857],[114.96589,-29.64781],[114.96045,-29.6636],[114.95796,-29.68369],[114.95967,-29.69742],[114.95832,-29.70787],[114.95996,-29.71755],[114.95806,-29.73808],[114.96036,-29.76254],[114.95931,-29.77047],[114.9633,-29.78244],[114.96215,-29.78825],[114.96484,-29.80874],[114.97212,-29.82248],[114.97548,-29.83016],[114.97463,-29.83213],[114.98099,-29.84539],[114.98181,-29.85285],[114.97906,-29.85612],[114.97789,-29.86278],[114.97943,-29.87207],[114.97802,-29.87946],[114.97964,-29.88528],[114.97918,-29.89711],[114.98275,-29.91101],[114.9778,-29.94506],[114.97429,-29.94651],[114.97316,-29.958],[114.96521,-29.97222],[114.96285,-29.97392],[114.96494,-29.98494],[114.96313,-29.99479],[114.9644,-29.99488],[114.96835,-30.00229],[114.96953,-30.00757],[114.96734,-30.01278],[114.96313,-30.01584],[114.96378,-30.02187],[114.96011,-30.03031],[114.95951,-30.03944],[114.95851,-30.04132],[114.95661,-30.04135],[114.95702,-30.0453],[114.95486,-30.04884],[114.95548,-30.05094],[114.95586,-30.04877],[114.95927,-30.0493],[114.96532,-30.05451],[114.96603,-30.06251],[114.96467,-30.06692],[114.96187,-30.06874],[114.96431,-30.06927],[114.96381,-30.07095],[114.9624,-30.07055],[114.96305,-30.07215],[114.96512,-30.07209],[114.96815,-30.07492],[114.97225,-30.07189],[114.97676,-30.07278],[114.98405,-30.07907],[114.99452,-30.11205],[114.99465,-30.11783],[115.00178,-30.1322],[115.00166,-30.13825],[115.00466,-30.14588],[115.00299,-30.14858],[115.00623,-30.15923],[115.00265,-30.16484],[115.0038,-30.1714],[115.00253,-30.17389],[114.99955,-30.17479],[114.9987,-30.18257],[114.99613,-30.18433],[114.99341,-30.18224],[114.9919,-30.18395],[114.99467,-30.18615],[114.99462,-30.19207],[114.9974,-30.20029],[114.99646,-30.20414],[114.9927,-30.20757],[114.99746,-30.2103],[114.99673,-30.21663],[114.99899,-30.22342],[114.99413,-30.22704],[114.99405,-30.22822],[114.99658,-30.22882],[114.99431,-30.23128],[114.99537,-30.23296],[114.99852,-30.22851],[115.00317,-30.22794],[115.01404,-30.23334],[115.0155,-30.23234],[115.0204,-30.23328],[115.02751,-30.23692],[115.03211,-30.2421],[115.03682,-30.25245],[115.04108,-30.26798],[115.04281,-30.28257],[115.04153,-30.28727],[115.03942,-30.28868],[115.04117,-30.2899],[115.03972,-30.29826],[115.03285,-30.30637],[115.02383,-30.31125],[115.02048,-30.31702],[115.03641,-30.33027],[115.04201,-30.3378],[115.04262,-30.34928],[115.04738,-30.36249],[115.04995,-30.37804],[115.05145,-30.39465],[115.05058,-30.42433],[115.05674,-30.43941],[115.0625,-30.44888],[115.06372,-30.45359],[115.06279,-30.4581],[115.07121,-30.47805],[115.07116,-30.48571],[115.06886,-30.49163],[115.06257,-30.4991],[115.05396,-30.50506],[115.05732,-30.50378],[115.05764,-30.51085],[115.06203,-30.50975],[115.06751,-30.51133],[115.07403,-30.51744],[115.07576,-30.52046],[115.07476,-30.52446],[115.07591,-30.52772],[115.08609,-30.53475],[115.09419,-30.54826],[115.09492,-30.55753],[115.09073,-30.56362],[115.08767,-30.57835],[115.09,-30.58125],[115.0986,-30.58385],[115.10361,-30.59153],[115.10202,-30.60174],[115.1075,-30.60645],[115.10726,-30.61337],[115.11524,-30.62041],[115.12086,-30.63622],[115.13176,-30.65297],[115.13378,-30.66673],[115.13667,-30.66846],[115.14479,-30.68476],[115.15225,-30.70446],[115.15416,-30.71779],[115.15659,-30.72028],[115.15939,-30.72851],[115.16505,-30.73411],[115.17226,-30.75206],[115.17805,-30.75995],[115.18327,-30.77187],[115.19026,-30.79305],[115.18972,-30.82484],[115.19507,-30.82275],[115.20451,-30.82337],[115.21163,-30.82641],[115.2198,-30.83267],[115.23801,-30.85692],[115.24218,-30.86806],[115.251,-30.87314],[115.25811,-30.88264],[115.26803,-30.90007],[115.26945,-30.90645],[115.26823,-30.91211],[115.27636,-30.91872],[115.28654,-30.93324],[115.28967,-30.94517],[115.2946,-30.94923],[115.30476,-30.96262],[115.30596,-30.96667],[115.31282,-30.97313],[115.31684,-30.98557],[115.32533,-30.99877],[115.32391,-31.00554],[115.32834,-31.01063],[115.32793,-31.01446],[115.33007,-31.02082],[115.32644,-31.02784],[115.33253,-31.02991],[115.33929,-31.0395],[115.34801,-31.05942],[115.34764,-31.06392],[115.35226,-31.06829],[115.36721,-31.0941],[115.37061,-31.10211],[115.37111,-31.11009],[115.38037,-31.11716],[115.38324,-31.12139],[115.38747,-31.13459],[115.38783,-31.14076],[115.39647,-31.16273],[115.39925,-31.18036],[115.424,-31.22986],[115.42493,-31.23681],[115.4411,-31.27778],[115.45298,-31.29491],[115.46412,-31.30645],[115.48758,-31.34047],[115.49638,-31.34967],[115.50368,-31.36286],[115.5156,-31.37376],[115.52953,-31.39648],[115.53913,-31.40828],[115.55041,-31.42736],[115.55349,-31.4377],[115.55966,-31.44803],[115.56389,-31.46509],[115.56985,-31.46967],[115.58091,-31.48681],[115.58264,-31.49272],[115.57956,-31.49489],[115.57981,-31.49631],[115.58446,-31.49951],[115.58444,-31.50269],[115.58964,-31.50465],[115.60109,-31.51616],[115.60848,-31.53198],[115.62282,-31.54743],[115.62662,-31.55613],[115.63523,-31.56562],[115.63806,-31.5739],[115.64952,-31.59349],[115.65307,-31.60264],[115.6629,-31.6143],[115.66373,-31.62206],[115.66872,-31.63147],[115.68027,-31.64407],[115.68579,-31.6537],[115.68974,-31.66559],[115.69054,-31.6747],[115.69735,-31.68137],[115.69958,-31.6889],[115.69751,-31.68912],[115.7049,-31.70193],[115.70802,-31.716],[115.71876,-31.73069],[115.72463,-31.74754],[115.72774,-31.76294],[115.72585,-31.76036],[115.72964,-31.76576],[115.73314,-31.78643],[115.73203,-31.79553],[115.72745,-31.80605],[115.7369,-31.8203],[115.73349,-31.8237],[115.73858,-31.82165],[115.74088,-31.82443],[115.73872,-31.82383],[115.73964,-31.82515],[115.73669,-31.8266],[115.735,-31.82431],[115.73157,-31.82329],[115.73679,-31.82689],[115.74216,-31.82611],[115.74381,-31.82783],[115.74869,-31.83551],[115.75168,-31.84833],[115.75213,-31.87205],[115.75093,-31.87605],[115.75525,-31.90282],[115.75426,-31.97382],[115.75001,-31.99693],[115.7516,-32.00133],[115.75084,-32.02229],[115.7418,-32.0395],[115.73502,-32.04104],[115.72727,-32.05287],[115.72438,-32.05404],[115.72754,-32.05378],[115.73162,-32.04752],[115.73351,-32.04887],[115.72851,-32.05374],[115.73696,-32.05276],[115.74851,-32.04012],[115.75466,-32.04034],[115.7584,-32.03886],[115.76046,-32.03275],[115.75985,-32.03046],[115.75554,-32.028],[115.75579,-32.02552],[115.76483,-32.02232],[115.77379,-32.02505],[115.77979,-32.01885],[115.78133,-32.01626],[115.77156,-32.00924],[115.77207,-32.00416],[115.77471,-32.00194],[115.77142,-32.00127],[115.77099,-31.99968],[115.7738,-31.9892],[115.77861,-31.98841],[115.78662,-31.99102],[115.78725,-31.99657],[115.79179,-32.00492],[115.80415,-32.00291],[115.81053,-32.00031],[115.81323,-31.99398],[115.81914,-31.9875],[115.82893,-31.9871],[115.82177,-31.98292],[115.82222,-31.97631],[115.82673,-31.97299],[115.83361,-31.97164],[115.84252,-31.96319],[115.84813,-31.96234],[115.85451,-31.9587],[115.87828,-31.9663],[115.87568,-31.9674],[115.87638,-31.96896],[115.88338,-31.96694],[115.88782,-31.96287],[115.88626,-31.96175],[115.88543,-31.96319],[115.88146,-31.96384],[115.88452,-31.95847],[115.88141,-31.9444],[115.88474,-31.93837],[115.88756,-31.93658],[115.89154,-31.93688],[115.89766,-31.94095],[115.89863,-31.9436],[115.89666,-31.94852],[115.89963,-31.95144],[115.90477,-31.95195],[115.91408,-31.95031],[115.91508,-31.94686],[115.90758,-31.93938],[115.90891,-31.93483],[115.91739,-31.93115],[115.93621,-31.92997],[115.94117,-31.91976],[115.9507,-31.9224],[115.95556,-31.91628],[115.96166,-31.91131],[115.96264,-31.9034],[115.9579,-31.89768],[115.9581,-31.89518],[115.97403,-31.89371],[115.96626,-31.89589],[115.95865,-31.89532],[115.95853,-31.89779],[115.96172,-31.9001],[115.96338,-31.90405],[115.96533,-31.90434],[115.96283,-31.90585],[115.96213,-31.90796],[115.96274,-31.91067],[115.9632,-31.90729],[115.96447,-31.90842],[115.96394,-31.91001],[115.95944,-31.9146],[115.9561,-31.91657],[115.95142,-31.92305],[115.94808,-31.92315],[115.94126,-31.92039],[115.93906,-31.9289],[115.93632,-31.93101],[115.91744,-31.93284],[115.91013,-31.93598],[115.90977,-31.93684],[115.9112,-31.93569],[115.90876,-31.9384],[115.90916,-31.94038],[115.91024,-31.9411],[115.91015,-31.93954],[115.91533,-31.94476],[115.919,-31.94426],[115.91813,-31.94856],[115.91484,-31.95115],[115.90485,-31.95384],[115.89874,-31.95366],[115.89516,-31.94976],[115.89504,-31.94427],[115.89309,-31.94117],[115.88833,-31.93976],[115.88593,-31.94054],[115.88453,-31.94892],[115.89111,-31.96231],[115.88374,-31.96905],[115.87912,-31.97093],[115.87137,-31.97112],[115.86789,-31.9738],[115.86378,-31.97464],[115.85221,-31.97044],[115.84838,-31.96462],[115.84509,-31.96521],[115.84756,-31.97949],[115.85455,-31.9933],[115.85274,-32.00432],[115.85431,-32.00696],[115.85398,-32.01114],[115.85678,-32.01385],[115.85593,-32.01929],[115.86029,-32.02877],[115.85726,-32.03117],[115.86168,-32.03336],[115.86268,-32.02862],[115.86573,-32.02645],[115.87089,-32.02804],[115.87357,-32.03111],[115.87676,-32.02184],[115.88666,-32.01948],[115.88939,-32.01751],[115.89727,-32.01795],[115.89766,-32.02036],[115.90159,-32.02152],[115.90378,-32.02483],[115.90164,-32.02756],[115.90108,-32.02309],[115.8984,-32.02333],[115.89357,-32.02034],[115.88878,-32.02405],[115.88336,-32.0242],[115.88255,-32.02797],[115.8779,-32.03175],[115.8683,-32.03128],[115.86421,-32.03633],[115.86074,-32.03774],[115.86096,-32.04461],[115.86241,-32.0457],[115.86082,-32.04571],[115.85965,-32.04097],[115.85339,-32.03279],[115.85263,-32.0273],[115.85486,-32.02356],[115.85046,-32.01918],[115.85266,-32.01143],[115.84834,-32.00876],[115.84585,-32.00394],[115.84643,-32.00171],[115.84164,-32.00252],[115.84017,-32.00506],[115.83693,-32.00657],[115.83273,-32.00552],[115.82882,-32.00639],[115.82915,-32.01375],[115.8269,-32.02125],[115.82433,-32.02426],[115.81436,-32.02905],[115.81211,-32.02741],[115.81541,-32.02577],[115.81336,-32.02231],[115.79794,-32.01683],[115.78672,-32.01094],[115.78567,-32.01819],[115.77753,-32.02854],[115.77234,-32.02899],[115.76628,-32.02577],[115.76192,-32.02664],[115.76408,-32.03181],[115.76032,-32.04053],[115.75249,-32.04228],[115.74226,-32.05241],[115.73791,-32.05463],[115.73767,-32.05625],[115.73225,-32.05566],[115.74091,-32.05697],[115.7414,-32.05941],[115.73944,-32.06012],[115.73809,-32.06203],[115.73957,-32.06354],[115.7383,-32.06219],[115.73963,-32.06023],[115.74084,-32.05976],[115.74145,-32.06093],[115.74037,-32.06281],[115.73902,-32.06241],[115.74037,-32.06309],[115.74348,-32.06108],[115.74265,-32.05868],[115.74758,-32.06069],[115.74795,-32.06554],[115.74403,-32.06441],[115.74262,-32.06229],[115.74377,-32.06445],[115.74495,-32.06489],[115.74423,-32.06597],[115.74509,-32.06496],[115.74853,-32.06675],[115.74936,-32.07051],[115.74515,-32.06896],[115.74262,-32.06497],[115.74525,-32.06925],[115.75074,-32.07167],[115.75065,-32.08395],[115.75886,-32.09636],[115.75571,-32.09712],[115.75593,-32.10073],[115.75858,-32.10445],[115.76188,-32.10572],[115.76277,-32.10928],[115.76089,-32.12078],[115.75596,-32.12954],[115.74988,-32.13279],[115.73735,-32.13494],[115.74358,-32.13581],[115.74486,-32.13672],[115.74377,-32.13814],[115.74778,-32.13474],[115.75541,-32.13548],[115.76073,-32.1375],[115.76216,-32.14048],[115.76157,-32.13846],[115.76539,-32.1396],[115.76648,-32.15235],[115.76244,-32.1505],[115.76024,-32.14481],[115.76168,-32.15085],[115.76595,-32.15328],[115.76485,-32.15691],[115.76652,-32.16056],[115.76281,-32.16056],[115.7627,-32.16157],[115.76346,-32.16382],[115.76727,-32.16385],[115.76734,-32.16712],[115.77045,-32.16709],[115.77503,-32.18169],[115.77458,-32.19379],[115.76895,-32.20731],[115.75571,-32.22365],[115.75515,-32.22586],[115.75836,-32.22943],[115.76001,-32.2378],[115.75607,-32.25002],[115.73671,-32.26965],[115.72472,-32.27668],[115.71205,-32.27505],[115.7065,-32.27592],[115.69888,-32.27347],[115.69961,-32.26842],[115.69822,-32.27196],[115.69862,-32.26918],[115.6894,-32.26775],[115.68619,-32.26437],[115.68476,-32.26597],[115.68571,-32.27128],[115.68878,-32.27269],[115.69188,-32.27204],[115.70198,-32.2824],[115.70286,-32.28813],[115.70099,-32.29318],[115.70356,-32.29886],[115.70157,-32.30526],[115.71361,-32.30494],[115.73069,-32.31026],[115.73936,-32.32017],[115.74335,-32.33355],[115.74255,-32.3507],[115.73613,-32.3624],[115.73158,-32.36599],[115.72736,-32.36624],[115.72113,-32.36928],[115.71287,-32.37016],[115.71351,-32.37222],[115.71879,-32.375],[115.73019,-32.38536],[115.7439,-32.40348],[115.74658,-32.4117],[115.7502,-32.43961],[115.74633,-32.47554],[115.73791,-32.50193],[115.72793,-32.51648],[115.72387,-32.51991],[115.71175,-32.52139],[115.71192,-32.52545],[115.7156,-32.52891],[115.71707,-32.52965],[115.72094,-32.52721],[115.71831,-32.53326],[115.72229,-32.54004],[115.72148,-32.54368],[115.71963,-32.53852],[115.71887,-32.55361],[115.7218,-32.55864],[115.71904,-32.56081],[115.71853,-32.56439],[115.72325,-32.56787],[115.74415,-32.56297],[115.75531,-32.5648],[115.7619,-32.57138],[115.76147,-32.57426],[115.75994,-32.5747],[115.76053,-32.57876],[115.76626,-32.58157],[115.76505,-32.58211],[115.76563,-32.58603],[115.76218,-32.5878],[115.7629,-32.59076],[115.76516,-32.5926],[115.76755,-32.59173],[115.77658,-32.59404],[115.77751,-32.59633],[115.77715,-32.59941],[115.77427,-32.6015],[115.77367,-32.61463],[115.77065,-32.61777],[115.77286,-32.62356],[115.7719,-32.62437],[115.77546,-32.62443],[115.77299,-32.62601],[115.77211,-32.62492],[115.76987,-32.62559],[115.76967,-32.62444],[115.76731,-32.62701],[115.77372,-32.63589],[115.76243,-32.64229],[115.75992,-32.64234],[115.75874,-32.64036],[115.75819,-32.64299],[115.74874,-32.64367],[115.74703,-32.64633],[115.7417,-32.64528],[115.73407,-32.64015],[115.7288,-32.63414],[115.72423,-32.63187],[115.72,-32.63254],[115.72001,-32.63851],[115.71791,-32.64024],[115.70414,-32.64374],[115.6955,-32.63411],[115.6828,-32.62653],[115.68236,-32.62335],[115.67996,-32.62376],[115.67696,-32.62119],[115.67689,-32.61644],[115.67068,-32.6143],[115.66636,-32.61572],[115.6691,-32.6258],[115.66651,-32.63214],[115.66718,-32.63457],[115.67366,-32.64081],[115.67528,-32.64602],[115.6787,-32.64611],[115.68471,-32.65336],[115.68537,-32.66483],[115.68765,-32.66777],[115.68479,-32.67791],[115.68606,-32.6829],[115.69131,-32.68365],[115.69736,-32.6906],[115.69756,-32.69515],[115.70035,-32.69901],[115.70016,-32.70277],[115.70255,-32.7081],[115.70247,-32.71254],[115.70786,-32.71793],[115.71391,-32.72887],[115.71385,-32.73318],[115.71025,-32.74134],[115.71537,-32.74151],[115.7193,-32.74352],[115.72685,-32.75333],[115.72595,-32.75684],[115.72749,-32.7568],[115.72794,-32.7608],[115.7249,-32.77903],[115.72588,-32.78173],[115.7228,-32.78309],[115.71977,-32.78192],[115.71518,-32.77602],[115.7147,-32.77253],[115.71331,-32.77285],[115.71154,-32.77579],[115.71138,-32.78058],[115.71316,-32.78093],[115.71388,-32.78388],[115.71244,-32.78771],[115.70349,-32.78376],[115.70216,-32.78143],[115.7028,-32.77495],[115.69617,-32.77227],[115.69273,-32.76768],[115.69268,-32.75938],[115.69663,-32.75427],[115.69044,-32.7541],[115.6835,-32.75061],[115.68255,-32.74806],[115.68401,-32.74325],[115.67753,-32.73691],[115.67937,-32.73188],[115.67261,-32.72806],[115.67337,-32.72028],[115.67312,-32.7212],[115.66927,-32.71149],[115.6716,-32.70029],[115.66748,-32.69749],[115.66267,-32.68223],[115.65547,-32.67228],[115.65443,-32.66591],[115.65676,-32.66114],[115.64706,-32.648],[115.64871,-32.63498],[115.64212,-32.62925],[115.64102,-32.61849],[115.64173,-32.61369],[115.64558,-32.61229],[115.64335,-32.60976],[115.64517,-32.60818],[115.64921,-32.61029],[115.65353,-32.60562],[115.65451,-32.60106],[115.66762,-32.59754],[115.67286,-32.59389],[115.67116,-32.59451],[115.66786,-32.5914],[115.666,-32.58641],[115.67111,-32.57516],[115.6743,-32.57296],[115.68869,-32.57107],[115.69449,-32.56649],[115.69972,-32.56377],[115.69508,-32.56571],[115.69583,-32.56424],[115.69822,-32.56348],[115.70652,-32.56335],[115.71025,-32.56004],[115.71762,-32.5576],[115.71578,-32.55343],[115.71514,-32.55744],[115.71423,-32.55634],[115.71642,-32.545],[115.71506,-32.54586],[115.7155,-32.54818],[115.71389,-32.54586],[115.71745,-32.53892],[115.71707,-32.53562],[115.70943,-32.52566],[115.70724,-32.52683],[115.70948,-32.52542],[115.71039,-32.52046],[115.70745,-32.52132],[115.70176,-32.51783],[115.69528,-32.52493],[115.68636,-32.5414],[115.66786,-32.56547],[115.65496,-32.57872],[115.65278,-32.57976],[115.6512,-32.57809],[115.64891,-32.579],[115.64842,-32.58186],[115.64166,-32.58708],[115.63861,-32.59222],[115.63284,-32.59429],[115.63206,-32.5986],[115.63052,-32.59862],[115.6313,-32.60282],[115.62782,-32.59953],[115.62937,-32.60572],[115.62379,-32.61647],[115.62339,-32.6229],[115.61647,-32.64132],[115.61503,-32.65316],[115.60995,-32.66024],[115.60826,-32.66671],[115.60698,-32.68492],[115.6138,-32.70571],[115.62196,-32.76479],[115.62863,-32.79331],[115.63265,-32.83387],[115.65286,-32.89521],[115.65979,-32.94156],[115.67372,-32.99877],[115.68776,-33.10861],[115.68894,-33.13306],[115.68527,-33.14938],[115.68315,-33.17585],[115.68345,-33.21629],[115.68103,-33.27524],[115.67885,-33.28798],[115.67368,-33.29942],[115.66958,-33.304],[115.671,-33.30468],[115.6702,-33.30691],[115.6576,-33.31792],[115.66008,-33.31946],[115.66406,-33.31663],[115.66298,-33.31908],[115.66627,-33.32207],[115.6622,-33.32526],[115.654,-33.31863],[115.64985,-33.31991],[115.64471,-33.31811],[115.644,-33.31932],[115.63981,-33.31872],[115.64023,-33.31488],[115.64774,-33.30629],[115.64432,-33.30826],[115.64259,-33.31134],[115.64075,-33.31003],[115.64208,-33.30742],[115.6468,-33.30458],[115.64616,-33.30097],[115.64501,-33.30476],[115.63766,-33.30911],[115.63583,-33.30875],[115.62805,-33.33144],[115.62287,-33.34107],[115.59897,-33.4096],[115.59199,-33.42409],[115.58249,-33.43741],[115.57366,-33.45375],[115.56627,-33.46242],[115.56056,-33.46522],[115.55729,-33.47033],[115.55034,-33.47545],[115.53944,-33.4902],[115.53196,-33.49641],[115.48722,-33.54629],[115.45467,-33.57888],[115.44169,-33.59508],[115.42755,-33.60829],[115.40414,-33.62379],[115.38631,-33.6326],[115.36725,-33.63938],[115.34944,-33.64217],[115.31993,-33.65185],[115.29998,-33.6548],[115.29286,-33.65388],[115.26377,-33.65687],[115.2521,-33.65659],[115.2317,-33.65545],[115.22634,-33.65308],[115.21679,-33.65312],[115.20672,-33.65103],[115.18713,-33.64319],[115.16995,-33.63884],[115.14544,-33.62996],[115.12968,-33.62718],[115.12327,-33.62387],[115.10475,-33.60589],[115.10643,-33.60414],[115.10614,-33.60061],[115.1042,-33.59802],[115.10512,-33.59563],[115.10221,-33.59236],[115.10255,-33.58618],[115.10067,-33.58365],[115.09531,-33.58102],[115.09551,-33.57873],[115.09241,-33.57594],[115.08735,-33.57321],[115.08885,-33.56828],[115.08573,-33.56806],[115.08454,-33.56505],[115.07834,-33.5624],[115.0651,-33.55839],[115.06342,-33.55624],[115.06377,-33.55295],[115.05931,-33.55065],[115.05777,-33.54853],[115.05872,-33.54627],[115.0547,-33.54388],[115.0511,-33.54334],[115.04491,-33.54502],[115.03572,-33.5441],[115.03188,-33.54124],[115.03153,-33.53371],[115.02603,-33.5346],[115.00809,-33.52979],[115.00374,-33.5309],[115.00767,-33.53809],[115.00725,-33.54432],[115.01068,-33.55033],[115.01133,-33.55642],[115.00385,-33.56106],[115.00599,-33.56088],[115.00676,-33.56757],[115.00948,-33.57026],[115.01082,-33.57731],[115.01573,-33.58724],[115.01759,-33.59835],[115.0233,-33.60926],[115.02828,-33.63414],[115.02411,-33.64009],[115.02173,-33.64052],[115.02178,-33.64526],[115.01984,-33.64564],[115.02237,-33.64884],[115.01941,-33.65648],[115.01348,-33.66075],[115.00693,-33.65955],[115.00234,-33.66809],[114.99853,-33.67005],[114.99479,-33.66937],[114.99667,-33.67625],[114.99582,-33.67816],[114.99157,-33.67995],[114.99396,-33.68488],[114.9905,-33.69623],[114.98698,-33.69975],[114.98319,-33.70112],[114.98193,-33.69946],[114.97509,-33.69804],[114.97497,-33.70271],[114.97963,-33.708],[114.98009,-33.71501],[114.98793,-33.73485],[114.98857,-33.7447],[114.9914,-33.74726],[114.99274,-33.75137],[114.98866,-33.76229],[114.99082,-33.76495],[114.98926,-33.76827],[114.99341,-33.77458],[115.00011,-33.79416],[114.99686,-33.80798],[114.99764,-33.82195],[114.9942,-33.83078],[114.99399,-33.84847],[114.98466,-33.85775],[114.98858,-33.8603],[114.98695,-33.86379],[114.98113,-33.86567],[114.97596,-33.86417],[114.98331,-33.88134],[114.98604,-33.89997],[114.98859,-33.9059],[114.98569,-33.91235],[114.98864,-33.91848],[114.98711,-33.92263],[114.99224,-33.93266],[114.99191,-33.95353],[114.98515,-33.95979],[114.97989,-33.96141],[114.98168,-33.96347],[114.98075,-33.96438],[114.98299,-33.96494],[114.98109,-33.9662],[114.98254,-33.96715],[114.98127,-33.96938],[114.98644,-33.97135],[114.98438,-33.97729],[114.98852,-33.97811],[114.98998,-33.97988],[114.99118,-33.98935],[114.9891,-33.99152],[114.99344,-34.00017],[114.99651,-34.0026],[114.99551,-34.00458],[115.00081,-34.01538],[114.99958,-34.02198],[115.00151,-34.0333],[114.99849,-34.03918],[115.00111,-34.04423],[114.99845,-34.05461],[115.00195,-34.05913],[114.99843,-34.06175],[114.99715,-34.06887],[115.00016,-34.0721],[115.00415,-34.08144],[114.99989,-34.08761],[114.99365,-34.09189],[114.9934,-34.0972],[114.99111,-34.09845],[114.99352,-34.09881],[114.99206,-34.10156],[114.99606,-34.10527],[115.01924,-34.13914],[115.02322,-34.15417],[115.02098,-34.15931],[115.02684,-34.15879],[115.02986,-34.16513],[115.03914,-34.19818],[115.03819,-34.20716],[115.03506,-34.21472],[115.02442,-34.22279],[115.0303,-34.22763],[115.0329,-34.23725],[115.02876,-34.24259],[115.03016,-34.24655],[115.02919,-34.25034],[115.02373,-34.25292],[115.02596,-34.25677],[115.03401,-34.2591],[115.03557,-34.26448],[115.03368,-34.26609],[115.03407,-34.27041],[115.03564,-34.27147],[115.0433,-34.27108],[115.05057,-34.27541],[115.06318,-34.28924],[115.07527,-34.29839],[115.08251,-34.30595],[115.09172,-34.32119],[115.11101,-34.33321],[115.11915,-34.34093],[115.1247,-34.35073],[115.12402,-34.35562],[115.12682,-34.35463],[115.12936,-34.35847],[115.13161,-34.35818],[115.13179,-34.36063],[115.13298,-34.35978],[115.13399,-34.36373],[115.13704,-34.3643],[115.13716,-34.36561],[115.13408,-34.36683],[115.13538,-34.36786],[115.13295,-34.37424],[115.13401,-34.37607],[115.13765,-34.37616],[115.13733,-34.37075],[115.14018,-34.36892],[115.14533,-34.36866],[115.14606,-34.36981],[115.14899,-34.36774],[115.15144,-34.37012],[115.15184,-34.36816],[115.15448,-34.36863],[115.15554,-34.36736],[115.15648,-34.3693],[115.15788,-34.36902],[115.16639,-34.35678],[115.16792,-34.34761],[115.17029,-34.34475],[115.16765,-34.34019],[115.16988,-34.33671],[115.17041,-34.3284],[115.17299,-34.32296],[115.16742,-34.32441],[115.16468,-34.32283],[115.1604,-34.3118],[115.16247,-34.30592],[115.16008,-34.298],[115.15817,-34.29619],[115.15498,-34.29623],[115.15259,-34.29642],[115.15171,-34.29888],[115.15043,-34.29742],[115.14846,-34.29861],[115.14943,-34.2946],[115.14687,-34.29052],[115.14386,-34.28947],[115.14829,-34.28928],[115.15374,-34.29456],[115.16043,-34.29476],[115.16318,-34.29229],[115.1608,-34.28595],[115.16197,-34.28397],[115.15625,-34.27945],[115.15605,-34.27518],[115.16941,-34.26717],[115.17669,-34.26565],[115.17616,-34.2706],[115.17441,-34.27113],[115.17037,-34.26925],[115.16522,-34.27367],[115.16913,-34.27954],[115.17239,-34.27731],[115.17139,-34.27455],[115.17375,-34.27527],[115.1737,-34.27852],[115.18731,-34.27598],[115.19131,-34.27596],[115.19344,-34.27773],[115.19832,-34.27665],[115.19971,-34.27488],[115.20196,-34.27762],[115.19965,-34.27971],[115.19408,-34.2793],[115.18997,-34.28023],[115.18831,-34.28266],[115.18526,-34.28266],[115.18793,-34.28586],[115.18683,-34.29166],[115.18114,-34.2932],[115.17174,-34.29902],[115.16886,-34.29848],[115.1653,-34.30136],[115.16793,-34.30467],[115.16821,-34.30855],[115.16492,-34.31344],[115.16769,-34.31581],[115.1689,-34.32174],[115.17903,-34.3219],[115.19327,-34.31552],[115.20614,-34.31193],[115.22225,-34.30959],[115.23655,-34.3104],[115.26257,-34.30678],[115.2841,-34.30789],[115.32553,-34.31276],[115.3435,-34.31576],[115.36973,-34.32257],[115.40011,-34.33424],[115.43844,-34.35241],[115.45309,-34.36134],[115.4694,-34.37509],[115.48282,-34.38374],[115.50211,-34.38855],[115.52027,-34.39684],[115.53473,-34.40981],[115.54227,-34.41423],[115.54329,-34.41606],[115.54003,-34.42186],[115.54087,-34.42307],[115.54493,-34.4229],[115.54683,-34.42429],[115.55902,-34.41512],[115.57276,-34.42148],[115.57787,-34.42207],[115.60554,-34.43806],[115.66988,-34.48091],[115.68556,-34.49575],[115.73515,-34.53238],[115.76643,-34.55788],[115.85367,-34.63374],[115.9472,-34.72081],[115.95385,-34.72786],[115.95538,-34.73535],[115.95764,-34.73632],[115.95831,-34.73938],[115.96244,-34.7439],[115.96044,-34.75053],[115.96287,-34.75777],[115.96034,-34.76016],[115.96082,-34.76308],[115.96337,-34.76542],[115.96686,-34.76573],[115.98298,-34.78295],[116.00268,-34.81238],[116.00457,-34.81798],[116.00229,-34.82079],[116.00294,-34.8255],[115.99674,-34.83088],[116.00209,-34.83577],[116.00193,-34.84229],[116.01365,-34.83996],[116.01512,-34.83836],[116.02267,-34.84059],[116.02962,-34.83692],[116.03859,-34.8412],[116.06596,-34.84218],[116.0819,-34.84724],[116.08988,-34.84684],[116.09645,-34.84932],[116.10896,-34.8457],[116.13706,-34.84473],[116.16639,-34.85141],[116.19586,-34.86305],[116.22762,-34.86881],[116.25074,-34.87604],[116.28212,-34.89005],[116.28935,-34.89539],[116.28948,-34.89973],[116.29239,-34.8983],[116.2958,-34.89883],[116.29698,-34.90097],[116.29986,-34.90177],[116.3006,-34.90509],[116.30186,-34.90195],[116.3042,-34.9014],[116.30966,-34.90763],[116.31176,-34.90712],[116.31674,-34.91036],[116.32058,-34.91016],[116.33152,-34.91515],[116.34677,-34.92669],[116.34864,-34.92621],[116.34977,-34.92801],[116.35431,-34.92646],[116.36703,-34.93395],[116.37029,-34.93441],[116.37604,-34.93783],[116.37764,-34.94063],[116.37661,-34.94225],[116.37892,-34.94484],[116.38418,-34.94669],[116.38312,-34.94863],[116.38871,-34.94811],[116.43634,-34.97403],[116.43867,-34.97698],[116.43694,-34.97929],[116.44467,-34.97917],[116.47858,-35.00397],[116.4837,-35.01071],[116.48092,-35.01396],[116.48167,-35.01614],[116.48484,-35.01625],[116.48767,-35.01226],[116.48932,-35.01696],[116.49844,-35.01544],[116.50111,-35.01357],[116.50166,-35.01178],[116.50009,-35.01099],[116.50154,-35.00865],[116.50783,-35.00554],[116.51521,-35.00695],[116.51819,-35.00388],[116.51789,-35.0022],[116.52255,-35.00248],[116.52328,-35.00494],[116.53286,-35.00443],[116.54116,-35.00726],[116.54828,-35.01207],[116.56648,-35.01837],[116.56932,-35.02044],[116.56913,-35.02213],[116.57077,-35.02173],[116.57079,-35.02512],[116.57486,-35.02436],[116.5756,-35.02799],[116.57081,-35.0315],[116.57296,-35.03187],[116.57231,-35.033],[116.57803,-35.02811],[116.5821,-35.0306],[116.5858,-35.02858],[116.59133,-35.03373],[116.59582,-35.03216],[116.60116,-35.03332],[116.6057,-35.03115],[116.61032,-35.03327],[116.62987,-35.04629],[116.62532,-35.05293],[116.62745,-35.05633],[116.62678,-35.0585],[116.63038,-35.06082],[116.63308,-35.05988],[116.63548,-35.05436],[116.64265,-35.05355],[116.64587,-35.04948],[116.64551,-35.04715],[116.6517,-35.05106],[116.65515,-35.05028],[116.65809,-35.05142],[116.65721,-35.04761],[116.6671,-35.04804],[116.6682,-35.04465],[116.6713,-35.04532],[116.67517,-35.04367],[116.67642,-35.04481],[116.67907,-35.04193],[116.679,-35.03959],[116.68117,-35.03818],[116.68372,-35.03901],[116.68383,-35.03697],[116.68628,-35.03676],[116.68823,-35.0342],[116.70076,-35.03446],[116.70721,-35.02894],[116.71869,-35.03261],[116.7216,-35.03567],[116.71976,-35.03906],[116.72184,-35.03874],[116.72649,-35.04138],[116.73281,-35.04006],[116.74018,-35.03553],[116.74263,-35.03518],[116.74337,-35.03719],[116.74542,-35.03739],[116.74668,-35.03597],[116.74438,-35.03429],[116.74507,-35.03175],[116.74224,-35.03014],[116.73738,-35.03041],[116.74193,-35.02249],[116.7484,-35.01833],[116.75754,-35.01572],[116.76828,-35.01471],[116.79151,-35.01848],[116.81046,-35.02575],[116.82417,-35.034],[116.82595,-35.03772],[116.8235,-35.03983],[116.82896,-35.03904],[116.82607,-35.04232],[116.82695,-35.04328],[116.83113,-35.04283],[116.83497,-35.03926],[116.83554,-35.041],[116.83815,-35.03927],[116.84436,-35.04028],[116.84841,-35.04536],[116.84604,-35.04731],[116.84638,-35.04937],[116.85371,-35.04783],[116.85902,-35.05079],[116.85894,-35.05314],[116.862,-35.05661],[116.86171,-35.05359],[116.86593,-35.04848],[116.87177,-35.0482],[116.87513,-35.05067],[116.87952,-35.04819],[116.88456,-35.0478],[116.88879,-35.05009],[116.89064,-35.05492],[116.89281,-35.05433],[116.89556,-35.05672],[116.89964,-35.05471],[116.90377,-35.05474],[116.90602,-35.05575],[116.90584,-35.05869],[116.91278,-35.05824],[116.91577,-35.06026],[116.9156,-35.06243],[116.9177,-35.06136],[116.91796,-35.06308],[116.92064,-35.06309],[116.92124,-35.06434],[116.92485,-35.06354],[116.92674,-35.06001],[116.92464,-35.05361],[116.92845,-35.05271],[116.92888,-35.04717],[116.93141,-35.04417],[116.9294,-35.04174],[116.93329,-35.04014],[116.93441,-35.03497],[116.94465,-35.02591],[116.95615,-35.0212],[116.95685,-35.01935],[116.97082,-35.01934],[116.98508,-35.02192],[116.99682,-35.02666],[117.01195,-35.03011],[117.01635,-35.03205],[117.01894,-35.0355],[117.0197,-35.0339],[117.02466,-35.03206],[117.0238,-35.02849],[117.03351,-35.02505],[117.05574,-35.03041],[117.05803,-35.02846],[117.06023,-35.0287],[117.06461,-35.03143],[117.06318,-35.03395],[117.07086,-35.03829],[117.07486,-35.03628],[117.07213,-35.03322],[117.07339,-35.03182],[117.07688,-35.03447],[117.07731,-35.03165],[117.08208,-35.03007],[117.08905,-35.03087],[117.09231,-35.03294],[117.09796,-35.03242],[117.1026,-35.03442],[117.104,-35.03759],[117.10553,-35.03691],[117.10933,-35.03904],[117.11009,-35.04145],[117.1112,-35.03991],[117.11751,-35.04196],[117.13063,-35.04816],[117.13414,-35.05085],[117.13315,-35.05242],[117.13482,-35.05511],[117.13778,-35.05255],[117.14112,-35.0522],[117.14837,-35.05785],[117.15048,-35.06147],[117.15613,-35.05809],[117.15104,-35.05531],[117.15362,-35.04778],[117.15684,-35.0456],[117.16431,-35.04476],[117.16168,-35.04172],[117.16331,-35.04],[117.16036,-35.03874],[117.16001,-35.03518],[117.16472,-35.02694],[117.18242,-35.01911],[117.19525,-35.01709],[117.20697,-35.01716],[117.22176,-35.01931],[117.22612,-35.02333],[117.22748,-35.0224],[117.23449,-35.02356],[117.23665,-35.02711],[117.23786,-35.02552],[117.23817,-35.02696],[117.24761,-35.02931],[117.25557,-35.02651],[117.25549,-35.02542],[117.26117,-35.02458],[117.26328,-35.02092],[117.2658,-35.02044],[117.26855,-35.0222],[117.27213,-35.02106],[117.27588,-35.02347],[117.28474,-35.02531],[117.31544,-35.03716],[117.31724,-35.03956],[117.31665,-35.04281],[117.3186,-35.04052],[117.32304,-35.04376],[117.32608,-35.04388],[117.33323,-35.04118],[117.3309,-35.03761],[117.33557,-35.03705],[117.33496,-35.03571],[117.33704,-35.03463],[117.33337,-35.03242],[117.33351,-35.03064],[117.33115,-35.03024],[117.33273,-35.02471],[117.33161,-35.02415],[117.33066,-35.0263],[117.32892,-35.0254],[117.33038,-35.02129],[117.32745,-35.02068],[117.32644,-35.01737],[117.32885,-35.00873],[117.33708,-35.00489],[117.33629,-34.99561],[117.33424,-34.9937],[117.33632,-34.99539],[117.33941,-34.99122],[117.34193,-34.99134],[117.34881,-34.98699],[117.35355,-34.98839],[117.35396,-34.99129],[117.35241,-34.99197],[117.3542,-34.99153],[117.35476,-34.99304],[117.35575,-34.99069],[117.35837,-34.99047],[117.36065,-34.98621],[117.36312,-34.98548],[117.36281,-34.9813],[117.36503,-34.9801],[117.36405,-34.97749],[117.36634,-34.97433],[117.36768,-34.97491],[117.36706,-34.97242],[117.36917,-34.96947],[117.37692,-34.96866],[117.38057,-34.97161],[117.38674,-34.96896],[117.39709,-34.97162],[117.39842,-34.97319],[117.4049,-34.97349],[117.4106,-34.97913],[117.41913,-34.9827],[117.42083,-34.9854],[117.42457,-34.9833],[117.42907,-34.98606],[117.43114,-34.98209],[117.43747,-34.97999],[117.44364,-34.97138],[117.44874,-34.9681],[117.45521,-34.96694],[117.4614,-34.97138],[117.46334,-34.97062],[117.46785,-34.9721],[117.47188,-34.97584],[117.4754,-34.98005],[117.47445,-34.98123],[117.47957,-34.99351],[117.47974,-34.99766],[117.47574,-34.99874],[117.47697,-35.00013],[117.47356,-35.0007],[117.4689,-35.00649],[117.46057,-35.00356],[117.46021,-35.00508],[117.45709,-35.00522],[117.45832,-35.00626],[117.45558,-35.00729],[117.45513,-35.00997],[117.45157,-35.01005],[117.45401,-35.01394],[117.45746,-35.01274],[117.46501,-35.01428],[117.46467,-35.0175],[117.46705,-35.01833],[117.46578,-35.02053],[117.45983,-35.01984],[117.45495,-35.01677],[117.44109,-35.02196],[117.42849,-35.02161],[117.4151,-35.01363],[117.39864,-35.00813],[117.39571,-34.99813],[117.39496,-34.99944],[117.38166,-34.99988],[117.35686,-35.00514],[117.33621,-35.01639],[117.3325,-35.01982],[117.33308,-35.02391],[117.34872,-35.02047],[117.35785,-35.02175],[117.35858,-35.02023],[117.36285,-35.01956],[117.37078,-35.0243],[117.38034,-35.02646],[117.39362,-35.03293],[117.39749,-35.03196],[117.39943,-35.03502],[117.40716,-35.03664],[117.43493,-35.0508],[117.43872,-35.05435],[117.44134,-35.05438],[117.47914,-35.07356],[117.48039,-35.07737],[117.48565,-35.07957],[117.483,-35.08254],[117.48527,-35.0827],[117.48371,-35.08654],[117.48527,-35.08896],[117.48861,-35.08819],[117.49272,-35.08994],[117.49664,-35.08866],[117.49596,-35.08617],[117.49804,-35.08498],[117.5036,-35.08444],[117.50453,-35.08299],[117.50747,-35.08394],[117.51236,-35.0831],[117.51342,-35.08225],[117.51121,-35.07892],[117.51437,-35.0746],[117.51648,-35.07576],[117.51913,-35.07505],[117.51886,-35.07793],[117.52509,-35.07423],[117.54864,-35.08252],[117.57538,-35.0953],[117.5842,-35.10119],[117.58418,-35.10345],[117.5871,-35.10303],[117.59386,-35.10774],[117.59584,-35.10773],[117.59971,-35.11395],[117.6056,-35.11529],[117.60852,-35.12213],[117.60699,-35.12754],[117.60936,-35.12796],[117.61125,-35.13332],[117.6139,-35.13255],[117.61528,-35.12992],[117.62153,-35.13135],[117.62398,-35.1342],[117.62642,-35.13212],[117.62561,-35.12862],[117.62939,-35.12773],[117.63479,-35.13047],[117.63762,-35.13447],[117.63971,-35.13447],[117.63911,-35.1302],[117.64173,-35.12557],[117.63958,-35.12325],[117.63438,-35.12411],[117.63425,-35.11993],[117.62843,-35.11283],[117.63083,-35.10734],[117.63469,-35.10676],[117.63351,-35.10394],[117.63783,-35.09902],[117.63595,-35.09352],[117.63717,-35.0886],[117.64291,-35.08503],[117.64993,-35.08628],[117.6514,-35.08376],[117.64923,-35.07645],[117.64752,-35.07562],[117.64829,-35.07315],[117.64364,-35.06859],[117.64461,-35.06211],[117.65137,-35.0564],[117.66558,-35.05117],[117.67573,-35.04432],[117.68561,-35.04333],[117.69112,-35.04484],[117.69986,-35.05185],[117.70372,-35.05003],[117.70431,-35.04741],[117.70811,-35.04768],[117.70939,-35.04483],[117.72679,-35.0466],[117.76216,-35.0545],[117.78305,-35.06193],[117.83891,-35.08731],[117.85154,-35.09485],[117.85153,-35.09805],[117.86083,-35.10233],[117.8659,-35.10924],[117.87069,-35.10729],[117.87577,-35.10719],[117.88555,-35.11007],[117.88565,-35.11268],[117.8903,-35.11413],[117.88985,-35.11762],[117.89882,-35.12343],[117.90086,-35.12335],[117.89939,-35.11817],[117.90042,-35.11645],[117.90444,-35.11467],[117.90863,-35.11411],[117.91496,-35.11618],[117.9208,-35.11626],[117.92145,-35.12008],[117.92446,-35.12183],[117.92605,-35.12056],[117.92865,-35.12147],[117.92939,-35.12024],[117.93221,-35.12043],[117.9337,-35.11844],[117.93792,-35.11785],[117.94087,-35.11469],[117.94086,-35.11914],[117.9472,-35.12158],[117.94388,-35.12475],[117.94425,-35.12647],[117.9458,-35.12788],[117.95027,-35.12797],[117.95362,-35.12687],[117.95376,-35.12223],[117.95952,-35.12123],[117.96573,-35.1175],[117.96706,-35.1149],[117.96926,-35.11456],[117.97019,-35.1122],[117.96672,-35.10943],[117.9686,-35.10138],[117.97543,-35.10245],[117.97581,-35.09881],[117.97979,-35.0983],[117.99188,-35.09821],[117.99507,-35.1009],[117.99609,-35.09822],[118.00535,-35.09871],[118.00915,-35.10089],[118.01009,-35.1042],[118.0118,-35.10439],[118.01189,-35.10319],[118.01502,-35.10689],[118.02084,-35.10854],[118.01975,-35.10566],[118.01526,-35.10219],[118.01769,-35.1004],[118.01472,-35.0955],[118.01248,-35.09304],[118.00093,-35.08731],[117.99591,-35.08812],[117.99572,-35.09068],[117.99252,-35.09234],[117.98417,-35.0927],[117.97913,-35.09637],[117.97236,-35.09487],[117.96896,-35.09629],[117.96383,-35.09393],[117.95788,-35.09536],[117.95213,-35.09237],[117.95008,-35.08949],[117.94816,-35.09253],[117.9436,-35.09165],[117.94195,-35.08872],[117.93904,-35.08811],[117.93468,-35.07547],[117.935,-35.06491],[117.93887,-35.06142],[117.93894,-35.0593],[117.93262,-35.05556],[117.92503,-35.05677],[117.92348,-35.05374],[117.91898,-35.0511],[117.91899,-35.04435],[117.92217,-35.04253],[117.92036,-35.04086],[117.91384,-35.04183],[117.91676,-35.04431],[117.91692,-35.04925],[117.91363,-35.05023],[117.9104,-35.05355],[117.92777,-35.06244],[117.92786,-35.07287],[117.9227,-35.08062],[117.91915,-35.08278],[117.91051,-35.08435],[117.90757,-35.08285],[117.9031,-35.08359],[117.90086,-35.08139],[117.8879,-35.07753],[117.88443,-35.07222],[117.88082,-35.07126],[117.87873,-35.06775],[117.87923,-35.06529],[117.87131,-35.06432],[117.86794,-35.05723],[117.86145,-35.05876],[117.85412,-35.05624],[117.85479,-35.05262],[117.8489,-35.05045],[117.84826,-35.04556],[117.85111,-35.03279],[117.85961,-35.02684],[117.8664,-35.0267],[117.87833,-35.02998],[117.88577,-35.02966],[117.88564,-35.03185],[117.88929,-35.03498],[117.89157,-35.03286],[117.90866,-35.03907],[117.9127,-35.03581],[117.91955,-35.03577],[117.92105,-35.03392],[117.92031,-35.03163],[117.92342,-35.02788],[117.92137,-35.02552],[117.91793,-35.02586],[117.9167,-35.02456],[117.91869,-35.01656],[117.9311,-35.00499],[117.94869,-34.99816],[117.94459,-34.99606],[117.94588,-34.99468],[117.94453,-34.99239],[117.93975,-34.99137],[117.94084,-34.98861],[117.9394,-34.98584],[117.94066,-34.98161],[117.9462,-34.97999],[117.94548,-34.97545],[117.94784,-34.96393],[117.94499,-34.95477],[117.94894,-34.94364],[117.95927,-34.94795],[117.96436,-34.94749],[117.96694,-34.94821],[117.96708,-34.9496],[117.97083,-34.94949],[117.97694,-34.95201],[117.97812,-34.94392],[117.97971,-34.94273],[117.97385,-34.93854],[117.97947,-34.93965],[117.9794,-34.93846],[117.98147,-34.94001],[117.97876,-34.95302],[117.97343,-34.96025],[117.98011,-34.97762],[117.97972,-34.99092],[117.96995,-34.99577],[117.9518,-34.99641],[117.94881,-35.00188],[117.95148,-35.00424],[117.95091,-35.00597],[117.96189,-35.01312],[117.96574,-35.01241],[117.97121,-35.01538],[117.97842,-35.01269],[117.99885,-35.01],[118.00464,-35.01338],[118.00252,-35.01824],[118.00402,-35.02079],[118.01003,-35.01696],[118.0232,-35.01568],[118.02982,-35.01736],[118.03056,-35.02022],[118.03481,-35.02041],[118.03713,-35.0197],[118.03625,-35.01753],[118.03986,-35.01443],[118.04429,-35.01672],[118.04775,-35.01368],[118.05043,-35.01491],[118.05223,-35.01408],[118.05317,-35.01278],[118.05082,-35.00987],[118.05355,-35.0064],[118.05737,-35.00378],[118.05917,-35.00428],[118.06019,-35.00196],[118.06261,-35.00304],[118.06065,-35.00143],[118.06127,-34.9999],[118.07183,-34.99389],[118.09041,-34.98801],[118.10877,-34.98589],[118.11247,-34.9877],[118.11706,-34.98703],[118.13164,-34.98889],[118.13598,-34.98784],[118.16746,-34.99522],[118.17034,-35.00011],[118.17547,-35.00363],[118.17195,-35.00415],[118.17142,-35.00542],[118.17699,-35.0138],[118.18695,-35.01496],[118.19213,-35.01348],[118.19018,-35.02017],[118.19089,-35.02345],[118.18808,-35.02183],[118.18747,-35.02461],[118.18932,-35.02516],[118.19466,-35.02311],[118.20012,-35.01715],[118.20088,-35.01194],[118.20352,-35.01194],[118.20591,-35.0092],[118.20316,-35.00401],[118.19994,-35.00349],[118.2014,-34.99749],[118.20709,-34.99482],[118.20939,-34.98996],[118.21213,-34.98908],[118.20849,-34.98275],[118.21071,-34.97883],[118.20292,-34.97383],[118.19682,-34.97445],[118.19583,-34.97099],[118.19438,-34.9716],[118.1904,-34.96736],[118.18829,-34.97095],[118.18262,-34.97293],[118.17708,-34.97152],[118.17257,-34.96773],[118.16976,-34.96126],[118.16977,-34.95384],[118.17533,-34.94008],[118.17937,-34.93806],[118.1829,-34.94094],[118.18481,-34.94012],[118.18405,-34.93794],[118.18733,-34.93699],[118.18945,-34.93888],[118.19608,-34.93936],[118.19791,-34.94217],[118.2008,-34.94033],[118.20317,-34.94152],[118.20467,-34.94044],[118.20905,-34.94089],[118.21101,-34.94394],[118.2138,-34.94244],[118.20964,-34.94076],[118.2094,-34.93651],[118.20682,-34.93498],[118.21208,-34.92747],[118.22367,-34.91984],[118.23917,-34.91445],[118.24164,-34.91491],[118.24413,-34.9182],[118.25079,-34.91572],[118.25497,-34.918],[118.25452,-34.91441],[118.25988,-34.90854],[118.26563,-34.90844],[118.28025,-34.91262],[118.2885,-34.91212],[118.2911,-34.91069],[118.29442,-34.91283],[118.2997,-34.91184],[118.30194,-34.90784],[118.29823,-34.90629],[118.29869,-34.90363],[118.3038,-34.90491],[118.30592,-34.90281],[118.31635,-34.90416],[118.31884,-34.90315],[118.32092,-34.90425],[118.32148,-34.90124],[118.32955,-34.89807],[118.32989,-34.89479],[118.33222,-34.89328],[118.33467,-34.89361],[118.33405,-34.89142],[118.33541,-34.89368],[118.33131,-34.89543],[118.33127,-34.89805],[118.33475,-34.89848],[118.33917,-34.90268],[118.34115,-34.90056],[118.34451,-34.90195],[118.34572,-34.90015],[118.34824,-34.89989],[118.36011,-34.905],[118.36741,-34.90261],[118.37053,-34.90458],[118.37225,-34.90288],[118.37863,-34.90278],[118.39059,-34.90765],[118.38979,-34.90916],[118.3925,-34.91184],[118.38972,-34.91499],[118.39191,-34.91558],[118.39365,-34.9142],[118.3961,-34.91549],[118.39693,-34.91827],[118.40344,-34.91669],[118.40661,-34.9126],[118.40408,-34.91078],[118.40468,-34.90821],[118.40261,-34.90515],[118.40796,-34.90375],[118.41093,-34.90083],[118.414,-34.90261],[118.41967,-34.8997],[118.42244,-34.9007],[118.42398,-34.89916],[118.42591,-34.90063],[118.42776,-34.89873],[118.42214,-34.89336],[118.42259,-34.89099],[118.4271,-34.88919],[118.42242,-34.88145],[118.41762,-34.88011],[118.41264,-34.88085],[118.40812,-34.87855],[118.40647,-34.88133],[118.4032,-34.88143],[118.39709,-34.87663],[118.3949,-34.85192],[118.40044,-34.82384],[118.41655,-34.7897],[118.42486,-34.77729],[118.44015,-34.76074],[118.45665,-34.74746],[118.47611,-34.73614],[118.49692,-34.72717],[118.49949,-34.72675],[118.50047,-34.72794],[118.50976,-34.72538],[118.51213,-34.72615],[118.51203,-34.72109],[118.51985,-34.71744],[118.52932,-34.7149],[118.53382,-34.71596],[118.53463,-34.71385],[118.54105,-34.71376],[118.54424,-34.71056],[118.54949,-34.70985],[118.55195,-34.71151],[118.55232,-34.70653],[118.56193,-34.70368],[118.57315,-34.70275],[118.57921,-34.7057],[118.58002,-34.70161],[118.58308,-34.70066],[118.58513,-34.70166],[118.58636,-34.69715],[118.59468,-34.69571],[118.60129,-34.69799],[118.60728,-34.69051],[118.61061,-34.69154],[118.61323,-34.68861],[118.62008,-34.68659],[118.63528,-34.68825],[118.64521,-34.69121],[118.65132,-34.68778],[118.64934,-34.68263],[118.65144,-34.67841],[118.66609,-34.66779],[118.6828,-34.66449],[118.68445,-34.66184],[118.68671,-34.66247],[118.69197,-34.65839],[118.69373,-34.65916],[118.699,-34.6574],[118.7014,-34.65482],[118.70679,-34.6549],[118.70781,-34.65625],[118.71354,-34.65508],[118.71739,-34.65759],[118.7224,-34.65688],[118.72222,-34.65319],[118.73088,-34.64819],[118.73157,-34.64411],[118.73447,-34.64374],[118.73627,-34.6405],[118.74597,-34.63831],[118.74443,-34.6352],[118.74639,-34.63267],[118.74559,-34.63038],[118.75153,-34.62565],[118.752,-34.62243],[118.76882,-34.61785],[118.77029,-34.61507],[118.77427,-34.61536],[118.77757,-34.61063],[118.78172,-34.60899],[118.75648,-34.60367],[118.75489,-34.59734],[118.74808,-34.59662],[118.74545,-34.59366],[118.74256,-34.58098],[118.73935,-34.57806],[118.73964,-34.57355],[118.74486,-34.55905],[118.75536,-34.54556],[118.76447,-34.53769],[118.78039,-34.52806],[118.79169,-34.5225],[118.80672,-34.51807],[118.80431,-34.51698],[118.8044,-34.51471],[118.80816,-34.51125],[118.81129,-34.51199],[118.81161,-34.50946],[118.815,-34.51029],[118.82352,-34.50664],[118.83345,-34.50691],[118.84467,-34.50229],[118.85617,-34.50116],[118.88416,-34.49963],[118.90256,-34.50161],[118.90784,-34.50343],[118.91418,-34.50316],[118.91473,-34.50099],[118.90749,-34.49975],[118.90579,-34.49685],[118.90871,-34.48945],[118.91295,-34.48802],[118.90822,-34.48691],[118.90727,-34.48047],[118.90595,-34.47892],[118.90168,-34.479],[118.90097,-34.47643],[118.90477,-34.46809],[118.9118,-34.46286],[118.93466,-34.45507],[118.96091,-34.45126],[118.98513,-34.45099],[119.00348,-34.4524],[119.05291,-34.46061],[119.05807,-34.4635],[119.06912,-34.4588],[119.08318,-34.46358],[119.08948,-34.46392],[119.0948,-34.46697],[119.10219,-34.46586],[119.10511,-34.46904],[119.11047,-34.4707],[119.11751,-34.47011],[119.12062,-34.47391],[119.12549,-34.47394],[119.13411,-34.47733],[119.14529,-34.48364],[119.14866,-34.4884],[119.1467,-34.49085],[119.14789,-34.49331],[119.15224,-34.4945],[119.17355,-34.49441],[119.1745,-34.49071],[119.17859,-34.48969],[119.18072,-34.48588],[119.21789,-34.49795],[119.23193,-34.50722],[119.23937,-34.51616],[119.22226,-34.53132],[119.22417,-34.53209],[119.22571,-34.53083],[119.22796,-34.53276],[119.23126,-34.53131],[119.23847,-34.53165],[119.23866,-34.53444],[119.24151,-34.53525],[119.24469,-34.5332],[119.24615,-34.53427],[119.25224,-34.53183],[119.25221,-34.53419],[119.2545,-34.53459],[119.25812,-34.53261],[119.25363,-34.53023],[119.25854,-34.52096],[119.25782,-34.51886],[119.26683,-34.51539],[119.26894,-34.51942],[119.27887,-34.52352],[119.2811,-34.5211],[119.27666,-34.51887],[119.2772,-34.51552],[119.27886,-34.51301],[119.28486,-34.51307],[119.28482,-34.50957],[119.28211,-34.50605],[119.28485,-34.50223],[119.28326,-34.49551],[119.2886,-34.49342],[119.28603,-34.49206],[119.28303,-34.49327],[119.27748,-34.49021],[119.27505,-34.4856],[119.2759,-34.48241],[119.27797,-34.48169],[119.27808,-34.47724],[119.27985,-34.47681],[119.27361,-34.47441],[119.27492,-34.47156],[119.27115,-34.46905],[119.27198,-34.46603],[119.27892,-34.45914],[119.28986,-34.45197],[119.30092,-34.44769],[119.31479,-34.44487],[119.33119,-34.44435],[119.3464,-34.44621],[119.34826,-34.45032],[119.35591,-34.45013],[119.35786,-34.45325],[119.35958,-34.45216],[119.36116,-34.45326],[119.3607,-34.45571],[119.36359,-34.45663],[119.3662,-34.46247],[119.36505,-34.46742],[119.36228,-34.46952],[119.35845,-34.46886],[119.35576,-34.47206],[119.35574,-34.47469],[119.35995,-34.47495],[119.362,-34.47723],[119.36663,-34.47853],[119.36669,-34.47993],[119.37174,-34.47948],[119.37015,-34.48138],[119.37289,-34.4827],[119.37142,-34.48454],[119.37832,-34.48386],[119.38215,-34.48535],[119.38791,-34.47867],[119.38214,-34.47521],[119.38271,-34.47038],[119.3841,-34.467],[119.38725,-34.4657],[119.38807,-34.4616],[119.39059,-34.46143],[119.3902,-34.45958],[119.3935,-34.45832],[119.40029,-34.46032],[119.40796,-34.45813],[119.41271,-34.46256],[119.41863,-34.45891],[119.41934,-34.45703],[119.40243,-34.45249],[119.40152,-34.44993],[119.40376,-34.44865],[119.40403,-34.44463],[119.39726,-34.44017],[119.39778,-34.43725],[119.40274,-34.433],[119.40324,-34.42647],[119.40083,-34.42464],[119.39897,-34.42634],[119.39664,-34.42616],[119.3938,-34.42186],[119.39109,-34.42128],[119.39085,-34.41943],[119.39244,-34.41325],[119.39757,-34.40497],[119.40416,-34.39741],[119.40734,-34.39712],[119.408,-34.39581],[119.40614,-34.39354],[119.40025,-34.39421],[119.39795,-34.39007],[119.39868,-34.38686],[119.40486,-34.3798],[119.41574,-34.37328],[119.42731,-34.36909],[119.44195,-34.36646],[119.44753,-34.3672],[119.45094,-34.36935],[119.45278,-34.37196],[119.44969,-34.37641],[119.45344,-34.37879],[119.45485,-34.37784],[119.45823,-34.37811],[119.45968,-34.37964],[119.46489,-34.37893],[119.46791,-34.37774],[119.46872,-34.37517],[119.47412,-34.37517],[119.477,-34.37746],[119.4796,-34.37459],[119.48252,-34.37521],[119.491,-34.38386],[119.49248,-34.39303],[119.48714,-34.39532],[119.48691,-34.39842],[119.48515,-34.39941],[119.47854,-34.39984],[119.47812,-34.40215],[119.48162,-34.40623],[119.48961,-34.40812],[119.49059,-34.4096],[119.49748,-34.40779],[119.50063,-34.40878],[119.50273,-34.41146],[119.51635,-34.41005],[119.51604,-34.40648],[119.51832,-34.40665],[119.51962,-34.40291],[119.52425,-34.40473],[119.5269,-34.4039],[119.53162,-34.40118],[119.53023,-34.40006],[119.53319,-34.39569],[119.53622,-34.3957],[119.53691,-34.39314],[119.53988,-34.39391],[119.54103,-34.3921],[119.5471,-34.39332],[119.54745,-34.38963],[119.55795,-34.39114],[119.56516,-34.38933],[119.56995,-34.38981],[119.57182,-34.38633],[119.57629,-34.38717],[119.57511,-34.38117],[119.5699,-34.37661],[119.55017,-34.38011],[119.54462,-34.38363],[119.54185,-34.38282],[119.5319,-34.37347],[119.52861,-34.36724],[119.52883,-34.36425],[119.52671,-34.3637],[119.52688,-34.36486],[119.52472,-34.3654],[119.51968,-34.36291],[119.51762,-34.35945],[119.50746,-34.35911],[119.50192,-34.34714],[119.49916,-34.32999],[119.49982,-34.30851],[119.50322,-34.29034],[119.49297,-34.2895],[119.48943,-34.29428],[119.48666,-34.29523],[119.47941,-34.28822],[119.47618,-34.28943],[119.46984,-34.28883],[119.46593,-34.29439],[119.46175,-34.29524],[119.4587,-34.29346],[119.45713,-34.28906],[119.45999,-34.28516],[119.46151,-34.28578],[119.46174,-34.28248],[119.46291,-34.28791],[119.46684,-34.28914],[119.46893,-34.28779],[119.46524,-34.28853],[119.465,-34.2868],[119.47191,-34.28444],[119.47466,-34.28536],[119.47527,-34.28221],[119.48212,-34.27951],[119.48777,-34.28284],[119.49081,-34.28244],[119.49582,-34.28764],[119.50373,-34.288],[119.51041,-34.26657],[119.5179,-34.24935],[119.53493,-34.22137],[119.55409,-34.19889],[119.5586,-34.19667],[119.5672,-34.18922],[119.56934,-34.18504],[119.57283,-34.1839],[119.57731,-34.17837],[119.58783,-34.17083],[119.58134,-34.16986],[119.57865,-34.16712],[119.57853,-34.16013],[119.5827,-34.15096],[119.59747,-34.13457],[119.62112,-34.11897],[119.64028,-34.11262],[119.63881,-34.1102],[119.63366,-34.10913],[119.63436,-34.10225],[119.63929,-34.09571],[119.65031,-34.08768],[119.66075,-34.08239],[119.67233,-34.07886],[119.67794,-34.07842],[119.68121,-34.08139],[119.68447,-34.07795],[119.68759,-34.07855],[119.69096,-34.072],[119.69588,-34.0702],[119.69898,-34.07043],[119.69843,-34.07132],[119.70307,-34.06874],[119.70472,-34.06472],[119.71092,-34.06169],[119.71297,-34.06234],[119.72403,-34.05859],[119.72717,-34.06095],[119.73386,-34.06073],[119.73841,-34.05452],[119.74322,-34.05297],[119.74333,-34.04753],[119.74953,-34.04531],[119.75044,-34.04081],[119.75371,-34.03995],[119.75483,-34.04142],[119.75741,-34.03978],[119.76133,-34.03974],[119.7643,-34.03694],[119.76665,-34.03788],[119.77606,-34.02797],[119.78174,-34.02672],[119.78498,-34.01721],[119.78811,-34.01367],[119.78601,-34.00938],[119.78817,-34.00849],[119.78801,-34.00539],[119.8,-33.99886],[119.80139,-33.99474],[119.8044,-33.99226],[119.80331,-33.99084],[119.81214,-33.98635],[119.81456,-33.98808],[119.81601,-33.98707],[119.81638,-33.98346],[119.82106,-33.9837],[119.82118,-33.98499],[119.82341,-33.98131],[119.82927,-33.98081],[119.83619,-33.97802],[119.84439,-33.97242],[119.84714,-33.97459],[119.85076,-33.96982],[119.852,-33.97184],[119.85445,-33.96999],[119.85523,-33.971],[119.85864,-33.96978],[119.87322,-33.97019],[119.87724,-33.97228],[119.88306,-33.96927],[119.89324,-33.97024],[119.89924,-33.96922],[119.9006,-33.97039],[119.90826,-33.9678],[119.92047,-33.96832],[119.92932,-33.97126],[119.93044,-33.97264],[119.92895,-33.97665],[119.9366,-33.97479],[119.93935,-33.97674],[119.94452,-33.97477],[119.94441,-33.97787],[119.95316,-33.96947],[119.96593,-33.9633],[119.96862,-33.95933],[119.96751,-33.95606],[119.97018,-33.95623],[119.97579,-33.95299],[119.98118,-33.95305],[119.9821,-33.9546],[119.98419,-33.95458],[119.98931,-33.94424],[119.98917,-33.9378],[119.99138,-33.93588],[120.00008,-33.93436],[120.01135,-33.93676],[120.0279,-33.92928],[120.02837,-33.92781],[120.0321,-33.92628],[120.03517,-33.92692],[120.04261,-33.92328],[120.05796,-33.92599],[120.06709,-33.93111],[120.07718,-33.9314],[120.09231,-33.93931],[120.11306,-33.94475],[120.11805,-33.94916],[120.11918,-33.95251],[120.12618,-33.95182],[120.1266,-33.95447],[120.12738,-33.9509],[120.13379,-33.94672],[120.1488,-33.94413],[120.14981,-33.94498],[120.1534,-33.94231],[120.17674,-33.93481],[120.18552,-33.93412],[120.19433,-33.93603],[120.22039,-33.93467],[120.23108,-33.93239],[120.25338,-33.93422],[120.26994,-33.93773],[120.29003,-33.93919],[120.29915,-33.94138],[120.31548,-33.94225],[120.32087,-33.94493],[120.32674,-33.94469],[120.33157,-33.94757],[120.3667,-33.95294],[120.3995,-33.96076],[120.43658,-33.97187],[120.44171,-33.96583],[120.44719,-33.96353],[120.45814,-33.96461],[120.46615,-33.96748],[120.46936,-33.96672],[120.46891,-33.96292],[120.47129,-33.95677],[120.47699,-33.95543],[120.48344,-33.95621],[120.48923,-33.95289],[120.49472,-33.95319],[120.4957,-33.95136],[120.50359,-33.94729],[120.5107,-33.93947],[120.51802,-33.9354],[120.55061,-33.92523],[120.55572,-33.92445],[120.55839,-33.9264],[120.55943,-33.9225],[120.56232,-33.92045],[120.56136,-33.91897],[120.55639,-33.91845],[120.55338,-33.90316],[120.56617,-33.89424],[120.59348,-33.88623],[120.60289,-33.88601],[120.6207,-33.88994],[120.63901,-33.89172],[120.64894,-33.88605],[120.67188,-33.88503],[120.68304,-33.8859],[120.70547,-33.89246],[120.71269,-33.89321],[120.73301,-33.89261],[120.75308,-33.88952],[120.75741,-33.89033],[120.76268,-33.88821],[120.77976,-33.88593],[120.80718,-33.88895],[120.80992,-33.89232],[120.81206,-33.89158],[120.81348,-33.89264],[120.81022,-33.8895],[120.81137,-33.88638],[120.81483,-33.88547],[120.81724,-33.88289],[120.82365,-33.88259],[120.82163,-33.87995],[120.8244,-33.87792],[120.83058,-33.87624],[120.8335,-33.87736],[120.83428,-33.87505],[120.84002,-33.87335],[120.83761,-33.87007],[120.8411,-33.86568],[120.85236,-33.8612],[120.86043,-33.85955],[120.86394,-33.8602],[120.86521,-33.85712],[120.86855,-33.85625],[120.88624,-33.85747],[120.90616,-33.86143],[120.91671,-33.86596],[120.91813,-33.87052],[120.92041,-33.86931],[120.92455,-33.87095],[120.92399,-33.86822],[120.92669,-33.86548],[120.93978,-33.86225],[120.9536,-33.86572],[120.96281,-33.86575],[120.9688,-33.86809],[120.97372,-33.86741],[120.98022,-33.86881],[120.98661,-33.8668],[120.98996,-33.8685],[120.99584,-33.8679],[121.00557,-33.87019],[121.00793,-33.87274],[121.00873,-33.87084],[121.00708,-33.86809],[121.00857,-33.86418],[121.01392,-33.86093],[121.03174,-33.85888],[121.03598,-33.85966],[121.03694,-33.86206],[121.03775,-33.86012],[121.04086,-33.86063],[121.04169,-33.85754],[121.04892,-33.85696],[121.07277,-33.86006],[121.07944,-33.86229],[121.08041,-33.85672],[121.08345,-33.85512],[121.0822,-33.85318],[121.0835,-33.85112],[121.08824,-33.84932],[121.09985,-33.84849],[121.12349,-33.85062],[121.12825,-33.85384],[121.14063,-33.85566],[121.14413,-33.85921],[121.15193,-33.85958],[121.15858,-33.86503],[121.17278,-33.86707],[121.1773,-33.87101],[121.17595,-33.87626],[121.17715,-33.87759],[121.18271,-33.87157],[121.17936,-33.86968],[121.18046,-33.86605],[121.18794,-33.86228],[121.19052,-33.85734],[121.19406,-33.8581],[121.19606,-33.85632],[121.19541,-33.85484],[121.19243,-33.85485],[121.19168,-33.85184],[121.19378,-33.84784],[121.19871,-33.84457],[121.21025,-33.84232],[121.22563,-33.84267],[121.24195,-33.84473],[121.24859,-33.84761],[121.25527,-33.84676],[121.26562,-33.85029],[121.26875,-33.84962],[121.2685,-33.8507],[121.26965,-33.84858],[121.27453,-33.84776],[121.27429,-33.84376],[121.27591,-33.84223],[121.28667,-33.84251],[121.29198,-33.8401],[121.29375,-33.8411],[121.29635,-33.84019],[121.29642,-33.83158],[121.29427,-33.82963],[121.299,-33.82503],[121.31823,-33.82112],[121.32383,-33.82156],[121.34824,-33.82782],[121.34946,-33.83024],[121.35289,-33.82585],[121.34909,-33.82275],[121.35097,-33.81943],[121.35692,-33.81636],[121.36374,-33.81544],[121.39932,-33.8188],[121.42672,-33.82663],[121.4285,-33.82762],[121.42856,-33.83022],[121.43105,-33.82648],[121.42917,-33.82311],[121.43179,-33.82162],[121.43409,-33.82244],[121.43553,-33.82007],[121.45936,-33.82568],[121.46001,-33.82834],[121.46314,-33.82551],[121.46294,-33.82358],[121.46774,-33.82285],[121.50094,-33.83532],[121.50485,-33.83959],[121.50811,-33.8377],[121.51039,-33.83964],[121.51205,-33.83616],[121.51585,-33.83382],[121.51882,-33.83452],[121.52181,-33.83286],[121.52694,-33.83301],[121.53008,-33.82965],[121.52903,-33.82683],[121.53161,-33.82572],[121.54659,-33.82798],[121.56316,-33.83386],[121.58549,-33.84475],[121.62768,-33.8693],[121.64095,-33.88022],[121.64656,-33.88735],[121.64694,-33.88972],[121.64408,-33.89173],[121.64469,-33.89816],[121.64809,-33.89683],[121.65182,-33.88885],[121.66215,-33.88397],[121.6679,-33.87634],[121.67482,-33.87447],[121.67551,-33.87256],[121.67268,-33.8722],[121.67175,-33.86971],[121.67669,-33.8631],[121.68536,-33.86114],[121.69509,-33.8612],[121.73081,-33.87327],[121.7424,-33.87819],[121.75262,-33.8849],[121.75371,-33.88446],[121.75129,-33.88219],[121.76315,-33.88689],[121.76488,-33.88984],[121.75694,-33.88595],[121.7751,-33.89723],[121.78354,-33.90675],[121.78596,-33.90823],[121.78881,-33.90723],[121.78988,-33.90904],[121.79502,-33.90874],[121.79519,-33.90468],[121.80376,-33.89932],[121.82001,-33.89671],[121.82366,-33.89729],[121.82383,-33.8938],[121.82928,-33.88887],[121.83578,-33.88721],[121.85079,-33.88842],[121.85185,-33.89102],[121.85471,-33.88766],[121.85661,-33.88755],[121.85795,-33.88857],[121.85713,-33.89037],[121.86484,-33.89064],[121.86648,-33.88851],[121.86203,-33.88668],[121.86341,-33.88195],[121.86749,-33.87938],[121.87236,-33.87952],[121.87454,-33.87683],[121.88453,-33.87925],[121.88735,-33.88264],[121.89006,-33.88108],[121.89249,-33.88222],[121.89413,-33.87941],[121.90049,-33.87899],[121.90061,-33.87643],[121.90811,-33.86749],[121.90483,-33.86793],[121.90181,-33.87257],[121.89542,-33.86927],[121.89398,-33.86351],[121.9008,-33.85509],[121.90398,-33.84484],[121.91511,-33.83824],[121.93339,-33.83428],[121.95611,-33.83348],[121.97906,-33.8372],[121.98297,-33.83913],[121.98649,-33.83768],[121.98637,-33.83542],[121.98341,-33.83316],[121.98628,-33.82922],[121.99034,-33.8281],[122.00101,-33.82928],[122.01773,-33.83645],[122.03079,-33.84497],[122.04008,-33.85312],[122.04611,-33.8625],[122.05904,-33.87157],[122.08539,-33.90278],[122.10023,-33.93926],[122.11392,-33.9649],[122.11899,-33.98002],[122.11478,-33.98384],[122.11272,-33.98959],[122.10986,-33.99251],[122.10364,-33.9908],[122.09903,-33.99225],[122.09592,-33.99167],[122.0932,-33.99392],[122.09495,-33.99652],[122.0933,-34.00283],[122.09465,-34.00311],[122.09878,-33.99846],[122.10319,-33.99917],[122.1023,-34.00261],[122.10778,-33.99879],[122.11253,-34.00036],[122.11374,-34.0046],[122.10939,-34.0138],[122.11358,-34.01719],[122.11894,-34.01341],[122.1213,-34.01432],[122.12761,-34.01009],[122.12936,-34.01128],[122.13295,-34.01026],[122.13675,-34.00659],[122.14175,-34.00891],[122.14486,-34.01439],[122.14777,-34.01462],[122.15122,-34.0127],[122.15657,-34.01355],[122.1582,-34.01197],[122.15691,-34.01084],[122.15847,-34.00553],[122.16112,-34.00288],[122.16531,-34.00243],[122.17303,-34.00486],[122.17146,-34.01141],[122.17695,-34.00995],[122.18196,-34.0104],[122.18033,-34.01339],[122.19062,-34.01679],[122.19258,-34.016],[122.19326,-34.01718],[122.19333,-34.01464],[122.19021,-34.01233],[122.189,-34.00815],[122.19665,-34.00719],[122.1978,-34.00917],[122.20077,-34.00849],[122.19929,-34.0047],[122.19705,-34.00442],[122.1978,-34.0003],[122.20265,-33.99845],[122.20572,-34.00064],[122.20944,-34.00075],[122.21005,-34.00409],[122.20802,-34.00623],[122.21154,-34.00872],[122.21391,-34.00499],[122.21343,-34.002],[122.21601,-34.00132],[122.21941,-33.99745],[122.22215,-33.99839],[122.22457,-33.99431],[122.222,-33.99374],[122.22159,-33.99227],[122.22703,-33.988],[122.23515,-33.98915],[122.2438,-33.99413],[122.24731,-33.99741],[122.24734,-34.0029],[122.24944,-34.00459],[122.25648,-34.00137],[122.25757,-33.99882],[122.26169,-33.99934],[122.2614,-33.99732],[122.26411,-33.99586],[122.27286,-33.99916],[122.2753,-33.99878],[122.27732,-34.00073],[122.27895,-33.99938],[122.27563,-33.99317],[122.27699,-33.9916],[122.2801,-33.99138],[122.28065,-33.9898],[122.27281,-33.98437],[122.27269,-33.98043],[122.26999,-33.97738],[122.27163,-33.97253],[122.26851,-33.97129],[122.26825,-33.96813],[122.27451,-33.95946],[122.2878,-33.949],[122.30284,-33.94249],[122.31057,-33.9363],[122.32629,-33.92889],[122.34145,-33.92654],[122.34442,-33.92948],[122.34482,-33.93252],[122.35105,-33.93118],[122.35416,-33.9331],[122.35484,-33.93152],[122.35038,-33.92892],[122.35079,-33.9234],[122.34931,-33.92182],[122.35473,-33.91698],[122.36421,-33.9135],[122.37531,-33.91159],[122.39926,-33.91185],[122.44444,-33.91921],[122.44863,-33.92395],[122.45053,-33.92226],[122.45581,-33.92249],[122.47543,-33.93051],[122.47786,-33.93321],[122.47881,-33.9322],[122.48828,-33.93446],[122.49112,-33.93897],[122.49545,-33.93874],[122.49857,-33.93604],[122.50073,-33.93649],[122.50655,-33.94055],[122.50953,-33.94653],[122.50967,-33.9534],[122.51251,-33.95363],[122.52131,-33.94991],[122.52077,-33.94709],[122.52523,-33.94777],[122.52374,-33.94438],[122.52713,-33.93987],[122.53606,-33.93525],[122.5412,-33.93457],[122.55758,-33.9366],[122.56137,-33.94088],[122.55948,-33.94291],[122.56083,-33.94483],[122.56882,-33.94641],[122.5699,-33.94832],[122.57261,-33.94731],[122.57505,-33.94832],[122.57519,-33.95159],[122.56896,-33.95317],[122.57532,-33.95452],[122.56761,-33.95836],[122.56815,-33.96039],[122.57154,-33.9614],[122.57397,-33.96016],[122.57817,-33.96061],[122.58264,-33.95802],[122.57654,-33.9552],[122.57695,-33.95215],[122.58317,-33.94843],[122.5806,-33.94697],[122.58073,-33.94516],[122.58736,-33.94493],[122.59034,-33.9438],[122.5902,-33.942],[122.59589,-33.94166],[122.59453,-33.93884],[122.59737,-33.93726],[122.59588,-33.93749],[122.59358,-33.9349],[122.58776,-33.93501],[122.58559,-33.93287],[122.5841,-33.92577],[122.58004,-33.92464],[122.58166,-33.9163],[122.58815,-33.9102],[122.59166,-33.90964],[122.59518,-33.91167],[122.59573,-33.91595],[122.60141,-33.91335],[122.59532,-33.90975],[122.59802,-33.90242],[122.60626,-33.89678],[122.6187,-33.89282],[122.64143,-33.89179],[122.64698,-33.89325],[122.64928,-33.89742],[122.64996,-33.8937],[122.65225,-33.89324],[122.65184,-33.89042],[122.65347,-33.8893],[122.66983,-33.8886],[122.67849,-33.89028],[122.68986,-33.89027],[122.69568,-33.89251],[122.70839,-33.89013],[122.71651,-33.89023],[122.71962,-33.89101],[122.72369,-33.89563],[122.72733,-33.89269],[122.73491,-33.89189],[122.74277,-33.89605],[122.74777,-33.89581],[122.75033,-33.89209],[122.74842,-33.88758],[122.75463,-33.88126],[122.76747,-33.87774],[122.77383,-33.87772],[122.79318,-33.88163],[122.81269,-33.88937],[122.82395,-33.8996],[122.82654,-33.90388],[122.82574,-33.9067],[122.8294,-33.90996],[122.83899,-33.90475],[122.84778,-33.90518],[122.8498,-33.90224],[122.85764,-33.9003],[122.86724,-33.89949],[122.8728,-33.90071],[122.87483,-33.90262],[122.88321,-33.89854],[122.88495,-33.89628],[122.89279,-33.89411],[122.89726,-33.89466],[122.89968,-33.89161],[122.90576,-33.88923],[122.91238,-33.88819],[122.91604,-33.88908],[122.9351,-33.88609],[122.94348,-33.88583],[122.97002,-33.89003],[122.97178,-33.89137],[122.97264,-33.90005],[122.9759,-33.9023],[122.98048,-33.89788],[122.97857,-33.89541],[122.98112,-33.8919],[122.97895,-33.89056],[122.97907,-33.8874],[122.98608,-33.88399],[122.99352,-33.88284],[122.99757,-33.88271],[123.00227,-33.8855],[123.00582,-33.88152],[123.00344,-33.87666],[123.00604,-33.87431],[123.00486,-33.8708],[123.01029,-33.86848],[123.01677,-33.85782],[123.02273,-33.85663],[123.04245,-33.85836],[123.05984,-33.86267],[123.08313,-33.87152],[123.11431,-33.889],[123.1339,-33.90436],[123.13978,-33.9115],[123.13894,-33.91409],[123.13417,-33.91767],[123.1366,-33.91847],[123.13959,-33.91691],[123.14601,-33.92451],[123.1457,-33.92857],[123.1484,-33.92915],[123.15134,-33.93233],[123.14805,-33.93682],[123.15157,-33.93673],[123.16108,-33.94592],[123.15657,-33.95085],[123.15856,-33.95481],[123.1627,-33.95746],[123.16245,-33.96855],[123.16057,-33.97084],[123.15448,-33.97001],[123.15067,-33.97201],[123.14847,-33.97628],[123.15076,-33.97742],[123.15566,-33.97464],[123.15981,-33.97884],[123.16642,-33.98159],[123.16544,-33.98451],[123.16815,-33.9843],[123.17216,-33.98952],[123.1714,-33.99786],[123.16556,-34.0021],[123.16759,-34.00603],[123.16541,-34.00839],[123.152,-34.01062],[123.16012,-34.01255],[123.16308,-34.01662],[123.16417,-34.01527],[123.16742,-34.01629],[123.17041,-34.01336],[123.18179,-34.01158],[123.18207,-34.00831],[123.19236,-34.0071],[123.20809,-34.00092],[123.21296,-34.00184],[123.21567,-33.99837],[123.22369,-33.9947],[123.22222,-33.99334],[123.22629,-33.99156],[123.22727,-33.98891],[123.23431,-33.98879],[123.2393,-33.99108],[123.24048,-33.99548],[123.24294,-33.99189],[123.24633,-33.99157],[123.25024,-33.99407],[123.25197,-33.99747],[123.25564,-33.9958],[123.26206,-33.98907],[123.26341,-33.98931],[123.26494,-33.98492],[123.26873,-33.98404],[123.27544,-33.97585],[123.2837,-33.97545],[123.28558,-33.97692],[123.28408,-33.97883],[123.28691,-33.97986],[123.28855,-33.97795],[123.2868,-33.97637],[123.29073,-33.97616],[123.29251,-33.97403],[123.29078,-33.97007],[123.29402,-33.97077],[123.29568,-33.96717],[123.3003,-33.96483],[123.29951,-33.96257],[123.30304,-33.96113],[123.29956,-33.95648],[123.29998,-33.95367],[123.30825,-33.95236],[123.31848,-33.94272],[123.32122,-33.938],[123.32869,-33.93466],[123.32492,-33.9325],[123.32642,-33.93025],[123.33077,-33.92847],[123.32876,-33.92553],[123.3303,-33.91877],[123.33735,-33.91723],[123.34022,-33.9133],[123.34495,-33.91333],[123.35107,-33.9093],[123.35475,-33.90571],[123.3526,-33.9039],[123.35438,-33.90098],[123.37146,-33.89588],[123.39419,-33.89351],[123.41231,-33.89382],[123.42756,-33.89762],[123.44892,-33.89997],[123.47403,-33.90617],[123.50425,-33.9188],[123.50802,-33.92209],[123.50715,-33.93302],[123.50917,-33.93449],[123.5121,-33.94251],[123.51942,-33.93961],[123.52429,-33.93963],[123.52766,-33.94167],[123.53174,-33.93729],[123.5343,-33.94012],[123.54001,-33.93551],[123.54189,-33.93676],[123.54677,-33.93498],[123.55304,-33.92778],[123.55657,-33.92295],[123.55551,-33.91765],[123.55921,-33.90932],[123.55801,-33.90604],[123.56073,-33.90267],[123.56927,-33.89932],[123.57187,-33.89256],[123.57121,-33.88997],[123.57338,-33.88772],[123.57989,-33.88414],[123.59005,-33.88113],[123.60384,-33.88083],[123.60626,-33.88298],[123.60829,-33.88276],[123.60978,-33.88209],[123.61048,-33.87804],[123.61372,-33.8785],[123.61914,-33.87615],[123.63008,-33.8781],[123.63129,-33.88013],[123.63563,-33.87698],[123.63914,-33.87699],[123.64131,-33.87554],[123.63997,-33.87316],[123.64135,-33.86686],[123.64964,-33.85482],[123.65385,-33.85212],[123.6563,-33.84694],[123.66659,-33.84291],[123.67594,-33.83662],[123.69366,-33.83148],[123.7018,-33.82237],[123.70221,-33.81989],[123.70763,-33.81641],[123.7175,-33.81249],[123.72818,-33.81206],[123.73115,-33.81004],[123.73601,-33.81095],[123.73967,-33.80893],[123.74237,-33.80916],[123.7509,-33.80095],[123.76416,-33.79523],[123.76348,-33.79421],[123.75956,-33.79567],[123.75552,-33.79307],[123.7492,-33.78313],[123.7468,-33.77445],[123.7475,-33.76532],[123.75064,-33.7545],[123.75094,-33.74413],[123.75694,-33.72306],[123.77443,-33.69817],[123.79646,-33.67601],[123.81024,-33.66476],[123.85317,-33.64012],[123.87246,-33.63383],[123.87543,-33.63507],[123.87772,-33.63316],[123.87732,-33.62989],[123.87274,-33.62898],[123.87168,-33.61962],[123.86925,-33.61894],[123.86871,-33.6203],[123.86683,-33.61872],[123.86927,-33.60621],[123.87508,-33.599],[123.88344,-33.59416],[123.89261,-33.59124],[123.90083,-33.59192],[123.90486,-33.59497],[123.90541,-33.59136],[123.90959,-33.58933],[123.93074,-33.58664],[123.93263,-33.5854],[123.93129,-33.58315],[123.93574,-33.57684],[123.95029,-33.5756],[123.95245,-33.57267],[123.96215,-33.56997],[123.97603,-33.55859],[123.9802,-33.54969],[123.98534,-33.51091],[123.98669,-33.47934],[123.99801,-33.42636],[124.00392,-33.4161],[124.01334,-33.3851],[124.0245,-33.35802],[124.0527,-33.30672],[124.07912,-33.24921],[124.08448,-33.2323],[124.08876,-33.20963],[124.1012,-33.17614],[124.12341,-33.13509],[124.15432,-33.09605],[124.19818,-33.05282],[124.23866,-33.01758],[124.30539,-32.9809],[124.35442,-32.96006],[124.39358,-32.94906],[124.45827,-32.93556],[124.52284,-32.9294],[124.5358,-32.92657],[124.57328,-32.92343],[124.58411,-32.92383],[124.5959,-32.92064],[124.61651,-32.91884],[124.6674,-32.91046],[124.69,-32.90923],[124.71277,-32.90394],[124.74101,-32.90013],[124.76633,-32.89225],[124.78539,-32.88174],[124.81405,-32.87285],[124.83429,-32.86324],[124.84383,-32.85449],[124.86017,-32.8479],[124.87703,-32.84312],[124.89459,-32.83282],[124.90023,-32.82855],[124.90698,-32.81516],[124.92806,-32.79415],[124.95806,-32.77498],[124.97826,-32.76693],[124.98667,-32.76616],[124.99309,-32.76269],[125.00715,-32.75303],[125.01643,-32.73626],[125.0262,-32.72885],[125.06878,-32.72162],[125.08839,-32.72009],[125.10242,-32.71538],[125.1369,-32.69246],[125.15039,-32.6856],[125.16454,-32.68067],[125.17616,-32.67235],[125.18069,-32.67168],[125.19031,-32.66605],[125.19911,-32.66291],[125.21673,-32.65121],[125.22447,-32.64806],[125.23035,-32.64322],[125.23982,-32.63895],[125.25235,-32.63626],[125.25676,-32.63074],[125.26329,-32.63052],[125.27862,-32.6249],[125.29369,-32.616],[125.31528,-32.6079],[125.32714,-32.60588],[125.34193,-32.60036],[125.34859,-32.60025],[125.35485,-32.5963],[125.36391,-32.59473],[125.3707,-32.59168],[125.38908,-32.58887],[125.41918,-32.58774],[125.4321,-32.58356],[125.43903,-32.58288],[125.45088,-32.57645],[125.47311,-32.57012],[125.48508,-32.55963],[125.51064,-32.55533],[125.53207,-32.54922],[125.53991,-32.54188],[125.56026,-32.53408],[125.58139,-32.51477],[125.59641,-32.50505],[125.60012,-32.50088],[125.60584,-32.49805],[125.61513,-32.49026],[125.64317,-32.47544],[125.65351,-32.46493],[125.6636,-32.45905],[125.66983,-32.45149],[125.67938,-32.44404],[125.69968,-32.43373],[125.71201,-32.42187],[125.72157,-32.41812],[125.74292,-32.40318],[125.75195,-32.40045],[125.7587,-32.39434],[125.76918,-32.38969],[125.7815,-32.37929],[125.80123,-32.36671],[125.81184,-32.36274],[125.82177,-32.35515],[125.82973,-32.35321],[125.83594,-32.34688],[125.84139,-32.34674],[125.85769,-32.3397],[125.87082,-32.33661],[125.89901,-32.31678],[125.91186,-32.31211],[125.92468,-32.30315],[125.93739,-32.2987],[125.95102,-32.29053],[125.9787,-32.28195],[126.02468,-32.2746],[126.03706,-32.26858],[126.05785,-32.27286],[126.06618,-32.27606],[126.07427,-32.27655],[126.08118,-32.27511],[126.114,-32.26457],[126.12466,-32.25639],[126.1607,-32.23772],[126.16973,-32.23516],[126.20315,-32.23226],[126.22886,-32.23562],[126.24063,-32.24152],[126.27639,-32.25043],[126.31098,-32.25572],[126.33152,-32.2613],[126.34411,-32.26224],[126.35855,-32.2687],[126.38942,-32.27554],[126.40042,-32.28007],[126.42203,-32.28407],[126.43901,-32.28489],[126.45678,-32.28842],[126.46421,-32.28787],[126.48279,-32.29128],[126.54965,-32.29926],[126.57168,-32.29985],[126.5795,-32.30165],[126.59648,-32.30087],[126.61466,-32.30382],[126.64506,-32.30473],[126.6728,-32.30836],[126.69098,-32.30858],[126.70744,-32.30599],[126.73425,-32.30587],[126.75176,-32.3009],[126.76224,-32.29481],[126.77259,-32.29233],[126.81943,-32.29363],[126.8489,-32.29843],[126.86058,-32.29694],[126.8931,-32.29882],[126.95653,-32.29759],[126.995,-32.29141],[127.01358,-32.29069],[127.0352,-32.28759],[127.04237,-32.28802],[127.05722,-32.2838],[127.08481,-32.2827],[127.08932,-32.28055],[127.10697,-32.28195],[127.11851,-32.27977],[127.12382,-32.28088],[127.13151,-32.27905],[127.16441,-32.27758],[127.16918,-32.27598],[127.21338,-32.27637],[127.22932,-32.27447],[127.23822,-32.26968],[127.26146,-32.26681],[127.2639,-32.26795],[127.27511,-32.26459],[127.29348,-32.2627],[127.29996,-32.25952],[127.32597,-32.25651],[127.33542,-32.25407],[127.34425,-32.24841],[127.35012,-32.24644],[127.37104,-32.24189],[127.3805,-32.24128],[127.38292,-32.23886],[127.39729,-32.23496],[127.41492,-32.23334],[127.45209,-32.22228],[127.46411,-32.2212],[127.46795,-32.21923],[127.48191,-32.21652],[127.51883,-32.21411],[127.52813,-32.20861],[127.53226,-32.20186],[127.53943,-32.20008],[127.54237,-32.19524],[127.54861,-32.19074],[127.56972,-32.18312],[127.58539,-32.17504],[127.62014,-32.16745],[127.62479,-32.16317],[127.63727,-32.1571],[127.69191,-32.14298],[127.70571,-32.13669],[127.71777,-32.13557],[127.73686,-32.13074],[127.75595,-32.12783],[127.78406,-32.11962],[127.79824,-32.11928],[127.83203,-32.11242],[127.85005,-32.10689],[127.85641,-32.10667],[127.86529,-32.10396],[127.90305,-32.10091],[127.9061,-32.09899],[127.92544,-32.09526],[127.94041,-32.08995],[127.96849,-32.08632],[127.99961,-32.07761],[128.02238,-32.07397],[128.03284,-32.06888],[128.04065,-32.06797],[128.04316,-32.06571],[128.05415,-32.06468],[128.0736,-32.05619],[128.08644,-32.05402],[128.10046,-32.04633],[128.11792,-32.04021],[128.13896,-32.03509],[128.14649,-32.03067],[128.16197,-32.02567],[128.17732,-32.02247],[128.19371,-32.01566],[128.19702,-32.01588],[128.21302,-32.01121],[128.2253,-32.00531],[128.24755,-32.00181],[128.25397,-31.99686],[128.26962,-31.99184],[128.28061,-31.99074],[128.28911,-31.98401],[128.29574,-31.9829],[128.30171,-31.97999],[128.31428,-31.97935],[128.32516,-31.97307],[128.32966,-31.97297],[128.33338,-31.96994],[128.39487,-31.9445],[128.40136,-31.94373],[128.41103,-31.93822],[128.43142,-31.9341],[128.43565,-31.93478],[128.44639,-31.92702],[128.45751,-31.92524],[128.46639,-31.91883],[128.49484,-31.91189],[128.49604,-31.90738],[128.50187,-31.90288],[128.52198,-31.89524],[128.52753,-31.89491],[128.54329,-31.88152],[128.55176,-31.87815],[128.55718,-31.87793],[128.5716,-31.87365],[128.59024,-31.87164],[128.5966,-31.86307],[128.61127,-31.85959],[128.62013,-31.85576],[128.64234,-31.85092],[128.65358,-31.84495],[128.65781,-31.84089],[128.66138,-31.83379],[128.66707,-31.83029],[128.68213,-31.82567],[128.69522,-31.81654],[128.69984,-31.81496],[128.70671,-31.80864],[128.71702,-31.80559],[128.73934,-31.79296],[128.75466,-31.78731],[128.77538,-31.77354],[128.78951,-31.76891],[128.79294,-31.76485],[128.80336,-31.75796],[128.82013,-31.75344],[128.82646,-31.74801],[128.86077,-31.73568],[128.87105,-31.72845],[128.89637,-31.71703],[128.906,-31.71589],[128.91273,-31.71204],[128.94833,-31.70092],[128.96323,-31.69413],[129.00193,-31.68699],[129.00193,-31.36058],[129.00193,-30.76367],[129.00192,-30.30544],[129.0019,-29.03306],[129.00188,-28.1159],[129.00186,-26.745],[129.00185,-26.37181],[129.00185,-25.99859]]],[[[126.53994,-13.89758],[126.54055,-13.89651],[126.54261,-13.89765],[126.54427,-13.89658],[126.54443,-13.89317],[126.54634,-13.89217],[126.54942,-13.89592],[126.55109,-13.89466],[126.55111,-13.89182],[126.55299,-13.89241],[126.55466,-13.89621],[126.55625,-13.89511],[126.56049,-13.89565],[126.56085,-13.89188],[126.56358,-13.89094],[126.56726,-13.89333],[126.56802,-13.89845],[126.56385,-13.90017],[126.56051,-13.89917],[126.55777,-13.90179],[126.55904,-13.90344],[126.57043,-13.90032],[126.57333,-13.90177],[126.57732,-13.89945],[126.5948,-13.89854],[126.59713,-13.90414],[126.60115,-13.90723],[126.60127,-13.90891],[126.60301,-13.90892],[126.60831,-13.91369],[126.61101,-13.91118],[126.61684,-13.90907],[126.61901,-13.90545],[126.61724,-13.9016],[126.61297,-13.89922],[126.6117,-13.89637],[126.61327,-13.89286],[126.61812,-13.89201],[126.6205,-13.88987],[126.61496,-13.89138],[126.60977,-13.89147],[126.60622,-13.88995],[126.60392,-13.8917],[126.60172,-13.891],[126.59984,-13.89579],[126.59746,-13.89633],[126.59544,-13.89263],[126.59353,-13.89316],[126.59036,-13.89159],[126.58873,-13.88515],[126.57467,-13.88649],[126.56645,-13.88221],[126.55868,-13.87554],[126.54886,-13.87165],[126.53865,-13.87143],[126.53604,-13.87376],[126.53275,-13.87426],[126.52732,-13.8725],[126.52285,-13.86664],[126.51874,-13.86654],[126.51007,-13.86957],[126.50419,-13.86877],[126.50407,-13.87254],[126.50658,-13.8773],[126.50233,-13.8856],[126.50353,-13.89273],[126.50968,-13.89944],[126.51346,-13.90704],[126.52007,-13.90703],[126.52314,-13.9032],[126.52623,-13.90178],[126.53614,-13.90786],[126.53934,-13.90424],[126.54204,-13.90443],[126.54105,-13.90042],[126.54202,-13.89891],[126.53994,-13.89758]]],[[[126.86491,-13.97248],[126.87486,-13.9737],[126.88066,-13.97617],[126.88402,-13.98147],[126.88127,-13.99097],[126.88324,-13.99254],[126.89377,-13.99162],[126.90127,-13.98527],[126.89198,-13.98239],[126.88792,-13.97897],[126.88679,-13.97418],[126.8831,-13.97033],[126.87809,-13.96804],[126.87356,-13.96037],[126.86649,-13.95587],[126.86395,-13.95757],[126.86592,-13.96039],[126.8657,-13.96366],[126.87176,-13.96653],[126.8695,-13.96797],[126.8584,-13.95893],[126.85493,-13.95758],[126.8371,-13.95514],[126.82645,-13.9503],[126.81986,-13.95393],[126.82334,-13.95641],[126.8216,-13.95584],[126.8193,-13.96025],[126.82138,-13.95923],[126.82219,-13.96093],[126.82855,-13.95945],[126.83226,-13.96147],[126.82948,-13.96046],[126.8237,-13.96262],[126.8193,-13.96206],[126.81815,-13.96353],[126.82012,-13.96488],[126.82001,-13.9668],[126.83019,-13.96645],[126.83342,-13.96362],[126.84568,-13.9637],[126.85563,-13.96664],[126.86491,-13.97248]]],[[[126.37315,-13.99931],[126.38429,-14.01144],[126.38926,-14.0112],[126.39411,-14.00915],[126.39665,-13.99897],[126.40217,-13.9956],[126.40379,-13.98905],[126.40251,-13.98724],[126.39615,-13.98769],[126.38262,-13.98182],[126.37648,-13.9746],[126.3707,-13.97629],[126.3692,-13.979],[126.36249,-13.98262],[126.36434,-13.98815],[126.36978,-13.98928],[126.37313,-13.99459],[126.37315,-13.99931]]],[[[126.16241,-13.96426],[126.16588,-13.96246],[126.16495,-13.96155],[126.16958,-13.95636],[126.17514,-13.95354],[126.17884,-13.94722],[126.18601,-13.94452],[126.19469,-13.93594],[126.19411,-13.93278],[126.18972,-13.92736],[126.18498,-13.92724],[126.1792,-13.92995],[126.17422,-13.93265],[126.1733,-13.93694],[126.17133,-13.93592],[126.16971,-13.93683],[126.17087,-13.93784],[126.1682,-13.9427],[126.16855,-13.94699],[126.16218,-13.95297],[126.15524,-13.9568],[126.15686,-13.96154],[126.15975,-13.96403],[126.16241,-13.96426]]],[[[126.30881,-13.92839],[126.30688,-13.93456],[126.30307,-13.93719],[126.30503,-13.941],[126.30252,-13.9495],[126.29903,-13.95345],[126.30178,-13.95845],[126.29916,-13.96652],[126.30029,-13.96848],[126.30691,-13.96372],[126.30987,-13.96435],[126.31496,-13.96209],[126.31117,-13.95955],[126.31466,-13.95507],[126.31643,-13.94573],[126.31843,-13.94327],[126.32112,-13.94307],[126.31274,-13.92732],[126.31005,-13.92676],[126.30881,-13.92839]]],[[[125.62803,-13.9612],[125.63196,-13.96117],[125.63015,-13.9587],[125.63343,-13.95557],[125.63922,-13.95502],[125.6444,-13.95138],[125.64263,-13.94472],[125.63575,-13.94679],[125.63291,-13.94495],[125.63166,-13.93868],[125.63431,-13.9377],[125.63382,-13.93217],[125.6304,-13.931],[125.6256,-13.93143],[125.6231,-13.94003],[125.62472,-13.94901],[125.62907,-13.95209],[125.62803,-13.9612]]],[[[126.62021,-13.87144],[126.61895,-13.87904],[126.62006,-13.88191],[126.62332,-13.8802],[126.62696,-13.87419],[126.62938,-13.87384],[126.63231,-13.87698],[126.63453,-13.87595],[126.63561,-13.87104],[126.63111,-13.87035],[126.62668,-13.86587],[126.62877,-13.85693],[126.62523,-13.85276],[126.62241,-13.85242],[126.61434,-13.86121],[126.6153,-13.86739],[126.62021,-13.87144]]],[[[126.3033,-13.92439],[126.30514,-13.92663],[126.30879,-13.92303],[126.31197,-13.92346],[126.31197,-13.91938],[126.31618,-13.9156],[126.31727,-13.90962],[126.31501,-13.90196],[126.31261,-13.90075],[126.30922,-13.90091],[126.30304,-13.90451],[126.30281,-13.90987],[126.29988,-13.91364],[126.30326,-13.91983],[126.30031,-13.92154],[126.3033,-13.92439]]],[[[126.30709,-13.88924],[126.30921,-13.88872],[126.31158,-13.8935],[126.314,-13.89523],[126.31566,-13.89325],[126.31565,-13.8873],[126.318,-13.88805],[126.3191,-13.88681],[126.31624,-13.87615],[126.31118,-13.87334],[126.30478,-13.86624],[126.30287,-13.86725],[126.30442,-13.8746],[126.3009,-13.88168],[126.30709,-13.88924]]],[[[126.69231,-13.93099],[126.68382,-13.93753],[126.6849,-13.94096],[126.68343,-13.94191],[126.68395,-13.94882],[126.68091,-13.95532],[126.67568,-13.96146],[126.68245,-13.95979],[126.68398,-13.95513],[126.68629,-13.95521],[126.68752,-13.95708],[126.68865,-13.95151],[126.69099,-13.94895],[126.69085,-13.94339],[126.69294,-13.9444],[126.69726,-13.94252],[126.69919,-13.94375],[126.69554,-13.93659],[126.69434,-13.93572],[126.69265,-13.93679],[126.69231,-13.93099]]],[[[125.7019,-14.14399],[125.7055,-14.13554],[125.70343,-14.12944],[125.70439,-14.11623],[125.70045,-14.11724],[125.69618,-14.1143],[125.69492,-14.10944],[125.69215,-14.10763],[125.69271,-14.11372],[125.69595,-14.11509],[125.69605,-14.11836],[125.69779,-14.11972],[125.6966,-14.13439],[125.69427,-14.1398],[125.69832,-14.13902],[125.69912,-14.14263],[125.7019,-14.14399]]],[[[127.15628,-13.89897],[127.16051,-13.89982],[127.16266,-13.90266],[127.16703,-13.902],[127.17016,-13.90479],[127.17525,-13.90401],[127.17409,-13.89703],[127.16956,-13.89426],[127.16614,-13.88632],[127.163,-13.88303],[127.15824,-13.88687],[127.16248,-13.89228],[127.16209,-13.89497],[127.15628,-13.89897]]],[[[126.27243,-13.93063],[126.27615,-13.93381],[126.27535,-13.9389],[126.27918,-13.93978],[126.28374,-13.94606],[126.29518,-13.9421],[126.29091,-13.93776],[126.27952,-13.93552],[126.27954,-13.93306],[126.2761,-13.93145],[126.27379,-13.92768],[126.27229,-13.92816],[126.27243,-13.93063]]],[[[126.23874,-14.16204],[126.24336,-14.15852],[126.24207,-14.15186],[126.2438,-14.14858],[126.23766,-14.146],[126.2372,-14.14973],[126.23165,-14.14929],[126.23049,-14.15031],[126.23235,-14.1537],[126.23097,-14.15686],[126.23202,-14.15731],[126.2334,-14.15505],[126.23434,-14.159],[126.23735,-14.16103],[126.23631,-14.16171],[126.23827,-14.16046],[126.23874,-14.16204]]],[[[126.60293,-13.95018],[126.60577,-13.95273],[126.60512,-13.95125],[126.60792,-13.94665],[126.60772,-13.94351],[126.60346,-13.94101],[126.60055,-13.93563],[126.59792,-13.93718],[126.59523,-13.94257],[126.59761,-13.94532],[126.60164,-13.94687],[126.60293,-13.95018]]],[[[125.55561,-14.10862],[125.55781,-14.10682],[125.56105,-14.1066],[125.55898,-14.10265],[125.5598,-14.10028],[125.55471,-14.09959],[125.55158,-14.10251],[125.55145,-14.10759],[125.55561,-14.10862]]],[[[126.15248,-13.75243],[126.14913,-13.74599],[126.14543,-13.74859],[126.15039,-13.75966],[126.15259,-13.75819],[126.15248,-13.75243]]],[[[125.76565,-14.16283],[125.7718,-14.15979],[125.77486,-14.15093],[125.76987,-14.15363],[125.76488,-14.1587],[125.76565,-14.16283]]],[[[127.27115,-13.8219],[127.27993,-13.8187],[127.26974,-13.81659],[127.26605,-13.81909],[127.26757,-13.82146],[127.27115,-13.8219]]],[[[126.81752,-13.94286],[126.81858,-13.94952],[126.82436,-13.94669],[126.82389,-13.94454],[126.82053,-13.94161],[126.81567,-13.94117],[126.81752,-13.94286]]],[[[126.87133,-13.98038],[126.87771,-13.9811],[126.87933,-13.98222],[126.88081,-13.98465],[126.8816,-13.9834],[126.87939,-13.97843],[126.8753,-13.9761],[126.87024,-13.97643],[126.86996,-13.9803],[126.87133,-13.98038]]],[[[126.7047,-13.95011],[126.70518,-13.95399],[126.70661,-13.95447],[126.70782,-13.95261],[126.70574,-13.94794],[126.70686,-13.94265],[126.7026,-13.94087],[126.70057,-13.94304],[126.70418,-13.94688],[126.7047,-13.95011]]],[[[126.8428,-13.96823],[126.845,-13.96868],[126.84466,-13.97082],[126.85125,-13.96832],[126.84372,-13.96529],[126.83875,-13.96677],[126.8428,-13.96823]]],[[[126.81755,-13.95484],[126.815,-13.95281],[126.812,-13.95643],[126.81247,-13.95869],[126.81779,-13.96082],[126.81929,-13.95607],[126.81709,-13.9571],[126.81755,-13.95484]]],[[[126.53577,-14.00037],[126.53869,-14.00335],[126.54065,-14.00015],[126.54555,-13.99959],[126.54905,-13.99674],[126.54649,-13.99509],[126.54135,-13.99884],[126.53589,-13.99872],[126.53577,-14.00037]]],[[[126.58935,-13.8823],[126.59065,-13.88359],[126.59384,-13.88156],[126.59553,-13.88341],[126.59705,-13.8789],[126.59298,-13.87793],[126.58921,-13.88027],[126.58935,-13.8823]]],[[[126.45316,-13.95798],[126.45004,-13.96396],[126.45374,-13.9634],[126.45432,-13.9573],[126.45663,-13.95436],[126.45536,-13.95504],[126.45455,-13.95368],[126.45316,-13.95493],[126.45316,-13.95798]]],[[[126.0007,-13.98007],[126.00352,-13.97628],[126.00116,-13.97397],[125.99768,-13.97823],[126.0007,-13.98007]]],[[[127.57099,-14.11126],[127.57225,-14.11297],[127.57365,-14.1123],[127.57149,-14.10641],[127.5687,-14.10763],[127.57099,-14.11126]]],[[[125.738,-14.09136],[125.74054,-14.09397],[125.74401,-14.09239],[125.73927,-14.09103],[125.738,-14.08888],[125.73499,-14.08944],[125.73534,-14.09091],[125.738,-14.09136]]],[[[125.60729,-14.12412],[125.60695,-14.12254],[125.60521,-14.12332],[125.60567,-14.12468],[125.60405,-14.12524],[125.60241,-14.12975],[125.60565,-14.1301],[125.60555,-14.1266],[125.60729,-14.12412]]],[[[126.89459,-13.97918],[126.89215,-13.97602],[126.89031,-13.9775],[126.8917,-13.9802],[126.89448,-13.98088],[126.89459,-13.97918]]],[[[127.11225,-13.90436],[127.1112,-13.90625],[127.11621,-13.9017],[127.11466,-13.89941],[127.11573,-13.89658],[127.11386,-13.89761],[127.11225,-13.90436]]],[[[125.65696,-14.15834],[125.65939,-14.15721],[125.6594,-14.15371],[125.65686,-14.1519],[125.65696,-14.15834]]],[[[126.79056,-13.76605],[126.79205,-13.76897],[126.79269,-13.76105],[126.79056,-13.76605]]],[[[126.86334,-13.96231],[126.86293,-13.95833],[126.8582,-13.95801],[126.86334,-13.96231]]],[[[126.35677,-13.75936],[126.36451,-13.75359],[126.3578,-13.75664],[126.35677,-13.75936]]],[[[126.55523,-14.14888],[126.55823,-14.1457],[126.55199,-14.1472],[126.55523,-14.14888]]],[[[125.72469,-14.09427],[125.72723,-14.09416],[125.7277,-14.09292],[125.72608,-14.0901],[125.72435,-14.09066],[125.72469,-14.09427]]],[[[125.69864,-14.1529],[125.69967,-14.15471],[125.70072,-14.15268],[125.69922,-14.14895],[125.69864,-14.1529]]],[[[127.12785,-13.96101],[127.12856,-13.9623],[127.13179,-13.95721],[127.12785,-13.96101]]],[[[126.82997,-13.97537],[126.83182,-13.97277],[126.82812,-13.97368],[126.82997,-13.97537]]],[[[127.54993,-14.09357],[127.54762,-14.09358],[127.54934,-14.09696],[127.54993,-14.09357]]],[[[125.74779,-14.10922],[125.74907,-14.10505],[125.74676,-14.10719],[125.74779,-14.10922]]],[[[126.56945,-14.01357],[126.56662,-14.01379],[126.56868,-14.01615],[126.56991,-14.01548],[126.56945,-14.01357]]],[[[126.59492,-13.89941],[126.5909,-13.90262],[126.59333,-13.90204],[126.59492,-13.89941]]],[[[126.76459,-13.78451],[126.76913,-13.78105],[126.76486,-13.78298],[126.76459,-13.78451]]],[[[125.74828,-14.09929],[125.74955,-14.09748],[125.74759,-14.09635],[125.74689,-14.09827],[125.74828,-14.09929]]],[[[126.58574,-13.90638],[126.58743,-13.90864],[126.58746,-13.90498],[126.58574,-13.90638]]],[[[127.13034,-13.96375],[127.12847,-13.96564],[127.13325,-13.96321],[127.13269,-13.96231],[127.13034,-13.96375]]],[[[126.58867,-13.90604],[126.59015,-13.90563],[126.58997,-13.90388],[126.58801,-13.90424],[126.58867,-13.90604]]],[[[126.80165,-13.98819],[126.80315,-13.9857],[126.80096,-13.98661],[126.80165,-13.98819]]],[[[125.6499,-14.06926],[125.65187,-14.0661],[125.65013,-14.067],[125.6499,-14.06926]]],[[[126.99713,-13.76637],[126.99919,-13.76462],[126.99733,-13.76407],[126.99713,-13.76637]]],[[[126.10603,-13.90143],[126.10707,-13.8994],[126.10465,-13.8985],[126.10407,-13.90075],[126.10603,-13.90143]]],[[[127.56336,-14.10782],[127.56577,-14.10738],[127.56364,-14.10586],[127.56336,-14.10782]]],[[[127.19258,-13.90026],[127.19408,-13.89936],[127.19257,-13.898],[127.19258,-13.90026]]],[[[127.49521,-14.05768],[127.4968,-14.05604],[127.49592,-14.05503],[127.49446,-14.05526],[127.49521,-14.05768]]],[[[127.58975,-14.13673],[127.59247,-14.13629],[127.59033,-14.13522],[127.58975,-14.13673]]],[[[126.83379,-13.9722],[126.83505,-13.97028],[126.83263,-13.97062],[126.83379,-13.9722]]],[[[127.02146,-13.81001],[127.02009,-13.80927],[127.0188,-13.81054],[127.02146,-13.81001]]],[[[125.8742,-14.06352],[125.87582,-14.06307],[125.8749,-14.06172],[125.87316,-14.06284],[125.8742,-14.06352]]],[[[127.04976,-13.83772],[127.04736,-13.83786],[127.04908,-13.83889],[127.04976,-13.83772]]],[[[126.87168,-13.9819],[126.87356,-13.98068],[126.87061,-13.98077],[126.87168,-13.9819]]],[[[126.54454,-14.01248],[126.54574,-14.01447],[126.54559,-14.01243],[126.54454,-14.01248]]],[[[126.83719,-13.96617],[126.83799,-13.96493],[126.83695,-13.96448],[126.83591,-13.9655],[126.83719,-13.96617]]],[[[126.70987,-13.94339],[126.71057,-13.94226],[126.70798,-13.94252],[126.70987,-13.94339]]],[[[126.83802,-13.95355],[126.8393,-13.95299],[126.83756,-13.95242],[126.83802,-13.95355]]]]},"properties":{"shapeName":"Western Australia","shapeISO":"AU-WA","shapeID":"82085004B93533858076668","shapeGroup":"AUS","shapeType":"ADM1"}}]}